key,comp_level,set_number,match_number,team_key,start_Pos_5isBlue,a_Net,a_Proc,a_L4,a_L3,a_L1,t_Defense,a_L2,t_timeFrozen,t_Net,t_Proc,t_L4,t_L3,t_L2,t_L1,t_reefAlgae,t_Tipped,auto_Notes,endgame_Notes,match_Scouter,end_Pos,tele_Notes,a_Leave,a_Station,a_reefAlgae,r1,b1,b3,r2,b2,r3,ba_redscore,ba_bluescore,no_show
2025orwil_qm1,qm,1,1,frc9430,4,0,0,0,0,0,1,0,0,0,0,0,0,1,0,0,0,Drove towards source as if they were about to intake but didn't do anything,parked just fine,Naman,Park,played effective defense majority of time,1,0,0,frc9430,frc2915,frc9600,frc3024,frc1595,frc2733,-1,-1,0
2025orwil_qm1,qm,1,1,frc3024,3,0,0,0,0,0,0,0,0,0,2,1,0,0,0,3,0,no auto,climbs pretty fast,Cayden,Deep Climb,"Missed processes, very slow with algae, no cycles of coral",0,0,0,frc9430,frc2915,frc9600,frc3024,frc1595,frc2733,-1,-1,0
2025orwil_qm1,qm,1,1,frc2733,1,0,0,0,0,0,0,0,0,0,0,2,0,0,0,0,0,"Auto was just leaving, and attempting to place one coral on l4, which missed","Didn't do anything, tried to place",Dev Sharma,None,"Cycle time was slow, as human feeding/station collecting was highly unreliable. Placing was wobbly, manual, and unreliable. Had an innovative collecting and placing mechanism however.",1,0,0,frc9430,frc2915,frc9600,frc3024,frc1595,frc2733,-1,-1,0
2025orwil_qm1,qm,1,1,frc2915,3,0,0,0,0,0,0,0,0,0,0,1,0,2,0,0,0,tried to do the coral in auto but was not able to ,"parked, tried to climb but did not have enough time",Shubhi ,Park,did comparatavely well but only scored 2 teleop point ,1,0,0,frc9430,frc2915,frc9600,frc3024,frc1595,frc2733,-1,-1,0
2025orwil_qm1,qm,1,1,frc1595,1,0,0,0,0,1,0,0,5,0,1,1,0,0,0,1,0,removed algae,parked,noor,Park,was frozen for five secs,0,1,1,frc9430,frc2915,frc9600,frc3024,frc1595,frc2733,-1,-1,0
2025orwil_qm1,qm,1,1,frc9600,4,0,0,0,0,1,0,0,0,0,4,0,0,0,2,2,0,"Successful with placing preloaded coral, attempt to collect 2 more but left station too quick",I'm not sure weather shallow or deep,Ave wilson,Deep Climb,very algae focused,1,0,0,frc9430,frc2915,frc9600,frc3024,frc1595,frc2733,-1,-1,0
2025orwil_qm10,qm,1,10,frc6696,1,0,0,1,0,0,0,0,0,4,0,1,2,0,0,5,0,Decent auto with one coral,parked,Naman,Park,very well rounded robot as it is extremely capable of scoring in barge with eight percent success rate and can also consistently score coral,1,0,0,frc6696,frc2733,frc3673,frc4662,frc4043,frc753,-1,-1,0
2025orwil_qm10,qm,1,10,frc4662,4,0,0,0,0,0,0,0,0,0,0,4,0,0,0,1,0,leave,no park or climb,cayden,None,"slow at coral, takes a long time to place",1,0,0,frc6696,frc2733,frc3673,frc4662,frc4043,frc753,-1,-1,0
2025orwil_qm10,qm,1,10,frc753,3,0,0,0,0,0,0,0,0,0,0,4,1,1,0,0,0,"They moved around sporadically for a short period of time, then A-stopped.","Tried to do deep cage climb, but didn't quite get up.",Dev Sharma,Park,"Cycles were solid and somewhat efficient, their collecting was relatively reliable, and placed 4 coral on L4,and one on L3 and L2.",1,0,0,frc6696,frc2733,frc3673,frc4662,frc4043,frc753,-1,-1,0
2025orwil_qm10,qm,1,10,frc2733,3,0,0,0,0,0,0,0,0,0,0,4,3,0,0,0,0,left the start zone and attempted to score.,kept scoring coral throughout endgame.,Samara D'Souza,None,good at scoring coral and worked quickly and efficiently.,1,0,0,frc6696,frc2733,frc3673,frc4662,frc4043,frc753,-1,-1,0
2025orwil_qm10,qm,1,10,frc4043,4,0,0,2,0,0,0,0,0,0,0,6,3,2,0,1,0,"Removed algae as they moved up to place, ran 2 algae cycles",Climbed deep climb,Pranav,Deep Climb,"Really fast robot, very accurate and able to place on l2-l4 very consistently. Ran multiple cycles and continued to place and collect",0,1,1,frc6696,frc2733,frc3673,frc4662,frc4043,frc753,-1,-1,0
2025orwil_qm10,qm,1,10,frc3673,1,0,0,0,0,0,0,0,0,0,0,0,0,4,0,2,0,n/a,"good, attempted and succeeded ",Ave Wilson ,Deep Climb,good at l2 bad at others ,0,0,0,frc6696,frc2733,frc3673,frc4662,frc4043,frc753,-1,-1,0
2025orwil_qm11,qm,1,11,frc1595,3,0,0,0,0,0,0,0,25,0,1,0,0,0,0,1,0,Their auto was really nothing. They just moved forward a little bit.,"For they endgame they finished with a  algae and then went to the barge and parked, could potentially climb? To small and inificent to be useful ",Hendrix Day,Park,"at the begining they were just standing stil. Then they unfroze and then tried to score a coral but it was unsuccessful. They mainly focused on algae, they got 1 of and took a long time to score it p ",1,0,0,frc1595,frc4488,frc1844,frc5975,frc2550,frc1540,-1,-1,0
2025orwil_qm11,qm,1,11,frc5975,5,0,0,0,0,0,0,0,0,0,0,0,0,0,1,0,1,They left but didn't do anything after that,climbed but didn't quite make it,Adam :),Park,they only scored one in l1 so poor performance ,1,0,0,frc1595,frc4488,frc1844,frc5975,frc2550,frc1540,-1,-1,0
2025orwil_qm11,qm,1,11,frc1540,1,0,0,0,0,0,0,0,0,0,0,0,0,0,5,0,0,"got stuck on the reef, sble to free itself in teleop",Aggressive climb attempt,Ronan Nothwang,Park,"They have the ability to score higher than L1, but only scored L1 using their intake rather than their elevator grabber system.",1,0,0,frc1595,frc4488,frc1844,frc5975,frc2550,frc1540,-1,-1,0
2025orwil_qm11,qm,1,11,frc4488,4,0,0,1,0,0,0,0,0,0,0,8,0,0,0,0,0,"left the start zone, scored coral and went to the station to collect another piece but ran out of time.",attempted to climb but wasn't able to.,Samara D'Souza,Park,very consistent in scoring coral on L4.,1,0,0,frc1595,frc4488,frc1844,frc5975,frc2550,frc1540,-1,-1,0
2025orwil_qm11,qm,1,11,frc2550,3,0,0,2,0,1,0,0,0,0,0,5,0,0,2,2,0,scored a lot on level 4 coral (1540),did not climb or park ,pranay,None,got stuck in the reef for some seconds then got unstuck ,0,0,0,frc1595,frc4488,frc1844,frc5975,frc2550,frc1540,-1,-1,0
2025orwil_qm11,qm,1,11,frc1844,4,0,0,0,0,0,1,0,0,0,0,0,0,0,0,0,0,just moved out for auto ,they play defense to the last second then parked,Eli,Park,"went straight to defense did a great job blocking coral from going to opposing team
",1,0,0,frc1595,frc4488,frc1844,frc5975,frc2550,frc1540,-1,-1,0
2025orwil_qm12,qm,1,12,frc997,3,0,0,0,0,0,0,0,0,0,0,7,0,0,0,0,0,"For this match they just moved forward to get leave points, maybe intentional ","Kept on going and scoring coral, then at the end burst in, climb? Maybe",Hendrix Day,Park,"focused on coral was able to collect and move good, but was more shakky with placing the coral, the driver had to manually one it up which could be time counsuming",1,0,0,frc997,frc2915,frc2811,frc10444,frc9430,frc1359,-1,-1,0
2025orwil_qm12,qm,1,12,frc10444,2,0,0,0,0,0,0,0,50,0,0,0,0,0,0,4,0,didnt do anything in auto except leave,they died,adam :),None,they seamed to be an algae and processor robot. they died for 50 seconds,1,0,0,frc997,frc2915,frc2811,frc10444,frc9430,frc1359,-1,-1,0
2025orwil_qm12,qm,1,12,frc1359,4,0,0,0,0,0,0,0,0,0,0,0,0,0,0,0,0,Slow leave,"able to climb, Priortity is climb rather than cycle times of algae and coral",Ronan Nothwang,None,Extremely slow drive and inaccurate intaking of coral. Highly expect low rank due to poor cycling,1,0,0,frc997,frc2915,frc2811,frc10444,frc9430,frc1359,-1,-1,0
2025orwil_qm12,qm,1,12,frc2915,3,0,0,0,0,0,1,0,0,0,0,0,0,0,0,0,0,left the start zone but didn't make an effort to score.,attempted to climb but didn't succeed.,Samara D'Souza,Park,"couldn't grab coral peices or score them on the reef, so it went to the other side to play defense.",1,0,0,frc997,frc2915,frc2811,frc10444,frc9430,frc1359,-1,-1,0
2025orwil_qm12,qm,1,12,frc9430,2,0,1,1,0,0,0,0,0,0,0,3,0,0,0,3,0,scored a lot in level 3 and level 4 ,was able to climb a little bit but not able to deep climb ,pranay,Shallow Climb,red got 58 points and won ,0,6,4,frc997,frc2915,frc2811,frc10444,frc9430,frc1359,-1,-1,0
2025orwil_qm12,qm,1,12,frc2811,3,0,0,1,0,0,0,0,0,0,0,8,0,0,0,0,0,attempted three coral auto made the first missed second and collected and got close to the last coral on,climbed deep in under fifteen seconds.,Eli ,Deep Climb,just did level four coral missed collecting from the source a few times almost fell,1,2,0,frc997,frc2915,frc2811,frc10444,frc9430,frc1359,-1,-1,0
2025orwil_qm13,qm,1,13,frc2733,3,0,0,0,0,0,0,0,4,0,0,2,2,0,0,0,0,"For auto went forward,then placed a coral, it barely missed going in.1 coral","Tried to keep scoring but were to slow to score, attempted to park but did not. Climb, maybe?",Hendrix day,None,"Had algae capability, but focused the coral, they took 10-15 seconds per cycle. They took a lot of time to get coral from the Coral station ad it took time for them place the coral without missing it.",1,0,0,frc2733,frc4692,frc3024,frc9567,frc2374,frc2521,-1,-1,0
2025orwil_qm13,qm,1,13,frc9567,1,,,,,,,,,,,,,,,,0,,,,None,,,,,frc2733,frc4692,frc3024,frc9567,frc2374,frc2521,-1,-1,0
2025orwil_qm13,qm,1,13,frc2521,5,0,0,1,0,0,0,0,0,0,0,2,4,1,2,0,0,"L4,Missed L1 causing the miss of another cycle",Did not attempt barge park,Ronan Nothwang,None,"Fast cycles, alage removal and coral placement",0,0,0,frc2733,frc4692,frc3024,frc9567,frc2374,frc2521,-1,-1,0
2025orwil_qm13,qm,1,13,frc4692,1,0,0,0,0,0,0,0,0,0,0,3,2,1,0,0,0,Auto missed the L4 placement,didn't attempt climb,Emmett Bickel,None,,1,0,0,frc2733,frc4692,frc3024,frc9567,frc2374,frc2521,-1,-1,0
2025orwil_qm13,qm,1,13,frc2374,3,0,0,0,0,0,0,2,0,1,0,6,1,0,0,0,0,the autonomus mode of the robot was able to get coral on l3 and then got 1 alage in the reef ,only able to park ,pranay,Park,got 6 coral on l4 and one coral on ,0,0,0,frc2733,frc4692,frc3024,frc9567,frc2374,frc2521,-1,-1,0
2025orwil_qm13,qm,1,13,frc3024,3,0,0,0,0,0,0,0,82,0,0,0,0,0,0,2,0,didn't move during auto,,Eli,None,wandered around for twenty seconds then removed two alg then didn't move for the rest of the game,0,0,0,frc2733,frc4692,frc3024,frc9567,frc2374,frc2521,-1,-1,0
2025orwil_qm14,qm,1,14,frc3673,5,0,0,0,0,0,0,0,0,0,0,0,1,2,0,1,0,Just moved forward,"they tried to continue scoring, but then did not try and climb, may not be able to climb",Hendrix Day,Park,"Their telop could be good, they were able to remove a algae, station collect fast and move decently. They did struggle though with placing coral, they were sussucful less than half the times and L1, L",1,0,0,frc3673,frc5975,frc6831,frc6443,frc1425,frc5970,-1,-1,0
2025orwil_qm14,qm,1,14,frc6443,1,0,0,0,0,0,0,0,0,0,0,0,0,4,1,0,0,Missed auto because flag waving but I know they left start,Tried deep climb but failed,Pranav,Park,"Scored consistently and well on L2, good speedy bot and able to score well. Continued to run only L2 cycles all matches",1,0,0,frc3673,frc5975,frc6831,frc6443,frc1425,frc5970,-1,-1,0
2025orwil_qm14,qm,1,14,frc5970,1,0,0,0,0,0,1,0,0,0,0,0,0,0,0,0,0,Left,No park,Ronan Nothwang,None,Defended poorly against our alliance,1,0,0,frc3673,frc5975,frc6831,frc6443,frc1425,frc5970,-1,-1,0
2025orwil_qm14,qm,1,14,frc5975,3,0,0,0,0,0,0,0,0,0,0,0,0,0,2,0,0,,,Emmett,None,looks like they are only able to score on L1,1,0,0,frc3673,frc5975,frc6831,frc6443,frc1425,frc5970,-1,-1,0
2025orwil_qm14,qm,1,14,frc1425,2,0,0,7,1,0,0,0,0,0,0,5,0,0,0,0,0,was able to score on l4 con,able to deep climb ,pranay,Shallow Climb,able to score a lot even in autnomus mode ,0,0,1,frc3673,frc5975,frc6831,frc6443,frc1425,frc5970,-1,-1,0
2025orwil_qm14,qm,1,14,frc6831,5,0,0,0,0,1,0,0,0,0,0,0,2,0,1,2,0,scored one level one coral then wandered around,park at the last minute,Eli,Park,almost fell over attempted to removed all before successfully removing,1,0,0,frc3673,frc5975,frc6831,frc6443,frc1425,frc5970,-1,-1,0
2025orwil_qm15,qm,1,15,frc753,3,0,0,0,0,0,0,0,0,0,0,2,0,0,0,2,0,"their auto was okay, the attempted to score a coral but were unsucesful","Attempted to climb, but was obstructed by a coral that fell in the robot",Hendrix Day,Park,"they were only able to remove alage and not collect them, were a okay coral robot, so etimes station collect was slow, other cycles, they whiffed the coral. About a 30-40% success rate",1,0,0,frc753,frc3674,frc4662,frc6343,frc1844,frc4488,-1,-1,0
2025orwil_qm15,qm,1,15,frc6343,1,0,0,0,0,0,0,0,0,0,0,4,0,0,0,1,0,"Attempted to score preloaded on L4 but missed, grabbed coral from a lollipop with ground intake, attempted L4 but missed",Continued to try placing coral on reef,Pranav,None,"Ran consistent L4 cycles, always grabbed from station, sometimes tried ground but inaccurate, great at placing L4, not very accurate or good at lower levels. Fast cycle times",1,0,0,frc753,frc3674,frc4662,frc6343,frc1844,frc4488,-1,-1,0
2025orwil_qm15,qm,1,15,frc4488,4,0,0,1,0,0,0,0,5,0,0,2,1,0,0,0,0,Attempted L1,"Love the rainbow, quick park",Ronan Nothwang,Park,"Slow cycle times, Possible manual coral placement",1,0,0,frc753,frc3674,frc4662,frc6343,frc1844,frc4488,-1,-1,0
2025orwil_qm15,qm,1,15,frc3674,5,0,0,2,0,0,0,0,0,0,0,6,2,2,0,1,0,,,Emmett Bickel,Deep Climb,Very reliable scoring coral,1,2,0,frc753,frc3674,frc4662,frc6343,frc1844,frc4488,-1,-1,0
2025orwil_qm15,qm,1,15,frc1844,1,0,0,4,0,0,0,0,0,0,0,4,0,0,1,0,0,this team was able to score on l4 and l3 ,able to deep climb ,pranay,Deep Climb,scored some alage on the reef ,0,0,0,frc753,frc3674,frc4662,frc6343,frc1844,frc4488,-1,-1,0
2025orwil_qm15,qm,1,15,frc4662,5,0,0,0,0,0,0,0,0,0,0,4,2,0,0,1,0,didn't move during auto,Parked in the last seconds,Eli,Park,had trouble getting level four coral but did it slowly. removed one alg ant then did two level threes pretty easly,0,0,0,frc753,frc3674,frc4662,frc6343,frc1844,frc4488,-1,-1,0
2025orwil_qm16,qm,1,16,frc9600,3,0,0,0,0,1,0,0,0,0,8,0,0,0,0,0,0,"Was able to score in L1, Can only score on L1",went and parked did not attempt to climb.,Hendrix Day,Park,Did not focus coral are a weak bot coral wise. They focused on algae were pretty good at getting them out of the way and scoring in the processor. Good algae bot were pretty fast at moving,1,0,0,frc9600,frc1540,frc3636,frc957,frc2811,frc4043,-1,-1,0
2025orwil_qm16,qm,1,16,frc957,4,0,0,3,0,0,0,0,0,0,0,3,2,4,0,0,0,"Ran a 3 coral auto, placed all on L4. REWATCH MATCH","Tried to climb but fell. Side note, REWATCH!!!! Best match I've ever seen",Pranav,Park,"Very fast, very consistent and very accurate bot. Able to run cycles on all levels, never saw L1... Ran really good cycles and help fill up multiple levels, including all L4",1,1,0,frc9600,frc1540,frc3636,frc957,frc2811,frc4043,-1,-1,0
2025orwil_qm16,qm,1,16,frc4043,1,0,0,2,0,0,0,0,0,0,0,2,2,2,1,1,0,"decent auto, missed levels","Effficient climb, slow start tho",Ronan Nothwang (R.N.),Deep Climb,Multiple missed coral. Final score 179,1,1,1,frc9600,frc1540,frc3636,frc957,frc2811,frc4043,-1,-1,0
2025orwil_qm16,qm,1,16,frc1540,3,0,0,1,0,0,0,0,0,0,0,1,4,1,1,2,0,,,Emmett Bickel,Deep Climb,Kept trying to score algae in the net but kept missing ,1,0,0,frc9600,frc1540,frc3636,frc957,frc2811,frc4043,-1,-1,0
2025orwil_qm16,qm,1,16,frc2811,1,3,0,3,0,0,0,1,0,0,0,4,4,0,0,0,0,the robot was able to score on level 3 and level 4 ,was able to shallow climb ,pranay,Shallow Climb,when the robot was in teleop they had same amount on l3 and l4m ,0,0,0,frc9600,frc1540,frc3636,frc957,frc2811,frc4043,-1,-1,0
2025orwil_qm16,qm,1,16,frc3636,5,0,0,1,0,0,0,0,0,0,0,4,5,5,1,1,0,attempted and fail a level four then made a level four.,instead of parking they tried to stay to get the coral ranking,Eli,None,missed another level four then consistently made coral where ever needed,1,0,0,frc9600,frc1540,frc3636,frc957,frc2811,frc4043,-1,-1,0
2025orwil_qm17,qm,1,17,frc6696,5,0,0,1,0,0,0,0,0,6,0,3,0,0,0,6,0,"Attempted station collect, and got 1 coral",just parked no attempt to climb.,Hendrix Day,Park,"for telop they first focused algae on the reef can not ground collect algae, were able to score on net. Could also score coral good, could station collect fast and were okay at placing them",1,0,0,frc6696,frc5468,frc1595,frc997,frc2471,frc2550,-1,-1,0
2025orwil_qm17,qm,1,17,frc997,3,0,0,1,0,0,0,0,0,0,0,5,1,0,0,0,0,"Left start, placed in L4 but just barely because alliance robot got stuck in front of them","Parked with few seconds to spare, was trying to run more cycles",Pranav,Park,"Ran good, fast cycles from station to reef, place is slow but accurate enough, takes time to line up. Able to move fast and well. Didn't manipulate algae but has mech",1,0,0,frc6696,frc5468,frc1595,frc997,frc2471,frc2550,-1,-1,0
2025orwil_qm17,qm,1,17,frc2550,1,0,0,0,0,0,0,0,0,0,2,1,0,0,0,0,0,Attempted L4,"Missed deep cage climb, missed connection",R.N.,Park,Multiple missed L4,1,0,0,frc6696,frc5468,frc1595,frc997,frc2471,frc2550,-1,-1,0
2025orwil_qm17,qm,1,17,frc5468,4,0,0,3,0,0,0,0,0,0,0,4,6,5,0,0,0,,,Emmett Bickel,Deep Climb,Consistent coral scoring,1,2,0,frc6696,frc5468,frc1595,frc997,frc2471,frc2550,-1,-1,0
2025orwil_qm17,qm,1,17,frc2471,2,0,0,4,0,0,0,1,0,0,0,6,4,0,0,0,0,was able to score a lot on l3 and l4 ,able to shallow climb ,pranay,Shallow Climb,in the teleop mode the robot was able to score a lot,0,0,0,frc6696,frc5468,frc1595,frc997,frc2471,frc2550,-1,-1,0
2025orwil_qm17,qm,1,17,frc1595,3,0,0,0,0,0,1,0,0,0,2,0,0,0,0,0,0,did nothing ,parked ,Adam Mahmoud,Park,scored some processer but did awesome defense,1,0,0,frc6696,frc5468,frc1595,frc997,frc2471,frc2550,-1,-1,0
2025orwil_qm18,qm,1,18,frc2521,1,0,0,1,0,0,0,0,0,0,0,4,4,3,0,0,0,"Scored their first coral station collected 2 more coral, attempted L1 twice missed both times","did not try to park or climb, only kept scoring",Hendrix Day,None,"they are a very good coral robot, was able to score on all levels. Good station collect and were able to place Coistently. Would recommend.",1,1,0,frc2521,frc6443,frc3674,frc2915,frc753,frc3024,-1,-1,0
2025orwil_qm18,qm,1,18,frc2915,2,0,0,0,0,0,0,0,0,0,0,0,1,0,0,0,0,Just left,,,Park,"Not a very good bot. Unable to hold coral or place it accurately. Very bad coral holding system, slight movement dislodges and elevator is incredibly slow. Tried placing in L2 and 3 all match but fail",1,0,0,frc2521,frc6443,frc3674,frc2915,frc753,frc3024,-1,-1,0
2025orwil_qm18,qm,1,18,frc3024,3,0,0,0,0,1,0,0,0,0,2,0,0,2,0,2,0,Launched coral at L4 height into L.. Idk,"Looked like attempted deep climb, no visible climber",Ronan N,Park,Multiple algae cycles,1,0,0,frc2521,frc6443,frc3674,frc2915,frc753,frc3024,-1,-1,0
2025orwil_qm18,qm,1,18,frc6443,4,0,0,0,0,0,0,0,0,0,0,3,0,0,3,0,0,Left and prepared for l4 score,,Emmett Bickel,Park,"Coral collection was not consistant, needs to be perfectly straight to score l4",1,0,0,frc2521,frc6443,frc3674,frc2915,frc753,frc3024,-1,-1,0
2025orwil_qm18,qm,1,18,frc753,1,0,2,0,3,0,0,0,0,0,0,3,0,0,0,3,0,the robot was able to score on l3 and l2 ,robot only parked and ran out of time to park ,pranay,Park,in teleop the robot was able to ,0,0,3,frc2521,frc6443,frc3674,frc2915,frc753,frc3024,-1,-1,0
2025orwil_qm18,qm,1,18,frc3674,5,0,0,0,0,1,0,0,0,0,0,4,5,1,0,2,0,missed two note auto,scored two more l4then parked,Adam Mahmoud ,Park,had really good l3 also was really good st geffjng algsi,1,1,0,frc2521,frc6443,frc3674,frc2915,frc753,frc3024,-1,-1,0
2025orwil_qm19,qm,1,19,frc2811,1,0,0,1,0,0,0,0,2,0,2,1,3,2,1,2,0,Good auto missed first L4 station collected twice and if they had 2 more seconds they would have scored another coral,"was able to deep climb, very fast",Hendrix day,Deep Climb,"okay algae were able to remove fast but it took a lot of time to score in the processor their coral was pretty good, they were able to station collect fast, they were consistent at scoring coral, medi",1,2,0,frc2811,frc4662,frc4692,frc4043,frc9567,frc1425,-1,-1,0
2025orwil_qm19,qm,1,19,frc4043,1,0,0,1,0,0,0,0,0,0,0,7,0,0,0,0,0,Missed auto. Review vids. Left start,Deep climbed at the end with all alliance members climbed. All 3 red robots climbed deep,,Deep Climb,"Ran fast and consistent cycles, missed on L4 frequently but not that bad. Speedy bot and fairly accurate. Had problems with placing",1,0,0,frc2811,frc4662,frc4692,frc4043,frc9567,frc1425,-1,-1,0
2025orwil_qm19,qm,1,19,frc1425,3,0,0,1,0,0,0,0,0,0,0,1,5,4,1,0,0,Attempted Net score,Triple deep climb,Ronan Nothwang,Deep Climb,"11 coral cycles, Efficient, highly recommend for alliance selection ;)",1,0,0,frc2811,frc4662,frc4692,frc4043,frc9567,frc1425,-1,-1,0
2025orwil_qm19,qm,1,19,frc4662,3,0,0,0,0,0,0,0,0,0,0,4,2,0,0,1,0,"Auto was set up wrong, went toward edge of field",,Emmett,None,Slow but fairly consistent scoring coral,1,0,0,frc2811,frc4662,frc4692,frc4043,frc9567,frc1425,-1,-1,0
2025orwil_qm19,qm,1,19,frc9567,2,0,0,3,0,0,0,0,0,0,0,2,3,2,2,0,0,in the automode the robot was able to score on l4 ,was able to deep climb ,pranay,Deep Climb,during the teleop mode was able to score on l3 and l4 ,0,0,1,frc2811,frc4662,frc4692,frc4043,frc9567,frc1425,-1,-1,0
2025orwil_qm19,qm,1,19,frc4692,1,0,0,1,0,0,0,0,0,0,0,5,0,0,0,1,0,one note auto,no park,Adam Mahmoud ,None,good l4 but slow,1,0,0,frc2811,frc4662,frc4692,frc4043,frc9567,frc1425,-1,-1,0
2025orwil_qm2,qm,1,2,frc4488,3,0,0,0,0,0,0,0,0,0,0,5,1,0,0,0,0,Went for level four but ultimately missed,parked,Naman,Park,amazing and pretty satisfying level for placement but cycle times are very slow because of small intake preventing fastest cycle times,1,0,0,frc4488,frc4043,frc6343,frc6443,frc5975,frc9567,-1,-1,0
2025orwil_qm2,qm,1,2,frc6443,4,0,0,1,0,0,0,0,0,0,0,6,1,0,0,0,0,auto was pretty accurate ,Late climb but made it,cayden,Deep Climb,"slow at placing coral, no algae",1,1,0,frc4488,frc4043,frc6343,frc6443,frc5975,frc9567,-1,-1,0
2025orwil_qm2,qm,1,2,frc9567,1,0,0,0,0,1,1,0,0,0,0,0,0,0,0,0,0,Auto was simple- moving forward and placing L1 (robot can only place L1),Didn't park or climb,Dev Sharma,None,"Teleop was defense, and their robot moved slowly, and was constantly wobbling and tipping over. However, they did play somewhat effective defense",1,0,0,frc4488,frc4043,frc6343,frc6443,frc5975,frc9567,-1,-1,0
2025orwil_qm2,qm,1,2,frc4043,5,0,0,5,0,1,0,0,0,0,0,5,0,0,0,0,0,Was able to score a lot on 4,Robot was able to deep climb for 6643,Pranay,Shallow Climb,Had trouble getting coral on level 3 ,0,0,0,frc4488,frc4043,frc6343,frc6443,frc5975,frc9567,-1,-1,0
2025orwil_qm2,qm,1,2,frc5975,3,0,0,0,0,0,0,0,0,0,0,0,0,0,0,0,0,"Left start, didn't do anything else",Parked at the end,Pranav ,Park,"Didn't do much the entire match. Grabbed coral from station twice and tried to place in L1 but failed. Very slow bot, wandered aimlessly around the field and seemed very confused. Constantly in way",1,0,0,frc4488,frc4043,frc6343,frc6443,frc5975,frc9567,-1,-1,0
2025orwil_qm2,qm,1,2,frc6343,1,0,0,0,0,0,0,0,0,0,0,5,3,0,0,2,0,Missed coral,no attempt to climb,ave wilson,None,inacurrate with placing ,1,0,0,frc4488,frc4043,frc6343,frc6443,frc5975,frc9567,-1,-1,0
2025orwil_qm20,qm,1,20,frc3636,5,0,0,1,0,0,0,0,0,1,0,10,1,0,0,1,0,"2 coral auto, only got one",just kept scoring algea,Hendrix,None,"really fast cycle time, really reliable coral placement and net placement.",0,2,0,frc3636,frc4488,frc2733,frc9430,frc5468,frc1844,-1,-1,0
2025orwil_qm20,qm,1,20,frc9430,4,0,0,0,0,0,0,0,0,0,0,0,3,0,0,1,0,Missed L2 preloaded place went to station but didnt grab,Climbed deep immediately,Pranav,None,Kind of fast bot but not very good. Collection and place is not very accurate and misses consistently. Doesn't hold coral very well and slips out easily. Tried running L3 and L2 constant but made few,0,0,0,frc3636,frc4488,frc2733,frc9430,frc5468,frc1844,-1,-1,0
2025orwil_qm20,qm,1,20,frc1844,3,0,0,0,0,0,1,0,0,0,0,0,0,0,0,0,0,5 second pause before leave,In the way,Ronan N,Park,"Defence, not super effective",1,0,0,frc3636,frc4488,frc2733,frc9430,frc5468,frc1844,-1,-1,0
2025orwil_qm20,qm,1,20,frc4488,2,0,0,1,0,0,0,0,0,0,0,4,0,2,1,0,0,1 coral and collect,,Emmett,Deep Climb,Fairly reliable coral scoring in all levels,0,1,0,frc3636,frc4488,frc2733,frc9430,frc5468,frc1844,-1,-1,0
2025orwil_qm20,qm,1,20,frc5468,1,0,0,0,0,1,0,0,0,0,0,4,3,0,0,0,0,during the robot auto the robot was able to score on L1 and L2 ,,,Shallow Climb,was able to ,0,0,0,frc3636,frc4488,frc2733,frc9430,frc5468,frc1844,-1,-1,0
2025orwil_qm20,qm,1,20,frc2733,4,0,0,0,0,0,0,0,0,0,0,3,3,0,0,1,0,no auto,rushed to park last second,Eli,Park,took lots of time for each cycle,0,0,0,frc3636,frc4488,frc2733,frc9430,frc5468,frc1844,-1,-1,0
2025orwil_qm21,qm,1,21,frc957,2,0,0,1,0,0,0,0,0,0,0,9,0,0,0,0,0,A stoped for half the time period,Went in early on and climbed in 10 sec,Aarush Vegesna,Deep Climb,"really fast and reliable cycle time, scored 9",1,0,0,frc957,frc6343,frc9600,frc1595,frc6831,frc2550,-1,-1,0
2025orwil_qm21,qm,1,21,frc1595,3,0,0,0,0,0,1,0,0,0,0,0,0,0,0,0,0,starts in the center and drives straight out to the face closest to the barge,Attempted to deep climb... ended up parking,LILY VU,Park,Aggressive defense... angry short people vibes,1,0,0,frc957,frc6343,frc9600,frc1595,frc6831,frc2550,-1,-1,0
2025orwil_qm21,qm,1,21,frc2550,1,0,0,1,0,0,0,0,0,0,0,3,0,0,0,0,0,scored in the L4. Tried to get from the source but was unable to,It deep climbed but take a long time,Shubhi,Deep Climb,Scored a lot of point in the L4. Sometimes fumbled while collecting form the source and was slow to collect,0,0,0,frc957,frc6343,frc9600,frc1595,frc6831,frc2550,-1,-1,0
2025orwil_qm21,qm,1,21,frc6343,1,0,0,2,0,0,0,0,0,0,0,6,0,0,0,0,0,Auto moves a bit slow. Nothing spectacular,"Prioritized scoring, missed last L4 and wound up running out of time to park.",Sam,None,Station collect is very unreliable. would spit out 2 or 3 coral in a row before reverting to ground collect. Ground collect and L4 scoring are pretty reliable though.,1,0,0,frc957,frc6343,frc9600,frc1595,frc6831,frc2550,-1,-1,0
2025orwil_qm21,qm,1,21,frc6831,4,0,0,0,0,0,0,0,0,0,0,0,5,1,0,3,0,Only moved to the coral,,Bianca,Park,mainly just level 3,1,0,0,frc957,frc6343,frc9600,frc1595,frc6831,frc2550,-1,-1,0
2025orwil_qm21,qm,1,21,frc9600,3,0,0,0,0,1,0,0,0,0,8,0,0,0,0,0,0,,,Arush,Park,"Goes to other side for algae, only processes",1,0,0,frc957,frc6343,frc9600,frc1595,frc6831,frc2550,-1,-1,0
2025orwil_qm22,qm,1,22,frc2374,3,0,0,0,0,0,0,0,0,0,0,4,1,0,0,1,0,"1 coral auto, failed","parked early, and wasted the rest of the time",Aarush Vegesna,Park,"about 70% reliable, moderately fast cycle time, and able to make algea in net, but unreliable",1,0,0,frc2374,frc3673,frc2471,frc1540,frc997,frc6696,-1,-1,0
2025orwil_qm22,qm,1,22,frc1540,1,0,0,1,0,0,0,0,0,2,0,4,6,0,1,2,0,MISSED 2 CORAL PLACEMENTS,3 SECOND CLIMB TIME,LILY VU,Deep Climb,PLACEMENT WAS QUITE SMOOTH AND VERY EFFICIENT. SATISFYING TO WATCH AND OBSERVE,1,2,0,frc2374,frc3673,frc2471,frc1540,frc997,frc6696,-1,-1,0
2025orwil_qm22,qm,1,22,frc6696,5,0,0,0,0,0,0,0,0,0,0,1,0,0,0,0,0,did not to that good wasn't fast enough,Got stuck while getting from the source,Noor,None,It did good in the start but fumbled and stopped at the end,0,0,0,frc2374,frc3673,frc2471,frc1540,frc997,frc6696,-1,-1,0
2025orwil_qm22,qm,1,22,frc3673,1,0,0,0,0,0,0,0,0,0,0,0,3,2,0,3,0,"Attempted to score L0, failed","Tried to get in one last coral, abandoned effort with no time to attempt climb",Sam,Park,Alignment to reef appears manual and is very slow and tedious. Even a small bump by a partner required a total reset.,1,0,0,frc2374,frc3673,frc2471,frc1540,frc997,frc6696,-1,-1,0
2025orwil_qm22,qm,1,22,frc997,3,0,0,1,0,0,0,0,0,0,0,3,1,0,0,2,0,Got a high one,,Bianca,Park,it mostly just went for level four and had about a 75% success rate,1,0,0,frc2374,frc3673,frc2471,frc1540,frc997,frc6696,-1,-1,0
2025orwil_qm22,qm,1,22,frc2471,3,0,0,1,0,0,0,0,0,0,0,4,2,0,0,0,0,,Tried climb but but touching ground,Arush,None,misses places,1,1,0,frc2374,frc3673,frc2471,frc1540,frc997,frc6696,-1,-1,0
2025orwil_qm23,qm,1,23,frc1359,1,0,0,0,0,0,0,0,0,0,0,0,0,0,0,0,0,Moved a foot,went early and took a longtime to deep climb,Aarush Vegesna,Deep Climb,Very very very very very very very very unreliable coral collection. Tried 13 times and failed each time. Their grabber is the exact circumference of the coral. Seriously wouldn't recommend selecting.,1,0,0,frc1359,frc4692,frc5975,frc5970,frc10444,frc4662,-1,-1,0
2025orwil_qm23,qm,1,23,frc5970,3,0,0,0,0,0,1,0,0,0,0,0,0,0,0,0,0,,STRUGGLED TO CATCH ONTO THE CAGE FOR DEEP CLIMB,LILY VU,Park,,1,0,0,frc1359,frc4692,frc5975,frc5970,frc10444,frc4662,-1,-1,0
2025orwil_qm23,qm,1,23,frc4662,1,0,0,0,0,0,0,0,0,0,0,4,0,0,0,1,0,had a coral but did nothing with it,tried to score in the reef but were unable to ,Shubhi,None,Scored all the coral in L4 and did it good. But the source  collecting takes time.,1,0,0,frc1359,frc4692,frc5975,frc5970,frc10444,frc4662,-1,-1,0
2025orwil_qm23,qm,1,23,frc4692,3,0,0,1,0,0,0,0,0,0,0,3,0,0,0,1,0,"Auto is simple, after scoring by driving straight forwar, they spin back to prime for teleop.",Tried to get in one last L4 instead of parking or climbing. I think it missed?,Sam,None,"Is very wobbly at L4 height. And they like to extend immediately after collecting and drive like that, they nearly tipped over a couple of times.",1,0,0,frc1359,frc4692,frc5975,frc5970,frc10444,frc4662,-1,-1,0
2025orwil_qm23,qm,1,23,frc10444,4,0,0,0,0,0,0,0,0,0,1,0,0,0,0,5,0,Moved but thats it,couldn't climb,,Park,"could only take off algae, didn't shoot",1,0,0,frc1359,frc4692,frc5975,frc5970,frc10444,frc4662,-1,-1,0
2025orwil_qm23,qm,1,23,frc5975,5,0,0,0,0,0,0,0,0,0,0,0,0,0,2,0,0,,Failed climb,Arush,Park,DNP,1,0,0,frc1359,frc4692,frc5975,frc5970,frc10444,frc4662,-1,-1,0
2025orwil_qm24,qm,1,24,frc957,1,0,0,2,0,0,0,0,0,0,0,7,0,0,0,0,0,2 Coral auto,reliable and fast deep climb,Aarush Vegesna,Deep Climb,"fast and reliable coral placement, just got defended well",1,2,0,frc957,frc6443,frc1595,frc3024,frc2521,frc9567,-1,-1,0
2025orwil_qm24,qm,1,24,frc3024,3,0,0,0,0,0,0,0,0,6,0,0,0,0,0,6,0,MISSED L4 CORAL... EXTREMELY SLOW ELEVATOR,SUCCESSFUL DEEP CLIMB... THEN FELL,LILY VU,Park,,1,0,0,frc957,frc6443,frc1595,frc3024,frc2521,frc9567,-1,-1,0
2025orwil_qm24,qm,1,24,frc9567,1,0,0,0,0,1,1,0,0,0,0,0,0,0,1,0,0,Scored L1 in auto,parked ,Shubhi,Park,Scored L1's first but later it got stuck and was unable to score anything so started to play defense,0,0,0,frc957,frc6443,frc1595,frc3024,frc2521,frc9567,-1,-1,0
2025orwil_qm24,qm,1,24,frc6443,4,0,0,1,0,0,0,0,0,0,0,0,0,0,0,0,0,Attempted a second L4 but missed as scoring depends on location of coral within their grabber.,Climb worked,Sam,Deep Climb,"Appeared to have issues with telescoping arm, couldn't get anything done. never attempted defense either before climbing.",1,0,0,frc957,frc6443,frc1595,frc3024,frc2521,frc9567,-1,-1,0
2025orwil_qm24,qm,1,24,frc2521,0,0,0,2,0,0,0,0,0,0,2,0,0,0,0,0,0,Station collected twice but dropped the last one,,Bianca,Park,Their coral wasn't working so they switched to algae bit could only process,0,2,0,frc957,frc6443,frc1595,frc3024,frc2521,frc9567,-1,-1,0
2025orwil_qm24,qm,1,24,frc1595,3,0,0,0,0,0,1,0,0,0,0,0,0,0,0,0,0,,,arush,Park,"Not sure they cAn score
Defense only",1,0,0,frc957,frc6443,frc1595,frc3024,frc2521,frc9567,-1,-1,0
2025orwil_qm25,qm,1,25,frc2374,3,0,0,1,0,0,0,0,0,0,0,7,1,0,0,0,0,Single coral auto,Kept scoring and swiped into park last minute,Aarush Vegesna,None,Slow but reliable coral placement,1,1,0,frc2374,frc753,frc3636,frc2811,frc5468,frc997,-1,-1,0
2025orwil_qm25,qm,1,25,frc2811,4,0,0,0,0,0,0,0,0,0,0,2,2,5,1,0,0,Seemed that they weren't aligned at the start so both coral missed,,Emmett Bickel,Deep Climb,,0,1,0,frc2374,frc753,frc3636,frc2811,frc5468,frc997,-1,-1,0
2025orwil_qm25,qm,1,25,frc997,1,0,0,0,0,0,0,0,0,0,1,1,2,1,0,1,0,Did not move in auto,Parked with a coral,Shubhi,Park,Tried to scored in l4 and L3 but was slow,1,0,0,frc2374,frc753,frc3636,frc2811,frc5468,frc997,-1,-1,0
2025orwil_qm25,qm,1,25,frc753,3,0,0,0,0,0,0,0,0,0,2,0,3,1,0,1,0,"Attempted L4, failed",Deep climb cycled and failed eventually,Sam,Park,"Could be a good hybrid bot for algae and coral, not really fast with either though",1,0,0,frc2374,frc753,frc3636,frc2811,frc5468,frc997,-1,-1,0
2025orwil_qm25,qm,1,25,frc5468,2,0,0,0,0,0,0,0,0,0,0,6,3,4,0,0,0,Moved to the collection station but didn't get anything,easily climbed,Bianca,Shallow Climb,super speedy with the coral,1,0,0,frc2374,frc753,frc3636,frc2811,frc5468,frc997,-1,-1,0
2025orwil_qm25,qm,1,25,frc3636,2,0,0,0,0,0,0,0,0,1,0,6,2,0,0,0,0,,didn't try climbing,Arush,None,Missed L3 every time,1,1,1,frc2374,frc753,frc3636,frc2811,frc5468,frc997,-1,-1,0
2025orwil_qm26,qm,1,26,frc5975,3,0,0,0,0,0,1,0,0,0,0,0,0,0,0,0,0,Moved forward 2 feet,parked at the 1 minute mark and e stoped,Aarush Vegesna,None,"Played really good defense, knocked a robot over, and parked at the 1 minute mark and e stoped",1,0,0,frc5975,frc2733,frc6696,frc4488,frc6831,frc3674,-1,-1,0
2025orwil_qm26,qm,1,26,frc4488,4,0,0,0,0,0,0,0,0,0,0,3,2,0,0,0,0,,Climbed fairly easily,Emmett,Deep Climb,A little slow to collect algae,1,0,0,frc5975,frc2733,frc6696,frc4488,frc6831,frc3674,-1,-1,0
2025orwil_qm26,qm,1,26,frc3674,1,0,0,0,0,0,0,0,0,0,0,0,1,0,1,0,0,,,,None,,0,0,0,frc5975,frc2733,frc6696,frc4488,frc6831,frc3674,-1,-1,0
2025orwil_qm26,qm,1,26,frc2733,3,0,0,0,0,0,0,0,0,0,0,4,2,0,0,0,0,No auto at all,"Scored an extra L3, parked at the very last second",Sam,Park,"L4 scoring is unreliable, tended to drop coral when manual alignment wasn't 100% perfect",0,0,0,frc5975,frc2733,frc6696,frc4488,frc6831,frc3674,-1,-1,0
2025orwil_qm26,qm,1,26,frc6831,1,0,0,0,0,0,0,0,0,0,0,0,2,0,0,0,1,,,Suhaani Garg,None,Tipped over lol at 1 minute and 40 seconds left ,0,0,1,frc5975,frc2733,frc6696,frc4488,frc6831,frc3674,-1,-1,0
2025orwil_qm26,qm,1,26,frc6696,5,0,0,1,0,0,0,0,0,2,0,3,1,0,0,0,0,,,Arush,Park,,1,0,0,frc5975,frc2733,frc6696,frc4488,frc6831,frc3674,-1,-1,0
2025orwil_qm27,qm,1,27,frc3673,3,0,0,0,0,1,0,0,0,0,0,0,3,0,0,4,0,Scored l1 then sounded in a singular circle,parked just in time after clearing algea,Aarush Vegesna,Park,"tried to do coral, but there was heavy defense from blue",1,0,0,frc3673,frc6343,frc1425,frc2915,frc5970,frc1540,-1,-1,0
2025orwil_qm27,qm,1,27,frc2915,5,0,0,0,0,0,1,0,0,0,0,0,0,0,0,0,0,stopped in auto,,shubhi,None,played defense for the start and then stopped,1,0,0,frc3673,frc6343,frc1425,frc2915,frc5970,frc1540,-1,-1,0
2025orwil_qm27,qm,1,27,frc1540,1,0,0,0,0,0,0,0,0,0,0,0,0,0,0,0,0,,,,None,,0,0,0,frc3673,frc6343,frc1425,frc2915,frc5970,frc1540,-1,-1,0
2025orwil_qm27,qm,1,27,frc6343,1,0,0,1,0,0,0,0,0,0,0,5,3,0,0,2,0,Nothing special about their auto,Parked at last second. Managed to avoid smashing into us as we climbed which was good,Sam,Park,Maybe the station collection spitting is intentional? So they can just ground collect quickly?,1,0,0,frc3673,frc6343,frc1425,frc2915,frc5970,frc1540,-1,-1,0
2025orwil_qm27,qm,1,27,frc5970,3,0,0,0,0,1,1,0,0,0,0,0,0,0,0,0,0,,Grabbed the chain thing but couldn't pull up,Bianca,Park,Lowk fire defense,1,0,0,frc3673,frc6343,frc1425,frc2915,frc5970,frc1540,-1,-1,0
2025orwil_qm27,qm,1,27,frc1425,1,0,0,2,0,0,0,0,0,0,0,4,4,1,0,2,0,,hit algae,Arush,Park,the best robot,1,1,0,frc3673,frc6343,frc1425,frc2915,frc5970,frc1540,-1,-1,0
2025orwil_qm28,qm,1,28,frc1844,1,0,0,0,0,0,0,0,0,0,0,0,0,0,0,0,0,Moved a foot,Still spinning ,Aarush Vegesna,None,Literally just spun in circles the entire time,1,0,0,frc1844,frc2550,frc9430,frc4043,frc2471,frc10444,-1,-1,0
2025orwil_qm28,qm,1,28,frc4043,1,0,0,1,0,0,0,0,0,0,0,9,0,0,2,0,0,"scored 1 coral in L4, took another coral from the source",Deep climbed,Shubhi,Deep Climb,"Scored a lot of corals in L4, somethimes those coral fell into L1",0,1,0,frc1844,frc2550,frc9430,frc4043,frc2471,frc10444,-1,-1,0
2025orwil_qm28,qm,1,28,frc10444,1,0,0,1,0,0,0,0,16,0,1,2,0,0,0,0,0,managed to place a few algae on l4,shallow climbed,noor,Shallow Climb,frozen for many secs,0,0,0,frc1844,frc2550,frc9430,frc4043,frc2471,frc10444,-1,-1,0
2025orwil_qm28,qm,1,28,frc2550,5,0,0,0,0,0,0,0,0,0,2,1,0,0,0,0,0,No auto at all,Climb worked well but they took probably 10 sec just to line up,Sam,Deep Climb,"Very slow and unreliable L4, robot is spindly and placement is manual",0,0,0,frc1844,frc2550,frc9430,frc4043,frc2471,frc10444,-1,-1,0
2025orwil_qm28,qm,1,28,frc2471,3,0,0,1,0,0,0,0,0,2,0,7,0,0,0,3,0,,Had a ball in it so couldn't climb,Bianca,Park,"Could collect from ground and station, a coral got stuck in it so they switched to doing the algae",1,1,0,frc1844,frc2550,frc9430,frc4043,frc2471,frc10444,-1,-1,0
2025orwil_qm28,qm,1,28,frc9430,4,0,0,0,0,0,0,0,0,0,0,0,3,2,1,2,0,missed place,,Arush,Deep Climb,,1,0,0,frc1844,frc2550,frc9430,frc4043,frc2471,frc10444,-1,-1,0
2025orwil_qm29,qm,1,29,frc9567,1,0,0,0,0,1,0,0,0,0,0,0,0,0,5,0,0,Got 1 l1,deep climb took 15 sec,AARUSH VEGESNA,Deep Climb,"just built the robot starter kit, and they are only able to score l1. Very slow but reliable",1,0,0,frc9567,frc1359,frc957,frc753,frc6696,frc9600,-1,-1,0
2025orwil_qm29,qm,1,29,frc753,3,0,0,0,0,0,0,0,0,0,0,5,0,0,1,1,0,placed a coral to the L4 ,parked,Shubhi,Park,Placed a lot of coral at L4 and some at L1,1,0,0,frc9567,frc1359,frc957,frc753,frc6696,frc9600,-1,-1,0
2025orwil_qm29,qm,1,29,frc9600,1,0,1,0,1,1,0,0,0,0,1,1,0,0,1,0,0,inserted algae into the processor,shallow climb,noor,Shallow Climb,put algae into l4,0,0,0,frc9567,frc1359,frc957,frc753,frc6696,frc9600,-1,-1,0
2025orwil_qm29,qm,1,29,frc1359,3,0,0,0,0,0,1,0,0,0,0,0,0,0,0,0,0,Nothing more than leave,"Climb took 15ish sec to line up, started before 20 sec warning",Sam,Deep Climb,only ever played defense,1,0,0,frc9567,frc1359,frc957,frc753,frc6696,frc9600,-1,-1,0
2025orwil_qm29,qm,1,29,frc6696,1,0,0,1,0,0,0,0,0,4,0,2,4,2,0,4,0,Got a coral on and got another one but missed,,Bianca,Park,Could basically do everything well,0,1,0,frc9567,frc1359,frc957,frc753,frc6696,frc9600,-1,-1,0
2025orwil_qm29,qm,1,29,frc957,2,0,0,1,0,0,0,0,0,0,0,6,2,0,0,0,0,,,arush,None,Good,1,0,0,frc9567,frc1359,frc957,frc753,frc6696,frc9600,-1,-1,0
2025orwil_qm3,qm,1,3,frc2374,3,0,0,1,0,0,0,0,0,0,0,3,4,0,0,1,0,Placed on level four,parked at last moment,Naman,Park,very tasty and efficient cycle times. Nevertheless cycle times could be greater because of small intake and robot is very slow when placing. Capable of removing algae with ease,1,0,0,frc2374,frc3673,frc753,frc5468,frc1359,frc2550,-1,-1,0
2025orwil_qm3,qm,1,3,frc5468,2,0,0,1,0,0,0,0,0,0,0,6,2,5,0,3,0,When trying to collect the source position was off,fast climb,cayden,Deep Climb,really fast and very accurate ,1,0,0,frc2374,frc3673,frc753,frc5468,frc1359,frc2550,-1,-1,0
2025orwil_qm3,qm,1,3,frc2550,5,0,0,0,0,0,0,0,0,0,3,0,0,0,0,0,0,"Auto was just leaving and trying to place L4, but missed. Mechanism looked somewhat smooth","Just parked, maybe was going to climb, but time ran out.",Dev Sharma,Park,"Teleop was mostly placing algae in the processor, and can only collect ground algae, but collecting and placing mechanism for it wasn't very reliable. Scored 1 in red processor, and 2 in the blue proc",1,0,0,frc2374,frc3673,frc753,frc5468,frc1359,frc2550,-1,-1,0
2025orwil_qm3,qm,1,3,frc3673,3,0,0,0,0,0,0,0,0,2,0,0,0,0,0,0,0,Was able to get a lot of coral in the amount of time ,Was able to shallow climb and was the 1st to do it ,Pranay ,Shallow Climb,was able to drive really fast ,1,0,0,frc2374,frc3673,frc753,frc5468,frc1359,frc2550,-1,-1,0
2025orwil_qm3,qm,1,3,frc1359,5,0,0,0,0,0,0,0,0,0,0,0,0,0,0,0,0,Just left start,Deep climbed pretty quickly,Pranav,Deep Climb,"Didn't do much the whole match. Incredibly slow robot, at moving, moving elevator up and placing. Placing very inaccurate, tried cycles but never made it in.",1,0,0,frc2374,frc3673,frc753,frc5468,frc1359,frc2550,-1,-1,0
2025orwil_qm3,qm,1,3,frc753,3,0,0,0,0,0,0,0,0,0,0,5,1,0,0,0,0,did a little move forward ,started in like last five seconds,Ave wilson,Deep Climb,inaccurate with coral placing,1,0,0,frc2374,frc3673,frc753,frc5468,frc1359,frc2550,-1,-1,0
2025orwil_qm30,qm,1,30,frc3636,5,0,0,1,0,2,0,0,0,0,0,9,4,0,1,1,0,"Not reliable, just got 1 coral out of 4 on l4, but the rest fell to l1",Kept scoring coral,Aarush Vegesna,None,"the have a really fast cycle time, and sometimes knocks off an algea",1,2,0,frc3636,frc6443,frc997,frc5970,frc2733,frc1595,-1,-1,0
2025orwil_qm30,qm,1,30,frc5970,3,0,0,0,0,1,1,0,0,0,0,0,0,0,0,0,0,only scored on the L1,deep climbed,shubhi,Deep Climb,Only played defense during the while match,1,0,0,frc3636,frc6443,frc997,frc5970,frc2733,frc1595,-1,-1,0
2025orwil_qm30,qm,1,30,frc1595,1,0,0,0,0,0,0,0,0,0,1,1,0,0,1,1,0,removed algae,shallow climb,noor,Shallow Climb,inserted algae into the net,0,0,1,frc3636,frc6443,frc997,frc5970,frc2733,frc1595,-1,-1,0
2025orwil_qm30,qm,1,30,frc6443,4,0,0,0,0,0,0,0,0,0,0,4,0,1,2,0,0,Both L4 auto attempts failed,Ran out of time to climb,S,Park,"Scoring was improved from last match. Because of the design of their grabber, if a coral goes in at any slightly bad angle the only thing they can hope to do with it is L1.",1,0,0,frc3636,frc6443,frc997,frc5970,frc2733,frc1595,-1,-1,0
2025orwil_qm30,qm,1,30,frc2733,2,0,0,0,0,0,0,0,0,0,0,3,2,0,0,1,0,Didn't do anything but move,,Bianca,Park,station collected pretty quick but took a while to line it up,1,0,0,frc3636,frc6443,frc997,frc5970,frc2733,frc1595,-1,-1,0
2025orwil_qm30,qm,1,30,frc997,3,0,0,1,0,0,0,0,0,0,0,2,3,0,0,0,0,,,arush,Park,unstable,1,0,0,frc3636,frc6443,frc997,frc5970,frc2733,frc1595,-1,-1,0
2025orwil_qm31,qm,1,31,frc2550,1,0,0,0,0,0,0,0,0,0,0,4,0,0,0,0,0,Missed all,parked,,None,"very slow collecting and placing coral, no algae",1,1,0,frc2550,frc4043,frc4488,frc4692,frc1540,frc2915,-1,-1,0
2025orwil_qm31,qm,1,31,frc4692,2,0,0,1,0,0,0,0,0,0,0,5,0,0,0,0,0,Slowly did one level four didn't even make it to station before auto ended,Left no time to park ,Eli,None,slowly did five level four corals and almost fell ovr,1,0,0,frc2550,frc4043,frc4488,frc4692,frc1540,frc2915,-1,-1,0
2025orwil_qm31,qm,1,31,frc2915,4,0,0,0,0,0,1,0,45,0,0,0,0,0,0,0,0,left,E stop,Ronan N,None,"defence, temporary disabled for ~45 sec",1,0,0,frc2550,frc4043,frc4488,frc4692,frc1540,frc2915,-1,-1,0
2025orwil_qm31,qm,1,31,frc4043,1,0,0,1,0,0,0,0,0,0,0,5,2,0,1,0,0,"Auto was good, placed one coral on L4, collected one from the station, but missed the second l4 place.","Positioned, and climbed swiftly",Dev Sharma,Deep Climb,"Cycles were relatively quick, human feeding and station collect was pretty reliable, placed 5 on l4, 2 on l3, and 1 unintentionally on L1. However, placing was shaky and took a little time to position",1,1,0,frc2550,frc4043,frc4488,frc4692,frc1540,frc2915,-1,-1,0
2025orwil_qm31,qm,1,31,frc1540,1,0,0,1,0,0,0,0,0,0,0,4,3,0,3,0,0,auto mode attempted to do two coral but intaked two and only shot one,capable of deep climb,naman,Deep Climb,great contributor with efficient coral placement,1,0,0,frc2550,frc4043,frc4488,frc4692,frc1540,frc2915,-1,-1,0
2025orwil_qm31,qm,1,31,frc4488,3,0,0,0,0,0,0,0,84,0,0,0,0,0,0,0,0,did nothong,parked ,Adam Mahmoud,Park,Walked around and then froze,0,0,0,frc2550,frc4043,frc4488,frc4692,frc1540,frc2915,-1,-1,0
2025orwil_qm32,qm,1,32,frc2471,3,0,0,1,0,0,0,0,0,0,0,4,3,0,1,0,0,Missed one coral,deep cage,Cayden,Deep Climb,"missed 4 coral on L4,not fully accurate ",1,1,0,frc2471,frc5975,frc4662,frc10444,frc9600,frc6831,-1,-1,0
2025orwil_qm32,qm,1,32,frc10444,2,0,0,0,0,0,0,0,0,0,3,0,0,0,0,2,0,moved out of starting box,Parked,ELI,Park,just remove alg and did processor consistently but slowly,1,0,0,frc2471,frc5975,frc4662,frc10444,frc9600,frc6831,-1,-1,0
2025orwil_qm32,qm,1,32,frc6831,2,0,0,0,0,0,0,0,20,0,0,0,2,1,0,1,0,,attempted park. missed cycle,Ronan N,None,"Defended 10sec, stuck on algae",0,0,0,frc2471,frc5975,frc4662,frc10444,frc9600,frc6831,-1,-1,0
2025orwil_qm32,qm,1,32,frc5975,2,0,0,0,0,0,0,0,0,0,0,0,0,0,0,0,0,Auto was just them moving 3 feet with no preloaded coral,"Parked, and didn't attempt to climb",Dev Sharma,Park,"They moved around in circles a lot, and barely collected any coral (3), tried to place L1 but missed and didn't score anything. Highly unreliable.",1,0,0,frc2471,frc5975,frc4662,frc10444,frc9600,frc6831,-1,-1,0
2025orwil_qm32,qm,1,32,frc9600,4,0,0,0,0,3,0,0,0,0,3,0,0,0,5,0,0,great automode with a three coral auto on level one,parked,naman,Park,very efficient algae processing and only capable of scoring on level one,1,2,0,frc2471,frc5975,frc4662,frc10444,frc9600,frc6831,-1,-1,0
2025orwil_qm32,qm,1,32,frc4662,0,0,0,0,0,0,0,0,0,0,0,0,0,0,0,0,0,,,,None,,0,0,0,frc2471,frc5975,frc4662,frc10444,frc9600,frc6831,-1,-1,1
2025orwil_qm33,qm,1,33,frc2811,1,0,0,2,0,0,0,0,0,0,0,6,4,0,0,1,0,"After auto they had 1 coral ready in robot, accurate auto",Deep cage,Cayden,None,"very accurate when they auto align, ",1,2,0,frc2811,frc3674,frc2521,frc3673,frc6343,frc3024,-1,-1,0
2025orwil_qm33,qm,1,33,frc3673,2,0,0,0,0,1,0,0,9,0,0,0,0,2,5,1,0,did one level one slowly,Froze at the last ten seconds and didn't park,Eli,None,missed the first level one coral but then slowly did more level one and two twos.,1,0,0,frc2811,frc3674,frc2521,frc3673,frc6343,frc3024,-1,-1,0
2025orwil_qm33,qm,1,33,frc3024,5,0,0,0,0,0,0,0,0,0,0,0,1,0,3,1,0,only left,high deep age climb,Ronan N,Deep Climb,"algae removal and coral score, eh overall ok",1,0,0,frc2811,frc3674,frc2521,frc3673,frc6343,frc3024,-1,-1,0
2025orwil_qm33,qm,1,33,frc3674,4,0,0,2,0,0,0,0,0,0,0,3,4,3,0,1,0,"Auto was swift, scored one coral on l4, collected from station and scored that too. Almost scored 3 coral on l4, really good automode.","Climbed somewhat early, and quick for deep climb, and cleared ground easily",Dev Sharma,Deep Climb,"Ran coral cycles the whole time, really efficient, station collect was quick, and placed reliably on l4, and l3, as well as l2. Placing mechanism was innovative and fast/reliable.",1,1,0,frc2811,frc3674,frc2521,frc3673,frc6343,frc3024,-1,-1,0
2025orwil_qm33,qm,1,33,frc6343,3,0,0,1,0,0,0,0,0,0,0,2,3,1,0,1,0,Decent auto mode with one coral,failed to park,Naman,None,very versatile and arguably underrated with efficient coral scoring,1,0,0,frc2811,frc3674,frc2521,frc3673,frc6343,frc3024,-1,-1,0
2025orwil_qm33,qm,1,33,frc2521,1,0,0,5,0,0,0,0,0,0,0,1,0,9,12,0,0,No auto,went to park,Adam Mahmoud ,Park,very good at level one,1,0,0,frc2811,frc3674,frc2521,frc3673,frc6343,frc3024,-1,-1,0
2025orwil_qm34,qm,1,34,frc9430,4,0,0,0,0,0,0,0,0,0,0,0,5,3,0,1,0,Was 2 coral but missed both and didn't collect 2nd one,park,Cayden,Park,not fully accurate missed a few coral,1,0,0,frc9430,frc1425,frc1844,frc1359,frc2374,frc5468,-1,-1,0
2025orwil_qm34,qm,1,34,frc1359,2,0,0,0,0,0,1,0,0,0,0,0,0,0,0,0,0,moved a couple feet from start,made it to deep cage with about twenty seconds left,Eli,Deep Climb,"went straight to defense, was not very active on defense",1,0,0,frc9430,frc1425,frc1844,frc1359,frc2374,frc5468,-1,-1,0
2025orwil_qm34,qm,1,34,frc5468,2,0,0,2,0,0,0,0,0,0,0,4,2,0,0,1,0,2 coral auto,Deep cage,Ronan N,Deep Climb,"Fast cycles, one of the best robots I've seen, highly recommend",0,2,0,frc9430,frc1425,frc1844,frc1359,frc2374,frc5468,-1,-1,0
2025orwil_qm34,qm,1,34,frc1425,5,0,0,2,0,0,0,0,0,1,0,4,2,0,1,3,0,"Auto was quick, placed twice on l4, and collected one coral from station","Climb was quick, and reliably cleared the ground with deep climb. This is a really good team!",Dev Sharma,Deep Climb,"Cycles were fast, human feeding was reliable, placing was quick, and scored in barge",1,1,0,frc9430,frc1425,frc1844,frc1359,frc2374,frc5468,-1,-1,0
2025orwil_qm34,qm,1,34,frc2374,3,0,0,2,0,0,0,0,0,0,0,5,5,0,0,1,0,Decent auto mode with two coral,failed to park however were very contributing in teams of algae and coral,Naman,Park,Extremely versatile with both a plethora of algae and coral capabilities,1,1,0,frc9430,frc1425,frc1844,frc1359,frc2374,frc5468,-1,-1,0
2025orwil_qm34,qm,1,34,frc1844,1,0,0,0,0,0,1,0,0,0,0,0,0,0,1,0,0,Left didn't dp anything aftwr,parked,Adam Mahmoud ,Park,excellent defense,1,0,0,frc9430,frc1425,frc1844,frc1359,frc2374,frc5468,-1,-1,0
2025orwil_qm35,qm,1,35,frc9600,3,0,0,0,0,1,0,0,0,0,4,0,0,0,3,0,0,Waits then scores L1,deep cage,Cayden,Deep Climb,"very good at processing, L1 only, missed 1 L1",1,0,0,frc9600,frc5970,frc2915,frc2471,frc753,frc4488,-1,-1,0
2025orwil_qm35,qm,1,35,frc2471,1,0,0,1,0,0,0,0,0,0,0,3,2,2,0,3,0,in the start the coral fell out so they had To go straight to the source and then place one level four coral,missed a coral and made it late for park,Eli,None,coral collect on the robot was a little clunky coral could fall out. but it placed on all the levels fast and reliably ,1,1,0,frc9600,frc5970,frc2915,frc2471,frc753,frc4488,-1,-1,0
2025orwil_qm35,qm,1,35,frc4488,2,0,0,0,0,0,1,0,0,0,0,2,1,2,0,3,0,"Rotated and aligned for auto score, no elevator function","Climb ability, missed climb oppurtunity",Ronan N,Park,"Good algae removal and coral score, no consistent with cycle times",1,0,0,frc9600,frc5970,frc2915,frc2471,frc753,frc4488,-1,-1,0
2025orwil_qm35,qm,1,35,frc5970,3,0,0,0,0,1,0,0,0,0,0,0,0,0,3,0,0,Consisted of slowly moving forward and placing on L1,"Tried grabbing onto the cage, not sure if they were trying to climb or not, parked.",Dev Sharma,None,"Had somewhat reliable L1 placing (3), however cycle time was slow",0,0,0,frc9600,frc5970,frc2915,frc2471,frc753,frc4488,-1,-1,0
2025orwil_qm35,qm,1,35,frc753,4,0,0,0,0,0,0,0,0,0,0,5,0,0,1,0,0,Not the most accurate auto mode,capable of deep climb,Naman,Deep Climb,relentless in terms of coral placement however accuracy was questionable,1,0,0,frc9600,frc5970,frc2915,frc2471,frc753,frc4488,-1,-1,0
2025orwil_qm35,qm,1,35,frc2915,1,0,0,0,0,0,1,0,0,0,0,0,0,0,0,0,0,,,LILY VU,Park,,1,0,0,frc9600,frc5970,frc2915,frc2471,frc753,frc4488,-1,-1,0
2025orwil_qm36,qm,1,36,frc997,3,0,0,0,0,0,0,0,0,0,0,5,3,1,1,0,0,Didn't cross the line,no climb or park,Cayden,None,"pretty accurate, missed one L4, ",0,0,0,frc997,frc3024,frc5975,frc6343,frc2550,frc3636,-1,-1,0
2025orwil_qm36,qm,1,36,frc6343,2,0,0,0,0,0,1,0,0,0,0,0,0,0,0,0,0,moved  then when straight to defense,went to park with time to spare,Eli,Park,when straight to defense was semi effective on defense ,1,0,0,frc997,frc3024,frc5975,frc6343,frc2550,frc3636,-1,-1,0
2025orwil_qm36,qm,1,36,frc3636,2,0,0,1,0,0,0,0,0,2,0,5,5,0,1,4,0,"Possible 3 coral auto, slow intake time (Human error)",None,Ronan N,None,"Fast L4-2 cycles, barge score. Winner of Clackamas event, highly recommend",1,1,0,frc997,frc3024,frc5975,frc6343,frc2550,frc3636,-1,-1,0
2025orwil_qm36,qm,1,36,frc3024,3,0,0,0,0,0,0,0,0,3,0,0,0,0,0,4,0,"Moved forward, and tried to shoot out coral from 3 feet away, and missed, looked wobbly.","Climbed deep cage, but didn't make it in time.",Dev Sharma,Deep Climb,"Consisted of removing algae (4), and placing it in the barge (placed 3/4 algae collected), however cycle time looked slow between reef collecting and placing in the barge, and looked wobbly as well.",1,0,0,frc997,frc3024,frc5975,frc6343,frc2550,frc3636,-1,-1,0
2025orwil_qm36,qm,1,36,frc2550,1,0,0,0,0,0,0,0,0,0,0,1,0,0,0,0,0,Not accurate auto,capable of deep climb,Naman,Deep Climb,relentless in coral placement however extremely inaccurate because of mechanism that holds coral,1,0,0,frc997,frc3024,frc5975,frc6343,frc2550,frc3636,-1,-1,0
2025orwil_qm36,qm,1,36,frc5975,3,0,0,0,0,0,0,0,0,0,0,0,0,0,0,0,0,,BEGAN CLIMBING AT 45 SECONDS,LILY VU,None,,1,0,0,frc997,frc3024,frc5975,frc6343,frc2550,frc3636,-1,-1,0
2025orwil_qm37,qm,1,37,frc6696,3,0,0,0,0,0,0,0,0,2,0,3,5,2,0,3,0,"Leave, missed the coral ",park,Cayden,Park,very accurate for 4-2,1,0,0,frc6696,frc1359,frc6443,frc1425,frc4043,frc9430,-1,-1,0
2025orwil_qm37,qm,1,37,frc1425,3,0,0,3,0,0,0,0,0,0,0,6,3,1,0,1,0,3 CORAL AUTO!!!!,,Eli,Deep Climb,I heard the safety captain is a really hot guy. His name was like Aarush or something,1,0,0,frc6696,frc1359,frc6443,frc1425,frc4043,frc9430,-1,-1,0
2025orwil_qm37,qm,1,37,frc9430,4,0,0,0,0,0,0,0,0,0,0,0,2,1,0,1,0,attempted 2 coral auto,last second park,Ronan N,Park,"slow cycles, cant hold on to coral",0,0,0,frc6696,frc1359,frc6443,frc1425,frc4043,frc9430,-1,-1,0
2025orwil_qm37,qm,1,37,frc1359,3,0,0,0,0,0,0,0,0,0,0,0,0,0,0,0,0,,,,None,,0,0,0,frc6696,frc1359,frc6443,frc1425,frc4043,frc9430,-1,-1,1
2025orwil_qm37,qm,1,37,frc4043,5,0,0,1,0,0,0,0,0,0,0,7,0,0,0,0,0,Decent auto,parked,Naman,Park,relentless with accurate coral placement and kinda carried the team,1,1,0,frc6696,frc1359,frc6443,frc1425,frc4043,frc9430,-1,-1,0
2025orwil_qm37,qm,1,37,frc6443,1,0,0,0,0,0,0,0,0,0,0,6,0,0,3,0,0,,,LILY VU,Park,MANUAL PLACEMENT... MISSED A HANDFUL OF CORAL,1,1,0,frc6696,frc1359,frc6443,frc1425,frc4043,frc9430,-1,-1,0
2025orwil_qm38,qm,1,38,frc6831,4,0,0,0,0,0,0,0,0,0,0,0,2,5,0,0,0,Tried removing algae?,Park,Cayden,Park,missed one l2 and l3,1,0,1,frc6831,frc957,frc3673,frc9567,frc3674,frc2811,-1,-1,0
2025orwil_qm38,qm,1,38,frc9567,2,0,0,0,0,1,0,0,0,0,3,0,0,0,3,0,0,moved out of start zone did one level one then stopped,went to shallow change and climbed with 20 seconds left,Eli,Shallow Climb,did 3 level ones then did 3 processers movement was choppy,1,0,0,frc6831,frc957,frc3673,frc9567,frc3674,frc2811,-1,-1,0
2025orwil_qm38,qm,1,38,frc2811,2,0,0,1,0,1,0,0,0,0,0,4,2,0,0,1,0,2 coral L4 (If successful),Attempted deep climb,Ronan N,Park,"good cycles, not the fastest",1,1,0,frc6831,frc957,frc3673,frc9567,frc3674,frc2811,-1,-1,0
2025orwil_qm38,qm,1,38,frc957,2,0,0,1,0,0,0,0,0,0,0,4,6,0,0,0,0,"Auto started off pretty smooth with placing one coral on l4, but when collecting from station, human player missed multiple times.","Climbed pretty quick, deep climb, and cleared the floor well",Dev Sharma,Deep Climb,"Quick cycle times, scoring mostly on l3 (6), and l4(4), placing was reliable and effective",1,1,0,frc6831,frc957,frc3673,frc9567,frc3674,frc2811,-1,-1,0
2025orwil_qm38,qm,1,38,frc3674,2,0,0,2,0,0,0,0,0,0,0,4,1,4,0,1,0,Almost had a three coral auto,parked successfully,Naman,Park,relentless in coral placement with an abundance of coral on the reef,1,2,0,frc6831,frc957,frc3673,frc9567,frc3674,frc2811,-1,-1,0
2025orwil_qm38,qm,1,38,frc3673,5,0,0,0,0,1,0,0,2,0,0,0,4,0,1,3,0,went for one l1 and succeeded ,kept scoring,Aarush Vegesna,None,very slow but reliable auto,1,0,0,frc6831,frc957,frc3673,frc9567,frc3674,frc2811,-1,-1,0
2025orwil_qm39,qm,1,39,frc1595,1,0,0,0,0,0,0,0,0,0,2,0,0,4,0,0,0,Only leave,try to climb but fail,Cayden,Park,"Slow at coral, mostly good at algae",1,0,0,frc1595,frc2521,frc5468,frc2733,frc1540,frc4662,-1,-1,0
2025orwil_qm39,qm,1,39,frc2733,2,0,0,1,0,0,0,0,0,0,0,2,2,2,0,1,0,got one Level 4,dashed to park in the last seconds,Eli,Park,had trouble lining up for level 4 coral. coral fell out of intake. coral placement was slow,1,0,2,frc1595,frc2521,frc5468,frc2733,frc1540,frc4662,-1,-1,0
2025orwil_qm39,qm,1,39,frc4662,4,0,0,0,0,0,0,0,0,0,0,2,0,1,0,0,0,nothing special,no park,Ronan N,None,coral stuck in bot with 50 sec left,1,0,0,frc1595,frc2521,frc5468,frc2733,frc1540,frc4662,-1,-1,0
2025orwil_qm39,qm,1,39,frc2521,1,0,0,3,0,0,0,0,0,0,0,3,5,3,2,0,0,"Really good, quick reliable placing, and scored 3 on l4 comfortably","Didn't climb or park, tried to place another coral",Dev Sharma,None,"Really good, quick cycle time and highly reliable station collect. Placed 3 on l4, 5 on l3,3 on l2, and 2 on l1. Has good ground collect for l1 as well, being able to score on all 4 levels",1,2,0,frc1595,frc2521,frc5468,frc2733,frc1540,frc4662,-1,-1,0
2025orwil_qm39,qm,1,39,frc1540,3,0,0,1,0,0,0,0,0,1,4,0,0,0,0,2,0,Decent auto,capable of deep climb,Naman,Deep Climb,specialized in algae this match with some attempts in coral that ultimately missed,1,0,0,frc1595,frc2521,frc5468,frc2733,frc1540,frc4662,-1,-1,0
2025orwil_qm39,qm,1,39,frc5468,2,0,0,3,0,0,0,0,0,0,0,2,7,4,0,0,0,3 l4 coral auto,deep climbed quickly,Aarush Vegesna,Deep Climb," scored 13 coral on all levels, very fast and reliable. Strongly recommended  selecting for alience",1,2,0,frc1595,frc2521,frc5468,frc2733,frc1540,frc4662,-1,-1,0
2025orwil_qm4,qm,1,4,frc3636,5,0,0,2,0,0,0,0,0,0,0,3,2,1,0,1,0,Great auto with one level four,parked at last moment,Naman,Park,Very tasty cycle times however at times coral placement accuracy was questionable,1,2,0,frc3636,frc10444,frc5970,frc957,frc6696,frc2521,-1,-1,0
2025orwil_qm4,qm,1,4,frc957,4,0,0,2,0,0,0,0,0,0,0,2,2,5,1,2,0,was a 3 coral but didn't have enough time ,Fast deep climb,cayden,Park,"very accurate, algae reef knockoff is weird ",1,2,0,frc3636,frc10444,frc5970,frc957,frc6696,frc2521,-1,-1,0
2025orwil_qm4,qm,1,4,frc2521,1,0,0,3,0,0,0,0,0,0,0,0,2,0,5,0,0,"Auto was really smooth and fast, and scored 3 coral",Just parked,Dev Sharma,Park,"Teleop was half ground collect and half direct station collect. Scored reliably on L1 5 times, and scored twice on l3. Placing was relatively reliable",1,2,0,frc3636,frc10444,frc5970,frc957,frc6696,frc2521,-1,-1,0
2025orwil_qm4,qm,1,4,frc10444,1,1,0,7,5,0,0,0,0,0,0,0,2,2,0,0,0,Was able to get a lot of coral on L3,,Pranay ,Park,Was able to get some algae ,0,0,0,frc3636,frc10444,frc5970,frc957,frc6696,frc2521,-1,-1,0
2025orwil_qm4,qm,1,4,frc6696,5,0,0,1,0,0,0,0,0,0,0,5,4,2,0,2,0,Left start zone and placed one in L4,Parked at the last second. Good speed,Pranav,Park,"Really fast and accurate bot, able to run multiple cycles quickly and score on at least L2-L4. Seemed a little lost for a bit but also able to remove algae. Not sure if it can score though",1,0,0,frc3636,frc10444,frc5970,frc957,frc6696,frc2521,-1,-1,0
2025orwil_qm4,qm,1,4,frc5970,1,0,0,0,0,0,0,0,0,0,0,1,0,0,0,1,0,Moved,climbed,Ave wilsom,Deep Climb,Got coral stuck,1,0,0,frc3636,frc10444,frc5970,frc957,frc6696,frc2521,-1,-1,0
2025orwil_qm40,qm,1,40,frc1844,4,0,0,0,0,0,1,0,0,0,1,0,0,1,0,0,0,only leave,Park,Cayden,Park,"Ok at defense,",1,0,0,frc1844,frc10444,frc6443,frc4692,frc2374,frc9600,-1,-1,0
2025orwil_qm40,qm,1,40,frc4692,2,0,0,1,0,0,0,0,0,0,0,7,0,0,0,1,0,moved slowly got one level 4 coral,no time to park,Eli,None,slow to aline to place but never missed out of the 7 coral placed,1,0,0,frc1844,frc10444,frc6443,frc4692,frc2374,frc9600,-1,-1,0
2025orwil_qm40,qm,1,40,frc9600,2,0,0,0,0,1,0,0,0,0,4,0,0,0,3,0,0,attempted 3 coral auto,Succssesful deep,Ronan N,Deep Climb,"slow cycles, unable to score high than L1...",1,0,0,frc1844,frc10444,frc6443,frc4692,frc2374,frc9600,-1,-1,0
2025orwil_qm40,qm,1,40,frc10444,4,0,0,0,0,0,0,0,0,0,2,0,0,0,0,3,0,"Auto was moving around aimlessly, opened their algae mechanism and moved around with it.","Parked, but touched the cage",Dev Sharma,Park,"Was able to remove 3 algae, and put 2 of them in the processor, but was slow, and looked wobbly when removing.",1,0,0,frc1844,frc10444,frc6443,frc4692,frc2374,frc9600,-1,-1,0
2025orwil_qm40,qm,1,40,frc2374,3,0,0,1,0,0,0,0,0,0,0,7,0,0,0,0,0,Decent auto almost expired two,parked,Naman,Park,efficient coral on level four,1,1,0,frc1844,frc10444,frc6443,frc4692,frc2374,frc9600,-1,-1,0
2025orwil_qm40,qm,1,40,frc6443,4,0,0,0,0,0,0,0,0,0,0,3,0,0,2,0,0,moved a foot,deep climbed early took along time,Aarush Vegesna,Deep Climb,very slow but reliable coral scoring,1,0,0,frc1844,frc10444,frc6443,frc4692,frc2374,frc9600,-1,-1,0
2025orwil_qm41,qm,1,41,frc2811,4,0,0,1,0,0,0,0,0,0,0,3,3,0,2,0,0,"Fast auto, didn't miss anything it tried","Not 100% that it deep climbed, might have just been park",Sam,Deep Climb,Fast cycles on all levels,1,0,0,frc2811,frc753,frc1425,frc5975,frc3024,frc2471,-1,-1,0
2025orwil_qm41,qm,1,41,frc5975,5,0,0,0,0,0,0,0,0,0,0,0,0,0,3,0,0,,35 SECOND CLIMBING TIME,LILY VU,Park,,1,0,0,frc2811,frc753,frc1425,frc5975,frc3024,frc2471,-1,-1,0
2025orwil_qm41,qm,1,41,frc2471,1,0,1,1,0,1,1,0,0,0,0,1,0,0,0,3,0,removed algae from the station,shallow climbed,noor,Shallow Climb,defended,0,0,1,frc2811,frc753,frc1425,frc5975,frc3024,frc2471,-1,-1,0
2025orwil_qm41,qm,1,41,frc753,1,0,0,0,0,0,0,0,0,0,0,3,0,0,0,0,0,their auto was boring they just moved forward and that was it.,they started climb early took 10s to do their climb. deep cage,Hendrix Day,Deep Climb,"they were a slow robot, they focused on coral. They were slow about scoring  coral and took a long time to place them long time per cycle. it took  lot of time for them to ",1,0,0,frc2811,frc753,frc1425,frc5975,frc3024,frc2471,-1,-1,0
2025orwil_qm41,qm,1,41,frc3024,3,0,0,0,0,0,1,0,0,0,0,0,0,0,0,0,0,Just left,Parked early,Pranav,Park,"Played decent defense the entire game, not very good but managed to clog up some stuff. Didn't defend the good bots like 2811 well enough or block source well",1,0,0,frc2811,frc753,frc1425,frc5975,frc3024,frc2471,-1,-1,0
2025orwil_qm41,qm,1,41,frc1425,5,0,0,2,0,0,0,0,0,0,0,6,1,2,0,0,0,so they missed a coral...,"climbed last minute, but we still carried",Aarush Vegesna,None,they took a little bit of time to place just 2 coral,1,1,0,frc2811,frc753,frc1425,frc5975,frc3024,frc2471,-1,-1,0
2025orwil_qm42,qm,1,42,frc957,2,0,0,3,0,0,0,0,0,0,0,4,4,1,1,0,0,Scoring in both auto and teleop was very smooth and efficient,Did not struggle with deep climb,Sam,Deep Climb,combination of fast scoring and good driving,1,0,0,frc957,frc2733,frc3674,frc1540,frc1359,frc6343,-1,-1,0
2025orwil_qm42,qm,1,42,frc1540,1,0,0,1,0,0,0,0,0,2,0,2,2,4,3,3,0,,,LILY VU,Deep Climb,,1,2,0,frc957,frc2733,frc3674,frc1540,frc1359,frc6343,-1,-1,0
2025orwil_qm42,qm,1,42,frc6343,1,0,0,0,0,0,0,0,0,0,0,2,0,2,0,0,0,removed algae from station collect,parked,noor,Park,inserted algae into l2 two times,0,0,1,frc957,frc2733,frc3674,frc1540,frc1359,frc6343,-1,-1,0
2025orwil_qm42,qm,1,42,frc2733,3,0,0,0,0,0,0,0,0,0,0,5,2,0,0,1,0,"only attempted to score on L4 once, but the coral barely missed",kept on scoring until the end,Hendrix Day,None,"they were an okay coral bot with cycle time around 10s, were able to score a couple coral but there were delays. they were able to remove alage. a good 3rd pick for coral",1,0,0,frc957,frc2733,frc3674,frc1540,frc1359,frc6343,-1,-1,0
2025orwil_qm42,qm,1,42,frc1359,1,0,0,0,0,0,1,0,56,0,0,0,0,0,0,0,0,"Just left, did nothing else","Tried to climb early but failed numerous times, lifts up then breaks immediately and falls back down",Pranav,None,"Started to play defense, went to block station but broke down, froze a full minute then woke back up and went to climb. Very slow moving bot",1,0,0,frc957,frc2733,frc3674,frc1540,frc1359,frc6343,-1,-1,0
2025orwil_qm42,qm,1,42,frc3674,1,0,0,1,0,0,0,0,0,0,0,6,2,0,0,0,0,so they got 1 out two l4,took a while to deep climb,Aarush Vegesna,Deep Climb,they carried and scored all the points,1,0,0,frc957,frc2733,frc3674,frc1540,frc1359,frc6343,-1,-1,0
2025orwil_qm43,qm,1,43,frc4662,2,0,0,0,0,0,0,0,0,0,0,4,0,1,0,0,0,Leave only,Didn't attempt park,Sam,None,Can score but not very fast. L4 extension is very slow and wobbly,1,0,0,frc4662,frc2550,frc9567,frc3673,frc3636,frc9430,-1,-1,0
2025orwil_qm43,qm,1,43,frc3673,3,0,0,0,0,1,0,0,0,0,0,0,1,3,3,0,0,,,LILY VU,Park,,1,0,0,frc4662,frc2550,frc9567,frc3673,frc3636,frc9430,-1,-1,0
2025orwil_qm43,qm,1,43,frc9430,1,0,1,1,1,0,0,0,0,0,1,2,0,2,1,1,0,removed algae,parked,noor,Park,inserted algae onto l2 and 14,0,0,1,frc4662,frc2550,frc9567,frc3673,frc3636,frc9430,-1,-1,0
2025orwil_qm43,qm,1,43,frc2550,5,0,0,0,0,0,1,0,32,0,0,1,0,0,0,0,0,just moved forward and then stoped,froze during telop,Hendrix Day,None,"tried to make 3 coral over the first minute 15s only scored 1, they were not succesful went to play defense but then suddenly froze up",1,0,0,frc4662,frc2550,frc9567,frc3673,frc3636,frc9430,-1,-1,0
2025orwil_qm43,qm,1,43,frc3636,5,0,0,2,0,0,0,0,0,0,0,8,3,0,0,0,0,"Placed preloaded, remove algae while going up, missed one place, placed a third","Ran cycles throughout, parked at the literal last second. Momentum pushed them into park zone",Pranav,Park,"Really fast bot, able to run consistent and very accurate places on reef. Made almost all L4 collected. Very good",0,2,1,frc4662,frc2550,frc9567,frc3673,frc3636,frc9430,-1,-1,0
2025orwil_qm43,qm,1,43,frc9567,3,0,0,0,0,1,0,0,0,0,0,0,0,0,5,0,0,"moved forward and placed one coral on l1, was slow however
",tried to deep climb but was unsuccessful losing time,Dev Sharma,Park,robot keeps on tipping and wobbling but placed 5 coral on l1 pretty reliably,1,0,0,frc4662,frc2550,frc9567,frc3673,frc3636,frc9430,-1,-1,0
2025orwil_qm44,qm,1,44,frc997,3,0,0,0,0,0,0,0,0,0,0,2,2,0,0,1,0,"Only moved a very tiny bit, don't think it fully left","Just missed park, waited at station too long",Sam,None,"Less than reliable at reef scoring, dropped probably 2 coral from L4",0,0,0,frc997,frc5970,frc2521,frc1595,frc1844,frc4043,-1,-1,0
2025orwil_qm44,qm,1,44,frc1595,5,0,0,0,0,0,1,0,0,0,0,0,0,0,0,0,0,,,,Park,"""SMALL BUT MIGHTY"" ~ ANNOUNCER

AGGRESSIVE DFENSE",1,0,0,frc997,frc5970,frc2521,frc1595,frc1844,frc4043,-1,-1,0
2025orwil_qm44,qm,1,44,frc4043,1,0,0,1,0,0,0,0,0,0,0,7,0,0,0,0,0,Seemingly unintentional knocked algae down ,attempted,Ave wilson,Park,"consistently placed coral, got pinned for a while",0,0,1,frc997,frc5970,frc2521,frc1595,frc1844,frc4043,-1,-1,0
2025orwil_qm44,qm,1,44,frc5970,3,0,0,0,0,1,0,0,0,0,0,0,0,0,3,0,0,they auto was mild they went forward and scored once on L4,they started climb early but ere able to do it in around 10seconds,Hendrix Day,Deep Climb,"can only score on L1  and are probally not effective against alage. they are okay at scoring coral, it is hard for the human player to feed them coral and they a kind of slow 10-12s per cycle.",1,0,0,frc997,frc5970,frc2521,frc1595,frc1844,frc4043,-1,-1,0
2025orwil_qm44,qm,1,44,frc1844,5,0,0,0,0,0,1,0,0,0,0,0,0,1,0,0,0,Just left,Parked,Pranav,Park,"Placed one on L4 then ran defense.Very good defense, slammed into 4043 continuously",1,0,0,frc997,frc5970,frc2521,frc1595,frc1844,frc4043,-1,-1,0
2025orwil_qm44,qm,1,44,frc2521,1,0,0,3,0,0,0,0,0,0,0,3,1,0,1,0,0,"auto was good, 3 coral auto and was quick and had reliable placing",didn't do anything as they were still trying to place ,dev sharma ,None,"placed at first quick, but 1595 defense was highly effective against 2521, and could only place 3 on l4, 1 on l3, and one on l1",1,2,0,frc997,frc5970,frc2521,frc1595,frc1844,frc4043,-1,-1,0
2025orwil_qm45,qm,1,45,frc2915,3,0,0,0,0,0,1,0,0,0,0,0,0,0,0,0,0,"Leave only, wasn't preloaded",Deep climb worked well,Sam,Deep Climb,"Only ever did defense, never attempted scoring ",1,0,0,frc2915,frc6696,frc4488,frc6831,frc4692,frc5468,-1,-1,0
2025orwil_qm45,qm,1,45,frc6831,5,0,0,0,0,1,0,0,35,0,0,0,5,0,0,0,0,,,LILY VU,None,DISABLED WITH 35 SECONDS LEFT ON THE MATCH,1,1,1,frc2915,frc6696,frc4488,frc6831,frc4692,frc5468,-1,-1,0
2025orwil_qm45,qm,1,45,frc5468,1,0,0,0,0,0,0,0,0,0,0,9,4,0,0,2,0,,seemed to make an attempt ,Ave wilson,Park,Able to very consistently place coral with very little time to line up,1,0,0,frc2915,frc6696,frc4488,frc6831,frc4692,frc5468,-1,-1,0
2025orwil_qm45,qm,1,45,frc6696,1,0,0,1,0,0,0,0,0,6,0,4,3,0,0,6,0,"Auto was relatively good, scored on on l4, and collected one at station",Didn't climb or park as they were trying to place more coral,Dev Sharma,None,"Removed all 6 algae and put all of them in net, and additionally scored 4 coral on l4 and 3 on l3. Well rounded teleop scoring",0,1,0,frc2915,frc6696,frc4488,frc6831,frc4692,frc5468,-1,-1,0
2025orwil_qm45,qm,1,45,frc4692,1,,,,,,,,,,,,,,,,0,,,,None,,,,,frc2915,frc6696,frc4488,frc6831,frc4692,frc5468,-1,-1,0
2025orwil_qm45,qm,1,45,frc4488,3,0,0,1,0,0,0,0,0,0,0,5,0,0,0,0,0,"Scored one and then almost scored again, but stopped right before scoring",Was super close to climbing,Aarush Vegesna,Park,Slow and not super reliable. ,0,0,0,frc2915,frc6696,frc4488,frc6831,frc4692,frc5468,-1,-1,0
2025orwil_qm46,qm,1,46,frc2374,1,,,,,,,,,,,,,,,,0,,,,None,,,,,frc2374,frc10444,frc2733,frc6343,frc9600,frc2471,-1,-1,0
2025orwil_qm46,qm,1,46,frc6343,1,,,,,,,,,,,,,,,,0,,,no scout,None,,,,,frc2374,frc10444,frc2733,frc6343,frc9600,frc2471,-1,-1,0
2025orwil_qm46,qm,1,46,frc2471,1,0,0,0,0,0,0,0,0,0,0,0,0,0,0,0,0,,,,None,,0,0,0,frc2374,frc10444,frc2733,frc6343,frc9600,frc2471,-1,-1,0
2025orwil_qm46,qm,1,46,frc10444,2,0,0,0,0,0,0,0,0,0,0,0,0,0,0,2,0,Just Left,Parked super early 15 seconds before endgame started,Pranav,Park,"Super slow robot, unable to do much except manipulate algae and is bad at that as well. Sits on an algae at the reef up to 20-30 seconds trying to remove and failing. ",1,0,0,frc2374,frc10444,frc2733,frc6343,frc9600,frc2471,-1,-1,0
2025orwil_qm46,qm,1,46,frc9600,1,0,0,0,0,0,0,0,0,0,6,0,0,0,0,5,0,Missed,climb smooth,Olivia,Deep Climb,"missed hslf, bjt consistent proc",0,0,0,frc2374,frc10444,frc2733,frc6343,frc9600,frc2471,-1,-1,0
2025orwil_qm46,qm,1,46,frc2733,1,0,0,1,0,0,0,0,0,0,0,6,0,0,0,0,0,Nothing additional about auto,Parked at very very last second,Sam,Park,Reliable but lining up and scoring is very slow,1,0,0,frc2374,frc10444,frc2733,frc6343,frc9600,frc2471,-1,-1,0
2025orwil_qm47,qm,1,47,frc1844,3,0,0,0,0,0,0,0,0,0,2,0,0,2,0,1,0,Moved a foot,slid in last second,AARUSH VEGESNA,Park,"Very unreliable coral placement, but good processer placement",1,0,0,frc1844,frc9567,frc1595,frc753,frc1359,frc2811,-1,-1,0
2025orwil_qm47,qm,1,47,frc753,5,0,0,0,0,0,0,0,0,0,0,0,3,0,0,2,0,didnt do nuthin',just parked,naman,Park,"very slow cycle times, nevertheless, scored quite a few on l3",1,0,0,frc1844,frc9567,frc1595,frc753,frc1359,frc2811,-1,-1,0
2025orwil_qm47,qm,1,47,frc2811,2,0,0,1,0,0,0,0,0,0,0,7,0,0,0,0,0,attempted 3 times but missed once got one and ran out of time ,successful ,Ave Wilson ,Shallow Climb,quite consistent but at one point coral just fell out,1,2,0,frc1844,frc9567,frc1595,frc753,frc1359,frc2811,-1,-1,0
2025orwil_qm47,qm,1,47,frc9567,5,0,0,0,0,0,0,0,0,0,3,0,0,0,4,0,0,Just left,Parked,Pranav,Park,"Can only do L1. Pretty good at it, speedy bot and very accurate on L1, moves quickly but tips frequently. Good at picking up ground algae, grabbed all lollipop and processed",1,0,0,frc1844,frc9567,frc1595,frc753,frc1359,frc2811,-1,-1,0
2025orwil_qm47,qm,1,47,frc1359,3,0,0,0,0,0,0,0,0,0,0,0,0,0,0,0,0,Auto was just them moving forward and something appeared to break,Climbed deep cage relatively well,Dev Sharma,Deep Climb,Didn't do anything as they wasn't able to collect anything from human player,1,0,0,frc1844,frc9567,frc1595,frc753,frc1359,frc2811,-1,-1,0
2025orwil_qm47,qm,1,47,frc1595,5,0,0,0,0,0,1,0,0,0,0,0,0,0,0,0,0,Leave only,,Sam,Park,Robot had been stripped to a drivebase.,1,0,0,frc1844,frc9567,frc1595,frc753,frc1359,frc2811,-1,-1,0
2025orwil_qm48,qm,1,48,frc4692,3,0,0,1,0,0,0,0,0,0,0,2,2,1,0,2,0,very slow at placing,Parked last minute,Aarush Vegesna,Park,unreliable placing and movement,1,0,0,frc4692,frc2521,frc5975,frc3674,frc9430,frc5970,-1,-1,0
2025orwil_qm48,qm,1,48,frc3674,2,0,0,2,0,0,0,0,0,0,0,7,3,1,0,2,0,"Auto was good, efficiently placed two coral on l4, and collected one from station",Was able to deep climb pretty quick and cleared the ground,Dev Sharma,Deep Climb,"Cycles were quick, and placed 11 coral across l4, 3, and 2. Also removed two algae",1,1,0,frc4692,frc2521,frc5975,frc3674,frc9430,frc5970,-1,-1,0
2025orwil_qm48,qm,1,48,frc5970,5,0,0,0,0,0,0,0,59,0,0,0,0,0,1,0,0,went forward a little ,slowly went over didn't make it,Ave wilson,None,went to other side then froze when unfroze seemed confused overall not good,1,0,0,frc4692,frc2521,frc5975,frc3674,frc9430,frc5970,-1,-1,0
2025orwil_qm48,qm,1,48,frc2521,1,0,0,2,0,0,0,0,0,0,1,5,0,0,0,0,0,"Has a three coral, missed preloaded on L4, grabbed two more  from station and placed on L4",Attempted to score an algae into the processor before trying to park. Didn't make it,Pranav,None,"Able to run fast cycles but not very accurate, misses frequently on L4. Robot is able to process ground algae and did so, speedy",0,2,1,frc4692,frc2521,frc5975,frc3674,frc9430,frc5970,-1,-1,0
2025orwil_qm48,qm,1,48,frc9430,5,0,0,0,0,0,0,1,0,0,0,0,7,0,0,2,0,,,LILY VU!,Deep Climb,,1,0,0,frc4692,frc2521,frc5975,frc3674,frc9430,frc5970,-1,-1,0
2025orwil_qm48,qm,1,48,frc5975,3,0,0,0,0,0,0,0,0,0,0,0,0,0,1,0,0,Attempted to score L1 but impacted the reef and dropped its preloaded coral.,Did deep climb.,Sam,Deep Climb,"Didn't get much done, later got two viral stuck in frame perimeter and couldn't do anything for rest of match.",1,0,0,frc4692,frc2521,frc5975,frc3674,frc9430,frc5970,-1,-1,0
2025orwil_qm49,qm,1,49,frc5468,5,0,0,3,0,0,0,0,0,0,0,5,5,3,0,0,0,3 coral auto,went fast and got up easily,Aarush Vegesna,Deep Climb,very fast and reliable coral placement. Would strongly recommend picking. 100% accuracy ,1,1,0,frc5468,frc1540,frc10444,frc6443,frc2550,frc6696,-1,-1,0
2025orwil_qm49,qm,1,49,frc6443,3,0,0,0,0,0,0,0,0,0,0,1,3,1,3,0,0,"Robot left, but missed l4 place","Tried to climb I think, but ended up parking",Dev Sharma,Park,"Ran coral cycles, and made 1 on l4, 3 on l3, 1 on l2, and 3 on l1 with efficient ground collect",1,0,0,frc5468,frc1540,frc10444,frc6443,frc2550,frc6696,-1,-1,0
2025orwil_qm49,qm,1,49,frc6696,5,0,0,1,0,0,0,0,0,4,0,2,2,3,0,4,0,Attempted l1 but overshot,did not attempt,Ave wilson,None,"Was quite inaccurate when placing,overshot and misplaced",1,1,0,frc5468,frc1540,frc10444,frc6443,frc2550,frc6696,-1,-1,0
2025orwil_qm49,qm,1,49,frc1540,5,0,0,1,0,0,0,0,0,0,0,3,4,3,2,3,0,"Left start, missed preloaded on L4, ground collected two from station, missed one got the other",Continued to try collections and places in an effort to even score. Did not make it to barge zone,Pranav,None,"Extremely fast robot, ran really good cycles due to speedy ground collect, quite inconsistent at placing though. Good at removing algae, emphasis on quick collection",1,0,0,frc5468,frc1540,frc10444,frc6443,frc2550,frc6696,-1,-1,0
2025orwil_qm49,qm,1,49,frc2550,3,0,0,1,0,0,0,0,0,0,2,2,1,0,0,0,0,,,LILY VU!!,Park,MISSED TWO L4,1,0,0,frc5468,frc1540,frc10444,frc6443,frc2550,frc6696,-1,-1,0
2025orwil_qm49,qm,1,49,frc10444,3,0,0,0,0,0,1,0,0,0,2,0,0,0,0,2,0,Tried to score but just shot coral across field,Climbed successfully ,Sam,None,handled some algae then went and played defense. Did not totally clear reef.,1,0,0,frc5468,frc1540,frc10444,frc6443,frc2550,frc6696,-1,-1,0
2025orwil_qm5,qm,1,5,frc1425,5,0,0,0,0,0,1,0,0,0,0,0,0,0,0,0,0,Coral got stuck inside of bot,parked,Naman,Park,I believe we encountered some technical issues however we bounced back with some great defense,1,0,0,frc1425,frc997,frc6831,frc3674,frc1844,frc1540,-1,-1,0
2025orwil_qm5,qm,1,5,frc3674,2,0,0,1,0,0,0,0,0,0,0,4,4,2,0,1,0,was 3 coral but  only made 1,climbed fast,cayden,Deep Climb,missed some coral for L4 ,1,2,0,frc1425,frc997,frc6831,frc3674,frc1844,frc1540,-1,-1,0
2025orwil_qm5,qm,1,5,frc1540,3,0,0,0,0,0,0,0,0,0,0,0,1,3,2,1,0,Auto was just moving forward and removing algae,Just parked,Dev Sharma,Park,"Teleop was quick and efficient, and was mostly l1, l2 and l3 placing. Had ground collect and fast transition into placing.",1,0,1,frc1425,frc997,frc6831,frc3674,frc1844,frc1540,-1,-1,0
2025orwil_qm5,qm,1,5,frc997,3,0,0,0,1,0,0,0,10,0,0,0,0,0,0,0,0,Was not able to be fast enough ,not able to climb and instead parked ,Pranay ,None,only got 13 points,0,0,0,frc1425,frc997,frc6831,frc3674,frc1844,frc1540,-1,-1,0
2025orwil_qm5,qm,1,5,frc1844,1,0,0,0,0,0,0,0,0,0,0,0,0,0,0,0,0,,,,None,,0,0,0,frc1425,frc997,frc6831,frc3674,frc1844,frc1540,-1,-1,1
2025orwil_qm5,qm,1,5,frc6831,1,0,0,0,0,1,0,0,0,0,0,0,5,2,0,1,0,Did well,No attempt,Ave Wilson ,None,consistent,1,1,2,frc1425,frc997,frc6831,frc3674,frc1844,frc1540,-1,-1,0
2025orwil_qm50,qm,1,50,frc4662,1,0,0,0,0,0,0,0,0,0,0,5,0,0,0,0,0,Very slow and missed L4,Kept trying to s ore,Aarush + Ansh,None,"They missed one or two, but overall accurate. Very slow on everything ",1,0,0,frc4662,frc1425,frc957,frc4488,frc997,frc3024,-1,-1,0
2025orwil_qm50,qm,1,50,frc4488,5,0,0,1,0,0,0,0,0,0,0,6,1,0,1,0,0,they auto was okay they scored on in L4 and station collected,they did a deep climb pretty fas,Hendrix Day,Deep Climb,"their telop was good they were mainly scoring coral. they scored in L4 multiple times. the motion of their arm and drive was mostly smooth. they were a pretty goood robot that had 6-8s cycle, with ou ",1,1,0,frc4662,frc1425,frc957,frc4488,frc997,frc3024,-1,-1,0
2025orwil_qm50,qm,1,50,frc3024,3,0,0,0,0,1,0,0,0,2,0,0,0,0,0,3,0,Placed preloaded coral,seemed to try a shallow climb but failed,Ave Wilson ,Park,"overall quite bad, seemed confused, was slow, missed barge multiple times,focused only on algae but was very slow on intake of algae",1,0,0,frc4662,frc1425,frc957,frc4488,frc997,frc3024,-1,-1,0
2025orwil_qm50,qm,1,50,frc1425,5,0,0,3,0,0,0,0,0,0,0,1,2,0,5,1,0,"Scored preloaded, grabbed two from station and placed both",Tried to climb but didn't have enough time to hook. Parked,Pranav,Park,"Speedy bot, able to run multiple cycles quickly and very accurate and consistent place. Scored primarily in L1 to get coral RP.  Removed algae well",0,2,0,frc4662,frc1425,frc957,frc4488,frc997,frc3024,-1,-1,0
2025orwil_qm50,qm,1,50,frc997,5,0,0,0,0,0,0,0,0,0,0,3,3,4,0,1,0,,,LILY VU,None,,1,2,0,frc4662,frc1425,frc957,frc4488,frc997,frc3024,-1,-1,0
2025orwil_qm50,qm,1,50,frc957,4,0,0,3,0,0,0,0,0,0,0,1,3,3,0,1,0,Fast yet steady,Parked only,Sam,Park,"Fast and efficient cycles, good coop with our team",1,0,0,frc4662,frc1425,frc957,frc4488,frc997,frc3024,-1,-1,0
2025orwil_qm51,qm,1,51,frc6831,5,0,0,0,0,0,0,0,0,0,0,0,2,0,1,1,0,Moved and turned a little bit,"Almost got a shallow, but ran out of time",Aarush + Ansh,None,"very fast movement, but very unreliable placements",1,0,0,frc6831,frc4043,frc2915,frc3673,frc3636,frc2374,-1,-1,0
2025orwil_qm51,qm,1,51,frc3673,1,0,0,0,0,0,,0,,,,,,,,,0,,,,None,,1,0,0,frc6831,frc4043,frc2915,frc3673,frc3636,frc2374,-1,-1,0
2025orwil_qm51,qm,1,51,frc2374,3,0,0,0,0,0,0,0,0,0,0,4,0,0,1,0,0,attempted lvl1,did not attempt to climb,Ave wilson,None,Very inacurate with placing,1,0,0,frc6831,frc4043,frc2915,frc3673,frc3636,frc2374,-1,-1,0
2025orwil_qm51,qm,1,51,frc4043,5,0,0,1,0,0,0,0,0,0,0,9,0,0,0,0,0,"Left start, scored preloaded but couldn't place second. Removed algae while going up. Slower auto than usual","Tried to climb but couldn't hook, lifted off at the last second but not enough. Parked",Pranav,Park,"Very speedy bot, single handedly filled almost all L4 and was able to run a lot of cycles. Fairly accurate place since it misses multiple times. ",1,0,1,frc6831,frc4043,frc2915,frc3673,frc3636,frc2374,-1,-1,0
2025orwil_qm51,qm,1,51,frc3636,2,0,0,0,0,0,0,0,135,0,0,0,0,0,0,0,0,Didn't do anything,frozen,Naman,None,encountered issues and were frozen the entire match,0,0,0,frc6831,frc4043,frc2915,frc3673,frc3636,frc2374,-1,-1,0
2025orwil_qm51,qm,1,51,frc2915,1,0,1,0,0,0,1,0,0,0,4,1,0,1,0,1,0,took algae out of the processor,shallow climbed,noor,Shallow Climb,defended against other robots,1,0,0,frc6831,frc4043,frc2915,frc3673,frc3636,frc2374,-1,-1,0
2025orwil_qm52,qm,1,52,frc1540,5,0,0,2,0,0,0,0,0,0,0,3,6,0,1,2,0,3 coral auto but missed one,deep climbed fast and accurately ,Aarush V + Ansh,Deep Climb,"very fast and able to place everywhere really fast and reliably, but missed one",1,2,0,frc1540,frc1595,frc6343,frc4692,frc6696,frc753,-1,-1,0
2025orwil_qm52,qm,1,52,frc4692,3,0,0,1,0,0,0,0,0,0,0,3,0,0,0,0,0,in their auto they only scored once on L4,they just kept scoring and barely parked,Hendrix Day,Park,"their cycles were kind of slow,15 s cycle. but to add to that they missed a acouple station collects and placing the coral down on the reef was inconsistent.",1,0,0,frc1540,frc1595,frc6343,frc4692,frc6696,frc753,-1,-1,0
2025orwil_qm52,qm,1,52,frc753,5,0,0,0,0,0,0,0,0,0,0,2,0,0,0,0,0,went forward a bit,started early ,Ave wilson,Shallow Climb,got a coral stuck in it,1,0,0,frc1540,frc1595,frc6343,frc4692,frc6696,frc753,-1,-1,0
2025orwil_qm52,qm,1,52,frc1595,3,0,0,0,0,0,1,0,0,0,0,0,0,0,0,0,0,Just left,Parked last second,Pranav,Park,"Purely defense bot, can't do anything else. Very small so able to maneuver very well and inconvenience opponents. Stops robots kind of well but so small that not enough weight to push back a robot",1,0,0,frc1540,frc1595,frc6343,frc4692,frc6696,frc753,-1,-1,0
2025orwil_qm52,qm,1,52,frc6696,1,0,0,1,0,0,0,0,0,6,0,5,0,0,0,6,0,Decent auto with one note but missed fish now,incapable of climbing,Naman,Park,Amazing algae but decent coral,1,1,0,frc1540,frc1595,frc6343,frc4692,frc6696,frc753,-1,-1,0
2025orwil_qm52,qm,1,52,frc6343,1,0,1,1,0,0,1,0,0,0,3,2,1,0,1,1,0,removed algae from station collect,no end position,noor,None,defence,1,0,2,frc1540,frc1595,frc6343,frc4692,frc6696,frc753,-1,-1,0
2025orwil_qm53,qm,1,53,frc2550,5,0,0,1,0,0,0,0,0,0,1,5,0,0,0,0,0,"So they missed an l4 , but also made one",parked,Aarush,None,we started free really slow but we finished strong. Very reliable and fast placement,1,0,0,frc2550,frc2521,frc2811,frc1425,frc10444,frc2733,-1,-1,0
2025orwil_qm53,qm,1,53,frc1425,1,,,,,,,,,,,,,,,,0,,,,None,,,,,frc2550,frc2521,frc2811,frc1425,frc10444,frc2733,-1,-1,0
2025orwil_qm53,qm,1,53,frc2733,3,0,0,0,0,0,0,0,0,0,0,4,2,0,0,1,0,,did not seem to attempt,Ave wilson,Park,Placed coral very slowly,1,0,1,frc2550,frc2521,frc2811,frc1425,frc10444,frc2733,-1,-1,0
2025orwil_qm53,qm,1,53,frc2521,1,0,0,3,0,0,0,0,0,0,0,6,3,0,0,0,0,3 coral auto,"Parked (I think, too busy watching us)",Pranav,Park,"Ran multiple cycles on L4, ran a little L3. Very fast and fairly accurate",1,2,0,frc2550,frc2521,frc2811,frc1425,frc10444,frc2733,-1,-1,0
2025orwil_qm53,qm,1,53,frc10444,3,0,0,0,0,1,0,0,0,0,2,0,0,0,0,3,0,Shot the coral,park ,Cayden,Park,focus on algae,1,0,0,frc2550,frc2521,frc2811,frc1425,frc10444,frc2733,-1,-1,0
2025orwil_qm53,qm,1,53,frc2811,1,0,0,0,0,0,,0,,,,,,,,,0,,,,None,,0,0,0,frc2550,frc2521,frc2811,frc1425,frc10444,frc2733,-1,-1,0
2025orwil_qm54,qm,1,54,frc6831,5,0,0,0,0,0,0,0,0,0,0,0,6,0,0,2,0,Moved a little bit and then the grabber went down a little bit,Kept scoring,Aarush + Ansh,None,Fast and reliable. A good pick,1,0,0,frc6831,frc2915,frc2374,frc5970,frc4662,frc957,-1,-1,0
2025orwil_qm54,qm,1,54,frc5970,3,0,0,0,0,1,0,0,0,0,0,0,0,0,4,0,0,"their auto is mid, they only go forward and score once on L1",can climb but it takes a long time for them,Hendrix Day,Deep Climb,"can only score L1 takes 12 seconds per cycle. is not that adptable, got messed up by an alage and defense for a long time. is okay at scoring L1",1,0,0,frc6831,frc2915,frc2374,frc5970,frc4662,frc957,-1,-1,0
2025orwil_qm54,qm,1,54,frc957,1,,,,,,,,,,,,,,,,0,,,,None,,,,,frc6831,frc2915,frc2374,frc5970,frc4662,frc957,-1,-1,0
2025orwil_qm54,qm,1,54,frc2915,4,0,0,0,0,0,1,0,0,0,0,0,0,0,0,0,0,"Just left, nothing else",Stayed broken down till end of match,Pranav,None,"Not a very good bot, was very slowly, tried to do defense, but failed miserably. Ended up wandering aimlessly for a while, doing nothing and defending nothing. Broke down but forgot to count",1,0,0,frc6831,frc2915,frc2374,frc5970,frc4662,frc957,-1,-1,0
2025orwil_qm54,qm,1,54,frc4662,2,0,0,0,0,0,0,0,0,0,0,1,2,1,0,1,0,Moved a foot,no park or climb,Cayden,None,Very slow at coral,1,0,0,frc6831,frc2915,frc2374,frc5970,frc4662,frc957,-1,-1,0
2025orwil_qm54,qm,1,54,frc2374,1,0,1,0,0,0,1,0,0,0,2,4,0,0,0,0,0,consistently took algae,no end position,noor,None,added algae onto l4,1,0,1,frc6831,frc2915,frc2374,frc5970,frc4662,frc957,-1,-1,0
2025orwil_qm55,qm,1,55,frc5975,1,0,0,0,0,0,1,0,0,0,0,0,0,0,1,0,0,Just went to the processor,Parked,Aarush ,None,scored 2 coral then played really good d. They tipped a robot over,1,0,0,frc5975,frc9567,frc4043,frc5468,frc9430,frc997,-1,-1,0
2025orwil_qm55,qm,1,55,frc5468,4,0,0,3,0,0,0,0,62,0,0,2,4,0,0,0,0,"scored three coral, very good auto",they got stuck and were not able to move,Hendrix Day,None,"they were a very good scorer, fast not susceptiale to delays, fast on the cycle. but they got stuck twice for time almost equaling half the match",1,2,0,frc5975,frc9567,frc4043,frc5468,frc9430,frc997,-1,-1,0
2025orwil_qm55,qm,1,55,frc997,,,,,,,,,,,,,,,,,,,,,,,,,,frc5975,frc9567,frc4043,frc5468,frc9430,frc997,-1,-1,
2025orwil_qm55,qm,1,55,frc9567,3,0,0,0,0,1,0,0,0,0,3,0,0,0,2,0,0,"Scored one L1, left","Parked (Maybe deep climb, not sure)",Pranav,Park,"Kind of fast bot, not able to do anything other than L1 and ground algae. Tips frequently and not very accurate at L1, good at processing ground algae",1,0,0,frc5975,frc9567,frc4043,frc5468,frc9430,frc997,-1,-1,0
2025orwil_qm55,qm,1,55,frc9430,2,0,0,0,0,0,0,1,150,0,0,0,0,0,0,1,1,Leave and score l2,sideways ,Cayden,None,take off algae then fell off,1,0,0,frc5975,frc9567,frc4043,frc5468,frc9430,frc997,-1,-1,0
2025orwil_qm55,qm,1,55,frc4043,1,0,1,0,0,0,1,0,0,0,3,4,0,0,0,0,0,algae was taken out of the processor,deep climbed,noor,Deep Climb,defended against other robots,1,0,0,frc5975,frc9567,frc4043,frc5468,frc9430,frc997,-1,-1,0
2025orwil_qm56,qm,1,56,frc3024,,,,,,,,,,,,,,,,,,,,,,,,,,frc3024,frc3636,frc3673,frc2471,frc4488,frc1359,-1,-1,
2025orwil_qm56,qm,1,56,frc2471,,,,,,,,,,,,,,,,,,,,,,,,,,frc3024,frc3636,frc3673,frc2471,frc4488,frc1359,-1,-1,
2025orwil_qm56,qm,1,56,frc1359,1,,,,,,,,,,,,,,,,0,,,,None,,,,,frc3024,frc3636,frc3673,frc2471,frc4488,frc1359,-1,-1,0
2025orwil_qm56,qm,1,56,frc3636,,,,,,,,,,,,,,,,,,,,,,,,,,frc3024,frc3636,frc3673,frc2471,frc4488,frc1359,-1,-1,
2025orwil_qm56,qm,1,56,frc4488,,,,,,,,,,,,,,,,,,,,,,,,,,frc3024,frc3636,frc3673,frc2471,frc4488,frc1359,-1,-1,
2025orwil_qm56,qm,1,56,frc3673,1,,,,,,,,,,,,,,,,0,,,,None,,,,,frc3024,frc3636,frc3673,frc2471,frc4488,frc1359,-1,-1,0
2025orwil_qm57,qm,1,57,frc3674,,,,,,,,,,,,,,,,,,,,,,,,,,frc3674,frc6443,frc1540,frc9600,frc1844,frc6696,-1,-1,
2025orwil_qm57,qm,1,57,frc9600,,,,,,,,,,,,,,,,,,,,,,,,,,frc3674,frc6443,frc1540,frc9600,frc1844,frc6696,-1,-1,
2025orwil_qm57,qm,1,57,frc6696,1,,,,,,,,,,,,,,,,0,,,,None,,,,,frc3674,frc6443,frc1540,frc9600,frc1844,frc6696,-1,-1,0
2025orwil_qm57,qm,1,57,frc6443,,,,,,,,,,,,,,,,,,,,,,,,,,frc3674,frc6443,frc1540,frc9600,frc1844,frc6696,-1,-1,
2025orwil_qm57,qm,1,57,frc1844,,,,,,,,,,,,,,,,,,,,,,,,,,frc3674,frc6443,frc1540,frc9600,frc1844,frc6696,-1,-1,
2025orwil_qm57,qm,1,57,frc1540,,,,,,,,,,,,,,,,,,,,,,,,,,frc3674,frc6443,frc1540,frc9600,frc1844,frc6696,-1,-1,
2025orwil_qm58,qm,1,58,frc4043,,,,,,,,,,,,,,,,,,,,,,,,,,frc4043,frc5468,frc6343,frc2521,frc4662,frc6831,-1,-1,
2025orwil_qm58,qm,1,58,frc2521,,,,,,,,,,,,,,,,,,,,,,,,,,frc4043,frc5468,frc6343,frc2521,frc4662,frc6831,-1,-1,
2025orwil_qm58,qm,1,58,frc6831,1,,,,,,,,,,,,,,,,0,,,,None,,,,,frc4043,frc5468,frc6343,frc2521,frc4662,frc6831,-1,-1,0
2025orwil_qm58,qm,1,58,frc5468,,,,,,,,,,,,,,,,,,,,,,,,,,frc4043,frc5468,frc6343,frc2521,frc4662,frc6831,-1,-1,
2025orwil_qm58,qm,1,58,frc4662,,,,,,,,,,,,,,,,,,,,,,,,,,frc4043,frc5468,frc6343,frc2521,frc4662,frc6831,-1,-1,
2025orwil_qm58,qm,1,58,frc6343,,,,,,,,,,,,,,,,,,,,,,,,,,frc4043,frc5468,frc6343,frc2521,frc4662,frc6831,-1,-1,
2025orwil_qm59,qm,1,59,frc1359,,,,,,,,,,,,,,,,,,,,,,,,,,frc1359,frc9567,frc2915,frc5975,frc997,frc3636,-1,-1,
2025orwil_qm59,qm,1,59,frc5975,,,,,,,,,,,,,,,,,,,,,,,,,,frc1359,frc9567,frc2915,frc5975,frc997,frc3636,-1,-1,
2025orwil_qm59,qm,1,59,frc3636,1,,,,,,,,,,,,,,,,0,,,,None,,,,,frc1359,frc9567,frc2915,frc5975,frc997,frc3636,-1,-1,0
2025orwil_qm59,qm,1,59,frc9567,,,,,,,,,,,,,,,,,,,,,,,,,,frc1359,frc9567,frc2915,frc5975,frc997,frc3636,-1,-1,
2025orwil_qm59,qm,1,59,frc997,,,,,,,,,,,,,,,,,,,,,,,,,,frc1359,frc9567,frc2915,frc5975,frc997,frc3636,-1,-1,
2025orwil_qm59,qm,1,59,frc2915,,,,,,,,,,,,,,,,,,,,,,,,,,frc1359,frc9567,frc2915,frc5975,frc997,frc3636,-1,-1,
2025orwil_qm6,qm,1,6,frc2471,3,0,0,1,0,0,0,0,0,0,0,2,4,1,0,0,0,Great auto but last coral was missed,Capable of deep climb,Naman,Deep Climb,great and efficient cycle times,1,1,0,frc2471,frc4692,frc1359,frc4662,frc2811,frc6443,-1,-1,0
2025orwil_qm6,qm,1,6,frc4662,4,0,0,0,0,0,0,0,0,0,0,4,0,0,0,1,0,got out of the way from 2471,park,cayden,Park,very slow at coral and algae,1,0,0,frc2471,frc4692,frc1359,frc4662,frc2811,frc6443,-1,-1,0
2025orwil_qm6,qm,1,6,frc6443,2,0,0,1,0,0,0,0,0,0,0,2,1,3,2,1,0,"Auto was quick, placed one on l4, and collected one coral from station.","Just parked, but attempted to climb",Dev Sharma,Park,"Teleop was quick, had efficient station collect, placed 1-2 coral on each level, and removed one algae.",1,1,0,frc2471,frc4692,frc1359,frc4662,frc2811,frc6443,-1,-1,0
2025orwil_qm6,qm,1,6,frc4692,2,0,0,2,2,0,0,0,0,0,0,5,0,2,0,1,0,the robot mostly scored on level 4 but also on level 4,able to deep climb and was able to climb ,pranay,Deep Climb,did not procress the algae none did on red alliance ,0,0,0,frc2471,frc4692,frc1359,frc4662,frc2811,frc6443,-1,-1,0
2025orwil_qm6,qm,1,6,frc2811,5,,,,,,0,,0,0,0,6,0,1,0,0,0,did extremly well scored 1 coral in the L4,climbed the deep cage,Shubhi ,None,scored a lot of corals in l4 and l3,,,,frc2471,frc4692,frc1359,frc4662,frc2811,frc6443,-1,-1,0
2025orwil_qm6,qm,1,6,frc1359,2,0,0,0,0,0,0,0,0,0,0,0,0,2,0,0,0,Went forward,attempt to but failed ,Ave wilson,Park,"had trouble with intake, slow",1,0,0,frc2471,frc4692,frc1359,frc4662,frc2811,frc6443,-1,-1,0
2025orwil_qm60,qm,1,60,frc10444,,,,,,,,,,,,,,,,,,,,,,,,,,frc10444,frc1595,frc1844,frc1425,frc3024,frc3673,-1,-1,
2025orwil_qm60,qm,1,60,frc1425,1,,,,,,,,,,,,,,,,0,,,,None,,,,,frc10444,frc1595,frc1844,frc1425,frc3024,frc3673,-1,-1,0
2025orwil_qm60,qm,1,60,frc3673,,,,,,,,,,,,,,,,,,,,,,,,,,frc10444,frc1595,frc1844,frc1425,frc3024,frc3673,-1,-1,
2025orwil_qm60,qm,1,60,frc1595,,,,,,,,,,,,,,,,,,,,,,,,,,frc10444,frc1595,frc1844,frc1425,frc3024,frc3673,-1,-1,
2025orwil_qm60,qm,1,60,frc3024,,,,,,,,,,,,,,,,,,,,,,,,,,frc10444,frc1595,frc1844,frc1425,frc3024,frc3673,-1,-1,
2025orwil_qm60,qm,1,60,frc1844,,,,,,,,,,,,,,,,,,,,,,,,,,frc10444,frc1595,frc1844,frc1425,frc3024,frc3673,-1,-1,
2025orwil_qm61,qm,1,61,frc9430,,,,,,,,,,,,,,,,,,,,,,,,,,frc9430,frc2471,frc753,frc6443,frc957,frc4692,-1,-1,
2025orwil_qm61,qm,1,61,frc6443,,,,,,,,,,,,,,,,,,,,,,,,,,frc9430,frc2471,frc753,frc6443,frc957,frc4692,-1,-1,
2025orwil_qm61,qm,1,61,frc4692,,,,,,,,,,,,,,,,,,,,,,,,,,frc9430,frc2471,frc753,frc6443,frc957,frc4692,-1,-1,
2025orwil_qm61,qm,1,61,frc2471,,,,,,,,,,,,,,,,,,,,,,,,,,frc9430,frc2471,frc753,frc6443,frc957,frc4692,-1,-1,
2025orwil_qm61,qm,1,61,frc957,,,,,,,,,,,,,,,,,,,,,,,,,,frc9430,frc2471,frc753,frc6443,frc957,frc4692,-1,-1,
2025orwil_qm61,qm,1,61,frc753,,,,,,,,,,,,,,,,,,,,,,,,,,frc9430,frc2471,frc753,frc6443,frc957,frc4692,-1,-1,
2025orwil_qm62,qm,1,62,frc5970,,,,,,,,,,,,,,,,,,,,,,,,,,frc5970,frc2811,frc2550,frc2733,frc3674,frc2374,-1,-1,
2025orwil_qm62,qm,1,62,frc2733,,,,,,,,,,,,,,,,,,,,,,,,,,frc5970,frc2811,frc2550,frc2733,frc3674,frc2374,-1,-1,
2025orwil_qm62,qm,1,62,frc2374,,,,,,,,,,,,,,,,,,,,,,,,,,frc5970,frc2811,frc2550,frc2733,frc3674,frc2374,-1,-1,
2025orwil_qm62,qm,1,62,frc2811,,,,,,,,,,,,,,,,,,,,,,,,,,frc5970,frc2811,frc2550,frc2733,frc3674,frc2374,-1,-1,
2025orwil_qm62,qm,1,62,frc3674,,,,,,,,,,,,,,,,,,,,,,,,,,frc5970,frc2811,frc2550,frc2733,frc3674,frc2374,-1,-1,
2025orwil_qm62,qm,1,62,frc2550,,,,,,,,,,,,,,,,,,,,,,,,,,frc5970,frc2811,frc2550,frc2733,frc3674,frc2374,-1,-1,
2025orwil_qm63,qm,1,63,frc4488,,,,,,,,,,,,,,,,,,,,,,,,,,frc4488,frc9600,frc5468,frc2521,frc3673,frc1359,-1,-1,
2025orwil_qm63,qm,1,63,frc2521,,,,,,,,,,,,,,,,,,,,,,,,,,frc4488,frc9600,frc5468,frc2521,frc3673,frc1359,-1,-1,
2025orwil_qm63,qm,1,63,frc1359,,,,,,,,,,,,,,,,,,,,,,,,,,frc4488,frc9600,frc5468,frc2521,frc3673,frc1359,-1,-1,
2025orwil_qm63,qm,1,63,frc9600,,,,,,,,,,,,,,,,,,,,,,,,,,frc4488,frc9600,frc5468,frc2521,frc3673,frc1359,-1,-1,
2025orwil_qm63,qm,1,63,frc3673,,,,,,,,,,,,,,,,,,,,,,,,,,frc4488,frc9600,frc5468,frc2521,frc3673,frc1359,-1,-1,
2025orwil_qm63,qm,1,63,frc5468,,,,,,,,,,,,,,,,,,,,,,,,,,frc4488,frc9600,frc5468,frc2521,frc3673,frc1359,-1,-1,
2025orwil_qm64,qm,1,64,frc3024,,,,,,,,,,,,,,,,,,,,,,,,,,frc3024,frc1540,frc9430,frc6696,frc6831,frc4043,-1,-1,
2025orwil_qm64,qm,1,64,frc6696,,,,,,,,,,,,,,,,,,,,,,,,,,frc3024,frc1540,frc9430,frc6696,frc6831,frc4043,-1,-1,
2025orwil_qm64,qm,1,64,frc4043,,,,,,,,,,,,,,,,,,,,,,,,,,frc3024,frc1540,frc9430,frc6696,frc6831,frc4043,-1,-1,
2025orwil_qm64,qm,1,64,frc1540,,,,,,,,,,,,,,,,,,,,,,,,,,frc3024,frc1540,frc9430,frc6696,frc6831,frc4043,-1,-1,
2025orwil_qm64,qm,1,64,frc6831,,,,,,,,,,,,,,,,,,,,,,,,,,frc3024,frc1540,frc9430,frc6696,frc6831,frc4043,-1,-1,
2025orwil_qm64,qm,1,64,frc9430,,,,,,,,,,,,,,,,,,,,,,,,,,frc3024,frc1540,frc9430,frc6696,frc6831,frc4043,-1,-1,
2025orwil_qm65,qm,1,65,frc1844,,,,,,,,,,,,,,,,,,,,,,,,,,frc1844,frc4662,frc957,frc2915,frc2811,frc5975,-1,-1,
2025orwil_qm65,qm,1,65,frc2915,,,,,,,,,,,,,,,,,,,,,,,,,,frc1844,frc4662,frc957,frc2915,frc2811,frc5975,-1,-1,
2025orwil_qm65,qm,1,65,frc5975,,,,,,,,,,,,,,,,,,,,,,,,,,frc1844,frc4662,frc957,frc2915,frc2811,frc5975,-1,-1,
2025orwil_qm65,qm,1,65,frc4662,,,,,,,,,,,,,,,,,,,,,,,,,,frc1844,frc4662,frc957,frc2915,frc2811,frc5975,-1,-1,
2025orwil_qm65,qm,1,65,frc2811,,,,,,,,,,,,,,,,,,,,,,,,,,frc1844,frc4662,frc957,frc2915,frc2811,frc5975,-1,-1,
2025orwil_qm65,qm,1,65,frc957,,,,,,,,,,,,,,,,,,,,,,,,,,frc1844,frc4662,frc957,frc2915,frc2811,frc5975,-1,-1,
2025orwil_qm66,qm,1,66,frc6343,,,,,,,,,,,,,,,,,,,,,,,,,,frc6343,frc5970,frc997,frc2733,frc4488,frc4692,-1,-1,
2025orwil_qm66,qm,1,66,frc2733,,,,,,,,,,,,,,,,,,,,,,,,,,frc6343,frc5970,frc997,frc2733,frc4488,frc4692,-1,-1,
2025orwil_qm66,qm,1,66,frc4692,,,,,,,,,,,,,,,,,,,,,,,,,,frc6343,frc5970,frc997,frc2733,frc4488,frc4692,-1,-1,
2025orwil_qm66,qm,1,66,frc5970,,,,,,,,,,,,,,,,,,,,,,,,,,frc6343,frc5970,frc997,frc2733,frc4488,frc4692,-1,-1,
2025orwil_qm66,qm,1,66,frc4488,,,,,,,,,,,,,,,,,,,,,,,,,,frc6343,frc5970,frc997,frc2733,frc4488,frc4692,-1,-1,
2025orwil_qm66,qm,1,66,frc997,,,,,,,,,,,,,,,,,,,,,,,,,,frc6343,frc5970,frc997,frc2733,frc4488,frc4692,-1,-1,
2025orwil_qm67,qm,1,67,frc9600,,,,,,,,,,,,,,,,,,,,,,,,,,frc9600,frc1425,frc2471,frc2550,frc3636,frc6443,-1,-1,
2025orwil_qm67,qm,1,67,frc2550,,,,,,,,,,,,,,,,,,,,,,,,,,frc9600,frc1425,frc2471,frc2550,frc3636,frc6443,-1,-1,
2025orwil_qm67,qm,1,67,frc6443,,,,,,,,,,,,,,,,,,,,,,,,,,frc9600,frc1425,frc2471,frc2550,frc3636,frc6443,-1,-1,
2025orwil_qm67,qm,1,67,frc1425,,,,,,,,,,,,,,,,,,,,,,,,,,frc9600,frc1425,frc2471,frc2550,frc3636,frc6443,-1,-1,
2025orwil_qm67,qm,1,67,frc3636,,,,,,,,,,,,,,,,,,,,,,,,,,frc9600,frc1425,frc2471,frc2550,frc3636,frc6443,-1,-1,
2025orwil_qm67,qm,1,67,frc2471,,,,,,,,,,,,,,,,,,,,,,,,,,frc9600,frc1425,frc2471,frc2550,frc3636,frc6443,-1,-1,
2025orwil_qm68,qm,1,68,frc753,,,,,,,,,,,,,,,,,,,,,,,,,,frc753,frc3674,frc9567,frc1595,frc2374,frc10444,-1,-1,
2025orwil_qm68,qm,1,68,frc1595,,,,,,,,,,,,,,,,,,,,,,,,,,frc753,frc3674,frc9567,frc1595,frc2374,frc10444,-1,-1,
2025orwil_qm68,qm,1,68,frc10444,,,,,,,,,,,,,,,,,,,,,,,,,,frc753,frc3674,frc9567,frc1595,frc2374,frc10444,-1,-1,
2025orwil_qm68,qm,1,68,frc3674,,,,,,,,,,,,,,,,,,,,,,,,,,frc753,frc3674,frc9567,frc1595,frc2374,frc10444,-1,-1,
2025orwil_qm68,qm,1,68,frc2374,,,,,,,,,,,,,,,,,,,,,,,,,,frc753,frc3674,frc9567,frc1595,frc2374,frc10444,-1,-1,
2025orwil_qm68,qm,1,68,frc9567,,,,,,,,,,,,,,,,,,,,,,,,,,frc753,frc3674,frc9567,frc1595,frc2374,frc10444,-1,-1,
2025orwil_qm7,qm,1,7,frc6343,1,0,0,1,0,0,0,0,0,0,0,6,0,0,0,0,0,Auto mode was efficient,parked at least moment,Naman,Park,Great and efficient cycles. Loved to see that although coral placement accuracy was a bit shaky at times,1,1,0,frc6343,frc9430,frc2374,frc2915,frc957,frc10444,-1,-1,0
2025orwil_qm7,qm,1,7,frc2915,4,0,0,0,0,0,0,0,0,0,0,2,0,0,0,0,0,just leave,park,cayden,Park,"really slow at coral, missed 3 L4, if you bump into them while they try to place the lose the coral",1,0,0,frc6343,frc9430,frc2374,frc2915,frc957,frc10444,-1,-1,0
2025orwil_qm7,qm,1,7,frc10444,3,0,0,0,0,0,0,0,54,0,2,0,0,0,0,1,0,Auto was just removing algae,"Parked, and didn't attempt to climb",Dev Sharma,Park,"Only removed one more algae, and placed both in processor. Mechanism looked somewhat reliable, but was frozen for almost a minute.",1,0,1,frc6343,frc9430,frc2374,frc2915,frc957,frc10444,-1,-1,0
2025orwil_qm7,qm,1,7,frc9430,1,0,0,0,0,0,0,0,0,0,0,0,1,3,0,1,0,left the start zone but didn't make any other moves.,,Samara D'Souza,Shallow Climb,had a hard time grabbing coral pieces to put on the reef. ,1,0,0,frc6343,frc9430,frc2374,frc2915,frc957,frc10444,-1,-1,0
2025orwil_qm7,qm,1,7,frc957,5,0,0,0,0,0,0,0,0,0,0,2,1,0,0,0,0,Good but could be better,Deep climbed,Shubhi,Deep Climb,good speed. Scored in l4 and L 3,1,0,0,frc6343,frc9430,frc2374,frc2915,frc957,frc10444,-1,-1,0
2025orwil_qm7,qm,1,7,frc2374,3,0,0,0,0,0,0,0,0,0,0,4,1,0,0,1,0,Attempted lvl4 but missed,Robots in the way,Ave Wilson ,None,Nonreliable intake,1,0,0,frc6343,frc9430,frc2374,frc2915,frc957,frc10444,-1,-1,0
2025orwil_qm8,qm,1,8,frc5468,5,0,0,3,0,0,0,0,0,0,0,5,5,5,0,0,0,Great three coral auto,climbed with deep climb,Naman,Deep Climb,super satisfying cycles that were very efficient,1,2,0,frc5468,frc3024,frc5970,frc9567,frc9600,frc1425,-1,-1,0
2025orwil_qm8,qm,1,8,frc9567,5,0,0,0,0,0,0,0,0,0,2,0,0,0,4,0,0,just leave,shallow climbed,cayden,Shallow Climb,"ok at picking up algae from ground, L1 only, slow at coral",1,0,0,frc5468,frc3024,frc5970,frc9567,frc9600,frc1425,-1,-1,0
2025orwil_qm8,qm,1,8,frc1425,3,0,0,0,0,0,1,0,0,0,0,0,0,0,0,0,0,Auto was just moving forward,Parked,Dev Sharma,Park,"Defense, and was really good and effective ",1,0,0,frc5468,frc3024,frc5970,frc9567,frc9600,frc1425,-1,-1,0
2025orwil_qm8,qm,1,8,frc3024,5,0,0,0,0,0,0,0,0,0,0,1,0,0,0,5,0,,Good at climbing and was stable.,Samara D'Souza,Deep Climb,"inconsistent with scoring on the reef, had a hard time scoring coral on the reef.",1,0,0,frc5468,frc3024,frc5970,frc9567,frc9600,frc1425,-1,-1,0
2025orwil_qm8,qm,1,8,frc9600,4,0,0,0,0,1,0,0,0,0,4,0,0,0,3,0,0,Tried to score in l1 but was able to,climbed the deep cage,Shubhi,Deep Climb,scored consistely in processor and L 4,0,0,0,frc5468,frc3024,frc5970,frc9567,frc9600,frc1425,-1,-1,0
2025orwil_qm8,qm,1,8,frc5970,3,0,0,0,0,0,0,0,65,0,0,0,0,0,0,0,0,went forward ,attempt to climb ,Ave Wilson ,Park,frozen till 50 seconds left of teleop,1,0,0,frc5468,frc3024,frc5970,frc9567,frc9600,frc1425,-1,-1,0
2025orwil_qm9,qm,1,9,frc6831,3,0,0,0,0,0,0,0,0,0,0,0,0,0,5,0,0,Auto has removing an algae a little late,parked,Naman,Park,great level one placement but intake was a little confusing for human player because coral kept falling out,1,0,1,frc6831,frc2471,frc4692,frc3636,frc2521,frc3674,-1,-1,0
2025orwil_qm9,qm,1,9,frc3636,4,0,0,0,0,0,0,0,0,0,0,11,0,0,0,0,0,Missed all 3 coral,"hit a robot that was climbed, parked",cayden,Park,"fast at cycles, and accurate ",1,2,0,frc6831,frc2471,frc4692,frc3636,frc2521,frc3674,-1,-1,0
2025orwil_qm9,qm,1,9,frc3674,2,0,0,1,0,0,0,0,0,0,0,0,5,4,0,0,0,"Auto was pretty quick, and scored one coral on l4,","Did deep climb in around 5-6 seconds, but didn't count as teammate came in at the last second and hit them, ",Dev Sharma,Deep Climb,"Had quick cycle time, scored 9 coral, 5 on l3 and 4 on l2. Had reliable station collect and quick placing. ",1,1,0,frc6831,frc2471,frc4692,frc3636,frc2521,frc3674,-1,-1,0
2025orwil_qm9,qm,1,9,frc2471,3,0,0,0,0,0,0,0,0,0,0,0,7,0,0,5,0,left the start zone and attempted to score on L4 coral.,attempted to climb but wasn't able to.,Samara D'Souza,Park,"very inconsistent with scoring on L4 coral, but good at scoring on L3 and removing algae.",1,0,0,frc6831,frc2471,frc4692,frc3636,frc2521,frc3674,-1,-1,0
2025orwil_qm9,qm,1,9,frc2521,5,0,0,2,0,0,0,0,6,0,0,6,1,0,0,0,0,Did good in auto with scoring corals in L4,Tried to score in the L3 but was out of time  ,Shubhi,Park,scored a lot of L4 and the L3,0,0,0,frc6831,frc2471,frc4692,frc3636,frc2521,frc3674,-1,-1,0
2025orwil_qm9,qm,1,9,frc4692,3,0,0,1,0,0,0,0,0,0,0,3,3,0,0,0,0,slow but accurate ,did not make attempt,Ave wilson,Park,"slow, takes a while to line up to place coral",1,0,0,frc6831,frc2471,frc4692,frc3636,frc2521,frc3674,-1,-1,0