key,comp_level,set_number,match_number,team_key,start_Pos_5isBlue,a_L3,a_L2,a_L1,t_ground_alg,t_reefAlgae,t_Net,t_Proc,t_L4,t_L3,t_L2,t_L1,end_Pos,stuck_on_alg,auto_Notes,tele_Notes,a_reefAlgae,match_Scouter,a_Proc,a_L4,endgame_Notes,a_Net,t_Defense,a_Leave,r1,b2,b3,b1,ba_bluescore,r2,r3,ba_redscore
2025dal_qm1,qm,1,1,frc4655,1,0,0,0,0,0,0,0,3,4,4,0,Deep Climb,0,"Scored 3 coral on l4, placing looked efficient and reliable","Focused only on coral cycling, scored 11 coral, only missed two coral places. Station collect was okay.",0,DS,0,3,"Deep climbed, did it in around 12 seconds, and was well over ground.",0,0,1,frc4655,frc3256,frc4451,frc9484,-1,frc2056,frc4415,-1
2025dal_qm1,qm,1,1,frc2056,1,0,0,0,0,3,0,2,1,4,5,6,Deep Climb,0,Great five coral auto,super quick ground collect and extremely versatile with both coral and algae,0,Np,0,5,they climbed pretty quick,0,0,1,frc4655,frc3256,frc4451,frc9484,-1,frc2056,frc4415,-1
2025dal_qm1,qm,1,1,frc4415,3,0,0,0,0,0,1,0,0,4,2,1,Deep Climb,0,They missed their first auto coral,They also missed two algae in the next but have a relatively efficient ground intake,0,SG,0,2,Climb was smooth and timely,0,0,1,frc4655,frc3256,frc4451,frc9484,-1,frc2056,frc4415,-1
2025dal_qm1,qm,1,1,frc9484,4,0,0,0,0,2,0,0,0,3,0,0,None,0,,"Coral stuck, switched to defense",0,LV,0,0,,0,1,1,frc4655,frc3256,frc4451,frc9484,-1,frc2056,frc4415,-1
2025dal_qm1,qm,1,1,frc3256,4,0,0,0,0,4,3,0,1,2,3,0,Park,0,attempted only one ,had trouble with algae intake specifically trouble with algae ground intake,0,Aw,0,1,Attempt to deep climb but was unable to in time seemed to go back and forth perhaps to attempt to latch,0,0,1,frc4655,frc3256,frc4451,frc9484,-1,frc2056,frc4415,-1
2025dal_qm1,qm,1,1,frc4451,2,0,0,0,0,0,0,0,3,1,0,4,None,0,2 coral,,0,hd,0,2,,0,0,1,frc4655,frc3256,frc4451,frc9484,-1,frc2056,frc4415,-1
2025dal_qm10,qm,1,10,frc9301,3,0,0,1,3,0,0,3,0,0,0,6,None,0,Moved forward and placed one coral on l1.,"Cycled a total of 6 coral on l1, pretty good l1 robot and was also good with ground collecting algae and putting it in the processor. ",0,DS,0,0,"Didn't climb or park, as they hit the reef and they stopped/froze.",0,0,1,frc9301,frc1731,frc8738,frc179,-1,frc10698,frc8808,-1
2025dal_qm10,qm,1,10,frc10698,4,0,0,1,0,1,0,0,0,0,0,0,Park,0,decent auto with one coral in level one,very ,0,,0,0,,0,0,1,frc9301,frc1731,frc8738,frc179,-1,frc10698,frc8808,-1
2025dal_qm10,qm,1,10,frc8808,1,0,0,0,0,0,0,0,6,0,0,0,Deep Climb,0,They got stuck on L4 with their second auto coral,They had slow cycling. L4 placement seemed iffy since they missed 2-3 pieces of coral. ,0,SG,0,1,,0,0,1,frc9301,frc1731,frc8738,frc179,-1,frc10698,frc8808,-1
2025dal_qm10,qm,1,10,frc179,1,0,0,0,1,1,2,0,3,4,4,3,None,0,"missed placing 2 coral, missed collecting 1 and ran out of time for the 4th",,1,HD,0,0,They froze right at the beging ,0,0,1,frc9301,frc1731,frc8738,frc179,-1,frc10698,frc8808,-1
2025dal_qm10,qm,1,10,frc1731,3,0,0,0,0,1,1,0,0,1,3,4,None,0,missed multiple times,slow outake had trouble with intake,0,Aw,0,2,frozen entire time,0,0,1,frc9301,frc1731,frc8738,frc179,-1,frc10698,frc8808,-1
2025dal_qm10,qm,1,10,frc8738,1,,,,,,,,,,,,None,0,,,,,,,,,,,frc9301,frc1731,frc8738,frc179,-1,frc10698,frc8808,-1
2025dal_qm100,qm,1,100,frc1671,,,,,,,,,,,,,,,,,,,,,,,,,frc1671,frc3173,frc649,frc10698,-1,frc694,frc7525,-1
2025dal_qm100,qm,1,100,frc694,,,,,,,,,,,,,,,,,,,,,,,,,frc1671,frc3173,frc649,frc10698,-1,frc694,frc7525,-1
2025dal_qm100,qm,1,100,frc7525,,,,,,,,,,,,,,,,,,,,,,,,,frc1671,frc3173,frc649,frc10698,-1,frc694,frc7525,-1
2025dal_qm100,qm,1,100,frc10698,,,,,,,,,,,,,,,,,,,,,,,,,frc1671,frc3173,frc649,frc10698,-1,frc694,frc7525,-1
2025dal_qm100,qm,1,100,frc3173,,,,,,,,,,,,,,,,,,,,,,,,,frc1671,frc3173,frc649,frc10698,-1,frc694,frc7525,-1
2025dal_qm100,qm,1,100,frc649,,,,,,,,,,,,,,,,,,,,,,,,,frc1671,frc3173,frc649,frc10698,-1,frc694,frc7525,-1
2025dal_qm101,qm,1,101,frc6832,,,,,,,,,,,,,,,,,,,,,,,,,frc6832,frc5968,frc2648,frc8808,-1,frc900,frc3792,-1
2025dal_qm101,qm,1,101,frc900,,,,,,,,,,,,,,,,,,,,,,,,,frc6832,frc5968,frc2648,frc8808,-1,frc900,frc3792,-1
2025dal_qm101,qm,1,101,frc3792,,,,,,,,,,,,,,,,,,,,,,,,,frc6832,frc5968,frc2648,frc8808,-1,frc900,frc3792,-1
2025dal_qm101,qm,1,101,frc8808,,,,,,,,,,,,,,,,,,,,,,,,,frc6832,frc5968,frc2648,frc8808,-1,frc900,frc3792,-1
2025dal_qm101,qm,1,101,frc5968,,,,,,,,,,,,,,,,,,,,,,,,,frc6832,frc5968,frc2648,frc8808,-1,frc900,frc3792,-1
2025dal_qm101,qm,1,101,frc2648,,,,,,,,,,,,,,,,,,,,,,,,,frc6832,frc5968,frc2648,frc8808,-1,frc900,frc3792,-1
2025dal_qm102,qm,1,102,frc8575,,,,,,,,,,,,,,,,,,,,,,,,,frc8575,frc1369,frc1847,frc3256,-1,frc3284,frc6995,-1
2025dal_qm102,qm,1,102,frc3284,,,,,,,,,,,,,,,,,,,,,,,,,frc8575,frc1369,frc1847,frc3256,-1,frc3284,frc6995,-1
2025dal_qm102,qm,1,102,frc6995,,,,,,,,,,,,,,,,,,,,,,,,,frc8575,frc1369,frc1847,frc3256,-1,frc3284,frc6995,-1
2025dal_qm102,qm,1,102,frc3256,,,,,,,,,,,,,,,,,,,,,,,,,frc8575,frc1369,frc1847,frc3256,-1,frc3284,frc6995,-1
2025dal_qm102,qm,1,102,frc1369,,,,,,,,,,,,,,,,,,,,,,,,,frc8575,frc1369,frc1847,frc3256,-1,frc3284,frc6995,-1
2025dal_qm102,qm,1,102,frc1847,,,,,,,,,,,,,,,,,,,,,,,,,frc8575,frc1369,frc1847,frc3256,-1,frc3284,frc6995,-1
2025dal_qm103,qm,1,103,frc537,,,,,,,,,,,,,,,,,,,,,,,,,frc537,frc4415,frc418,frc9432,-1,frc4005,frc1833,-1
2025dal_qm103,qm,1,103,frc4005,,,,,,,,,,,,,,,,,,,,,,,,,frc537,frc4415,frc418,frc9432,-1,frc4005,frc1833,-1
2025dal_qm103,qm,1,103,frc1833,,,,,,,,,,,,,,,,,,,,,,,,,frc537,frc4415,frc418,frc9432,-1,frc4005,frc1833,-1
2025dal_qm103,qm,1,103,frc9432,,,,,,,,,,,,,,,,,,,,,,,,,frc537,frc4415,frc418,frc9432,-1,frc4005,frc1833,-1
2025dal_qm103,qm,1,103,frc4415,,,,,,,,,,,,,,,,,,,,,,,,,frc537,frc4415,frc418,frc9432,-1,frc4005,frc1833,-1
2025dal_qm103,qm,1,103,frc418,,,,,,,,,,,,,,,,,,,,,,,,,frc537,frc4415,frc418,frc9432,-1,frc4005,frc1833,-1
2025dal_qm104,qm,1,104,frc9032,,,,,,,,,,,,,,,,,,,,,,,,,frc9032,frc7034,frc78,frc2438,-1,frc10260,frc9484,-1
2025dal_qm104,qm,1,104,frc10260,,,,,,,,,,,,,,,,,,,,,,,,,frc9032,frc7034,frc78,frc2438,-1,frc10260,frc9484,-1
2025dal_qm104,qm,1,104,frc9484,,,,,,,,,,,,,,,,,,,,,,,,,frc9032,frc7034,frc78,frc2438,-1,frc10260,frc9484,-1
2025dal_qm104,qm,1,104,frc2438,,,,,,,,,,,,,,,,,,,,,,,,,frc9032,frc7034,frc78,frc2438,-1,frc10260,frc9484,-1
2025dal_qm104,qm,1,104,frc7034,,,,,,,,,,,,,,,,,,,,,,,,,frc9032,frc7034,frc78,frc2438,-1,frc10260,frc9484,-1
2025dal_qm104,qm,1,104,frc78,,,,,,,,,,,,,,,,,,,,,,,,,frc9032,frc7034,frc78,frc2438,-1,frc10260,frc9484,-1
2025dal_qm105,qm,1,105,frc2630,,,,,,,,,,,,,,,,,,,,,,,,,frc2630,frc7048,frc1481,frc6911,-1,frc7257,frc179,-1
2025dal_qm105,qm,1,105,frc7257,,,,,,,,,,,,,,,,,,,,,,,,,frc2630,frc7048,frc1481,frc6911,-1,frc7257,frc179,-1
2025dal_qm105,qm,1,105,frc179,,,,,,,,,,,,,,,,,,,,,,,,,frc2630,frc7048,frc1481,frc6911,-1,frc7257,frc179,-1
2025dal_qm105,qm,1,105,frc6911,,,,,,,,,,,,,,,,,,,,,,,,,frc2630,frc7048,frc1481,frc6911,-1,frc7257,frc179,-1
2025dal_qm105,qm,1,105,frc7048,,,,,,,,,,,,,,,,,,,,,,,,,frc2630,frc7048,frc1481,frc6911,-1,frc7257,frc179,-1
2025dal_qm105,qm,1,105,frc1481,,,,,,,,,,,,,,,,,,,,,,,,,frc2630,frc7048,frc1481,frc6911,-1,frc7257,frc179,-1
2025dal_qm106,qm,1,106,frc4421,,,,,,,,,,,,,,,,,,,,,,,,,frc4421,frc4967,frc4607,frc8738,-1,frc494,frc6348,-1
2025dal_qm106,qm,1,106,frc494,,,,,,,,,,,,,,,,,,,,,,,,,frc4421,frc4967,frc4607,frc8738,-1,frc494,frc6348,-1
2025dal_qm106,qm,1,106,frc6348,,,,,,,,,,,,,,,,,,,,,,,,,frc4421,frc4967,frc4607,frc8738,-1,frc494,frc6348,-1
2025dal_qm106,qm,1,106,frc8738,,,,,,,,,,,,,,,,,,,,,,,,,frc4421,frc4967,frc4607,frc8738,-1,frc494,frc6348,-1
2025dal_qm106,qm,1,106,frc4967,,,,,,,,,,,,,,,,,,,,,,,,,frc4421,frc4967,frc4607,frc8738,-1,frc494,frc6348,-1
2025dal_qm106,qm,1,106,frc4607,,,,,,,,,,,,,,,,,,,,,,,,,frc4421,frc4967,frc4607,frc8738,-1,frc494,frc6348,-1
2025dal_qm107,qm,1,107,frc4786,,,,,,,,,,,,,,,,,,,,,,,,,frc4786,frc5660,frc6017,frc1678,-1,frc1796,frc1507,-1
2025dal_qm107,qm,1,107,frc1796,,,,,,,,,,,,,,,,,,,,,,,,,frc4786,frc5660,frc6017,frc1678,-1,frc1796,frc1507,-1
2025dal_qm107,qm,1,107,frc1507,,,,,,,,,,,,,,,,,,,,,,,,,frc4786,frc5660,frc6017,frc1678,-1,frc1796,frc1507,-1
2025dal_qm107,qm,1,107,frc1678,,,,,,,,,,,,,,,,,,,,,,,,,frc4786,frc5660,frc6017,frc1678,-1,frc1796,frc1507,-1
2025dal_qm107,qm,1,107,frc5660,,,,,,,,,,,,,,,,,,,,,,,,,frc4786,frc5660,frc6017,frc1678,-1,frc1796,frc1507,-1
2025dal_qm107,qm,1,107,frc6017,,,,,,,,,,,,,,,,,,,,,,,,,frc4786,frc5660,frc6017,frc1678,-1,frc1796,frc1507,-1
2025dal_qm108,qm,1,108,frc4068,,,,,,,,,,,,,,,,,,,,,,,,,frc4068,frc226,frc10698,frc4613,-1,frc3891,frc9280,-1
2025dal_qm108,qm,1,108,frc3891,,,,,,,,,,,,,,,,,,,,,,,,,frc4068,frc226,frc10698,frc4613,-1,frc3891,frc9280,-1
2025dal_qm108,qm,1,108,frc9280,,,,,,,,,,,,,,,,,,,,,,,,,frc4068,frc226,frc10698,frc4613,-1,frc3891,frc9280,-1
2025dal_qm108,qm,1,108,frc4613,,,,,,,,,,,,,,,,,,,,,,,,,frc4068,frc226,frc10698,frc4613,-1,frc3891,frc9280,-1
2025dal_qm108,qm,1,108,frc226,,,,,,,,,,,,,,,,,,,,,,,,,frc4068,frc226,frc10698,frc4613,-1,frc3891,frc9280,-1
2025dal_qm108,qm,1,108,frc10698,,,,,,,,,,,,,,,,,,,,,,,,,frc4068,frc226,frc10698,frc4613,-1,frc3891,frc9280,-1
2025dal_qm109,qm,1,109,frc7525,,,,,,,,,,,,,,,,,,,,,,,,,frc7525,frc2724,frc4013,frc6146,-1,frc4451,frc9301,-1
2025dal_qm109,qm,1,109,frc4451,,,,,,,,,,,,,,,,,,,,,,,,,frc7525,frc2724,frc4013,frc6146,-1,frc4451,frc9301,-1
2025dal_qm109,qm,1,109,frc9301,,,,,,,,,,,,,,,,,,,,,,,,,frc7525,frc2724,frc4013,frc6146,-1,frc4451,frc9301,-1
2025dal_qm109,qm,1,109,frc6146,,,,,,,,,,,,,,,,,,,,,,,,,frc7525,frc2724,frc4013,frc6146,-1,frc4451,frc9301,-1
2025dal_qm109,qm,1,109,frc2724,,,,,,,,,,,,,,,,,,,,,,,,,frc7525,frc2724,frc4013,frc6146,-1,frc4451,frc9301,-1
2025dal_qm109,qm,1,109,frc4013,,,,,,,,,,,,,,,,,,,,,,,,,frc7525,frc2724,frc4013,frc6146,-1,frc4451,frc9301,-1
2025dal_qm11,qm,1,11,frc2648,1,,,,,,,,,,,,None,0,,,,,,,,,,,frc2648,frc7525,frc9432,frc3255,-1,frc2630,frc3891,-1
2025dal_qm11,qm,1,11,frc2630,1,,,,,,,,,,,,None,0,,,,,,,,,,,frc2648,frc7525,frc9432,frc3255,-1,frc2630,frc3891,-1
2025dal_qm11,qm,1,11,frc3891,1,,,,,,,,,,,,None,0,,,,,,,,,,,frc2648,frc7525,frc9432,frc3255,-1,frc2630,frc3891,-1
2025dal_qm11,qm,1,11,frc3255,,,,,,,,,,,,,,,,,,,,,,,,,frc2648,frc7525,frc9432,frc3255,-1,frc2630,frc3891,-1
2025dal_qm11,qm,1,11,frc7525,3,,,,,,,,,,,,None,0,,,,,,,,,,,frc2648,frc7525,frc9432,frc3255,-1,frc2630,frc3891,-1
2025dal_qm11,qm,1,11,frc9432,1,0,0,0,,,,,,,,,None,0,,,0,,0,0,,0,,0,frc2648,frc7525,frc9432,frc3255,-1,frc2630,frc3891,-1
2025dal_qm110,qm,1,110,frc1425,,,,,,,,,,,,,,,,,,,,,,,,,frc1425,frc9199,frc1671,frc10291,-1,frc2056,frc3297,-1
2025dal_qm110,qm,1,110,frc2056,,,,,,,,,,,,,,,,,,,,,,,,,frc1425,frc9199,frc1671,frc10291,-1,frc2056,frc3297,-1
2025dal_qm110,qm,1,110,frc3297,,,,,,,,,,,,,,,,,,,,,,,,,frc1425,frc9199,frc1671,frc10291,-1,frc2056,frc3297,-1
2025dal_qm110,qm,1,110,frc10291,,,,,,,,,,,,,,,,,,,,,,,,,frc1425,frc9199,frc1671,frc10291,-1,frc2056,frc3297,-1
2025dal_qm110,qm,1,110,frc9199,,,,,,,,,,,,,,,,,,,,,,,,,frc1425,frc9199,frc1671,frc10291,-1,frc2056,frc3297,-1
2025dal_qm110,qm,1,110,frc1671,,,,,,,,,,,,,,,,,,,,,,,,,frc1425,frc9199,frc1671,frc10291,-1,frc2056,frc3297,-1
2025dal_qm111,qm,1,111,frc7197,,,,,,,,,,,,,,,,,,,,,,,,,frc7197,frc3255,frc3492,frc6083,-1,frc3173,frc302,-1
2025dal_qm111,qm,1,111,frc3173,,,,,,,,,,,,,,,,,,,,,,,,,frc7197,frc3255,frc3492,frc6083,-1,frc3173,frc302,-1
2025dal_qm111,qm,1,111,frc302,,,,,,,,,,,,,,,,,,,,,,,,,frc7197,frc3255,frc3492,frc6083,-1,frc3173,frc302,-1
2025dal_qm111,qm,1,111,frc6083,,,,,,,,,,,,,,,,,,,,,,,,,frc7197,frc3255,frc3492,frc6083,-1,frc3173,frc302,-1
2025dal_qm111,qm,1,111,frc3255,,,,,,,,,,,,,,,,,,,,,,,,,frc7197,frc3255,frc3492,frc6083,-1,frc3173,frc302,-1
2025dal_qm111,qm,1,111,frc3492,,,,,,,,,,,,,,,,,,,,,,,,,frc7197,frc3255,frc3492,frc6083,-1,frc3173,frc302,-1
2025dal_qm112,qm,1,112,frc9312,,,,,,,,,,,,,,,,,,,,,,,,,frc9312,frc4655,frc6909,frc4500,-1,frc1731,frc694,-1
2025dal_qm112,qm,1,112,frc1731,,,,,,,,,,,,,,,,,,,,,,,,,frc9312,frc4655,frc6909,frc4500,-1,frc1731,frc694,-1
2025dal_qm112,qm,1,112,frc694,,,,,,,,,,,,,,,,,,,,,,,,,frc9312,frc4655,frc6909,frc4500,-1,frc1731,frc694,-1
2025dal_qm112,qm,1,112,frc4500,,,,,,,,,,,,,,,,,,,,,,,,,frc9312,frc4655,frc6909,frc4500,-1,frc1731,frc694,-1
2025dal_qm112,qm,1,112,frc4655,,,,,,,,,,,,,,,,,,,,,,,,,frc9312,frc4655,frc6909,frc4500,-1,frc1731,frc694,-1
2025dal_qm112,qm,1,112,frc6909,,,,,,,,,,,,,,,,,,,,,,,,,frc9312,frc4655,frc6909,frc4500,-1,frc1731,frc694,-1
2025dal_qm113,qm,1,113,frc4415,,,,,,,,,,,,,,,,,,,,,,,,,frc4415,frc9032,frc179,frc2129,-1,frc6424,frc649,-1
2025dal_qm113,qm,1,113,frc6424,,,,,,,,,,,,,,,,,,,,,,,,,frc4415,frc9032,frc179,frc2129,-1,frc6424,frc649,-1
2025dal_qm113,qm,1,113,frc649,,,,,,,,,,,,,,,,,,,,,,,,,frc4415,frc9032,frc179,frc2129,-1,frc6424,frc649,-1
2025dal_qm113,qm,1,113,frc2129,,,,,,,,,,,,,,,,,,,,,,,,,frc4415,frc9032,frc179,frc2129,-1,frc6424,frc649,-1
2025dal_qm113,qm,1,113,frc9032,,,,,,,,,,,,,,,,,,,,,,,,,frc4415,frc9032,frc179,frc2129,-1,frc6424,frc649,-1
2025dal_qm113,qm,1,113,frc179,,,,,,,,,,,,,,,,,,,,,,,,,frc4415,frc9032,frc179,frc2129,-1,frc6424,frc649,-1
2025dal_qm114,qm,1,114,frc9432,,,,,,,,,,,,,,,,,,,,,,,,,frc9432,frc7048,frc3256,frc6832,-1,frc9484,frc4607,-1
2025dal_qm114,qm,1,114,frc9484,,,,,,,,,,,,,,,,,,,,,,,,,frc9432,frc7048,frc3256,frc6832,-1,frc9484,frc4607,-1
2025dal_qm114,qm,1,114,frc4607,,,,,,,,,,,,,,,,,,,,,,,,,frc9432,frc7048,frc3256,frc6832,-1,frc9484,frc4607,-1
2025dal_qm114,qm,1,114,frc6832,,,,,,,,,,,,,,,,,,,,,,,,,frc9432,frc7048,frc3256,frc6832,-1,frc9484,frc4607,-1
2025dal_qm114,qm,1,114,frc7048,,,,,,,,,,,,,,,,,,,,,,,,,frc9432,frc7048,frc3256,frc6832,-1,frc9484,frc4607,-1
2025dal_qm114,qm,1,114,frc3256,,,,,,,,,,,,,,,,,,,,,,,,,frc9432,frc7048,frc3256,frc6832,-1,frc9484,frc4607,-1
2025dal_qm115,qm,1,115,frc1833,,,,,,,,,,,,,,,,,,,,,,,,,frc1833,frc4421,frc3284,frc5660,-1,frc1481,frc2648,-1
2025dal_qm115,qm,1,115,frc1481,,,,,,,,,,,,,,,,,,,,,,,,,frc1833,frc4421,frc3284,frc5660,-1,frc1481,frc2648,-1
2025dal_qm115,qm,1,115,frc2648,,,,,,,,,,,,,,,,,,,,,,,,,frc1833,frc4421,frc3284,frc5660,-1,frc1481,frc2648,-1
2025dal_qm115,qm,1,115,frc5660,,,,,,,,,,,,,,,,,,,,,,,,,frc1833,frc4421,frc3284,frc5660,-1,frc1481,frc2648,-1
2025dal_qm115,qm,1,115,frc4421,,,,,,,,,,,,,,,,,,,,,,,,,frc1833,frc4421,frc3284,frc5660,-1,frc1481,frc2648,-1
2025dal_qm115,qm,1,115,frc3284,,,,,,,,,,,,,,,,,,,,,,,,,frc1833,frc4421,frc3284,frc5660,-1,frc1481,frc2648,-1
2025dal_qm116,qm,1,116,frc4613,,,,,,,,,,,,,,,,,,,,,,,,,frc4613,frc1796,frc10260,frc900,-1,frc1369,frc6995,-1
2025dal_qm116,qm,1,116,frc1369,,,,,,,,,,,,,,,,,,,,,,,,,frc4613,frc1796,frc10260,frc900,-1,frc1369,frc6995,-1
2025dal_qm116,qm,1,116,frc6995,,,,,,,,,,,,,,,,,,,,,,,,,frc4613,frc1796,frc10260,frc900,-1,frc1369,frc6995,-1
2025dal_qm116,qm,1,116,frc900,,,,,,,,,,,,,,,,,,,,,,,,,frc4613,frc1796,frc10260,frc900,-1,frc1369,frc6995,-1
2025dal_qm116,qm,1,116,frc1796,,,,,,,,,,,,,,,,,,,,,,,,,frc4613,frc1796,frc10260,frc900,-1,frc1369,frc6995,-1
2025dal_qm116,qm,1,116,frc10260,,,,,,,,,,,,,,,,,,,,,,,,,frc4613,frc1796,frc10260,frc900,-1,frc1369,frc6995,-1
2025dal_qm117,qm,1,117,frc4967,,,,,,,,,,,,,,,,,,,,,,,,,frc4967,frc1847,frc6911,frc537,-1,frc3891,frc4013,-1
2025dal_qm117,qm,1,117,frc3891,,,,,,,,,,,,,,,,,,,,,,,,,frc4967,frc1847,frc6911,frc537,-1,frc3891,frc4013,-1
2025dal_qm117,qm,1,117,frc4013,,,,,,,,,,,,,,,,,,,,,,,,,frc4967,frc1847,frc6911,frc537,-1,frc3891,frc4013,-1
2025dal_qm117,qm,1,117,frc537,,,,,,,,,,,,,,,,,,,,,,,,,frc4967,frc1847,frc6911,frc537,-1,frc3891,frc4013,-1
2025dal_qm117,qm,1,117,frc1847,,,,,,,,,,,,,,,,,,,,,,,,,frc4967,frc1847,frc6911,frc537,-1,frc3891,frc4013,-1
2025dal_qm117,qm,1,117,frc6911,,,,,,,,,,,,,,,,,,,,,,,,,frc4967,frc1847,frc6911,frc537,-1,frc3891,frc4013,-1
2025dal_qm118,qm,1,118,frc4451,,,,,,,,,,,,,,,,,,,,,,,,,frc4451,frc1671,frc4005,frc1425,-1,frc8808,frc226,-1
2025dal_qm118,qm,1,118,frc8808,,,,,,,,,,,,,,,,,,,,,,,,,frc4451,frc1671,frc4005,frc1425,-1,frc8808,frc226,-1
2025dal_qm118,qm,1,118,frc226,,,,,,,,,,,,,,,,,,,,,,,,,frc4451,frc1671,frc4005,frc1425,-1,frc8808,frc226,-1
2025dal_qm118,qm,1,118,frc1425,,,,,,,,,,,,,,,,,,,,,,,,,frc4451,frc1671,frc4005,frc1425,-1,frc8808,frc226,-1
2025dal_qm118,qm,1,118,frc1671,,,,,,,,,,,,,,,,,,,,,,,,,frc4451,frc1671,frc4005,frc1425,-1,frc8808,frc226,-1
2025dal_qm118,qm,1,118,frc4005,,,,,,,,,,,,,,,,,,,,,,,,,frc4451,frc1671,frc4005,frc1425,-1,frc8808,frc226,-1
2025dal_qm119,qm,1,119,frc6017,,,,,,,,,,,,,,,,,,,,,,,,,frc6017,frc6146,frc3297,frc2438,-1,frc4068,frc302,-1
2025dal_qm119,qm,1,119,frc4068,,,,,,,,,,,,,,,,,,,,,,,,,frc6017,frc6146,frc3297,frc2438,-1,frc4068,frc302,-1
2025dal_qm119,qm,1,119,frc302,,,,,,,,,,,,,,,,,,,,,,,,,frc6017,frc6146,frc3297,frc2438,-1,frc4068,frc302,-1
2025dal_qm119,qm,1,119,frc2438,,,,,,,,,,,,,,,,,,,,,,,,,frc6017,frc6146,frc3297,frc2438,-1,frc4068,frc302,-1
2025dal_qm119,qm,1,119,frc6146,,,,,,,,,,,,,,,,,,,,,,,,,frc6017,frc6146,frc3297,frc2438,-1,frc4068,frc302,-1
2025dal_qm119,qm,1,119,frc3297,,,,,,,,,,,,,,,,,,,,,,,,,frc6017,frc6146,frc3297,frc2438,-1,frc4068,frc302,-1
2025dal_qm12,qm,1,12,frc3284,,,,,,,,,,,,,,,,,,,,,,,,,frc3284,frc537,frc226,frc5968,-1,frc2129,frc494,-1
2025dal_qm12,qm,1,12,frc2129,,,,,,,,,,,,,,,,,,,,,,,,,frc3284,frc537,frc226,frc5968,-1,frc2129,frc494,-1
2025dal_qm12,qm,1,12,frc494,,,,,,,,,,,,,,,,,,,,,,,,,frc3284,frc537,frc226,frc5968,-1,frc2129,frc494,-1
2025dal_qm12,qm,1,12,frc5968,,,,,,,,,,,,,,,,,,,,,,,,,frc3284,frc537,frc226,frc5968,-1,frc2129,frc494,-1
2025dal_qm12,qm,1,12,frc537,1,,,,,,,,,,,,None,0,,,,,,,,,,,frc3284,frc537,frc226,frc5968,-1,frc2129,frc494,-1
2025dal_qm12,qm,1,12,frc226,,,,,,,,,,,,,,,,,,,,,,,,,frc3284,frc537,frc226,frc5968,-1,frc2129,frc494,-1
2025dal_qm120,qm,1,120,frc4500,,,,,,,,,,,,,,,,,,,,,,,,,frc4500,frc7525,frc4655,frc6348,-1,frc4786,frc7197,-1
2025dal_qm120,qm,1,120,frc4786,,,,,,,,,,,,,,,,,,,,,,,,,frc4500,frc7525,frc4655,frc6348,-1,frc4786,frc7197,-1
2025dal_qm120,qm,1,120,frc7197,,,,,,,,,,,,,,,,,,,,,,,,,frc4500,frc7525,frc4655,frc6348,-1,frc4786,frc7197,-1
2025dal_qm120,qm,1,120,frc6348,,,,,,,,,,,,,,,,,,,,,,,,,frc4500,frc7525,frc4655,frc6348,-1,frc4786,frc7197,-1
2025dal_qm120,qm,1,120,frc7525,,,,,,,,,,,,,,,,,,,,,,,,,frc4500,frc7525,frc4655,frc6348,-1,frc4786,frc7197,-1
2025dal_qm120,qm,1,120,frc4655,,,,,,,,,,,,,,,,,,,,,,,,,frc4500,frc7525,frc4655,frc6348,-1,frc4786,frc7197,-1
2025dal_qm121,qm,1,121,frc9280,,,,,,,,,,,,,,,,,,,,,,,,,frc9280,frc418,frc3173,frc78,-1,frc5968,frc10291,-1
2025dal_qm121,qm,1,121,frc5968,,,,,,,,,,,,,,,,,,,,,,,,,frc9280,frc418,frc3173,frc78,-1,frc5968,frc10291,-1
2025dal_qm121,qm,1,121,frc10291,,,,,,,,,,,,,,,,,,,,,,,,,frc9280,frc418,frc3173,frc78,-1,frc5968,frc10291,-1
2025dal_qm121,qm,1,121,frc78,,,,,,,,,,,,,,,,,,,,,,,,,frc9280,frc418,frc3173,frc78,-1,frc5968,frc10291,-1
2025dal_qm121,qm,1,121,frc418,,,,,,,,,,,,,,,,,,,,,,,,,frc9280,frc418,frc3173,frc78,-1,frc5968,frc10291,-1
2025dal_qm121,qm,1,121,frc3173,,,,,,,,,,,,,,,,,,,,,,,,,frc9280,frc418,frc3173,frc78,-1,frc5968,frc10291,-1
2025dal_qm122,qm,1,122,frc8575,,,,,,,,,,,,,,,,,,,,,,,,,frc8575,frc6909,frc9301,frc7257,-1,frc3255,frc3792,-1
2025dal_qm122,qm,1,122,frc3255,,,,,,,,,,,,,,,,,,,,,,,,,frc8575,frc6909,frc9301,frc7257,-1,frc3255,frc3792,-1
2025dal_qm122,qm,1,122,frc3792,,,,,,,,,,,,,,,,,,,,,,,,,frc8575,frc6909,frc9301,frc7257,-1,frc3255,frc3792,-1
2025dal_qm122,qm,1,122,frc7257,,,,,,,,,,,,,,,,,,,,,,,,,frc8575,frc6909,frc9301,frc7257,-1,frc3255,frc3792,-1
2025dal_qm122,qm,1,122,frc6909,,,,,,,,,,,,,,,,,,,,,,,,,frc8575,frc6909,frc9301,frc7257,-1,frc3255,frc3792,-1
2025dal_qm122,qm,1,122,frc9301,,,,,,,,,,,,,,,,,,,,,,,,,frc8575,frc6909,frc9301,frc7257,-1,frc3255,frc3792,-1
2025dal_qm123,qm,1,123,frc649,,,,,,,,,,,,,,,,,,,,,,,,,frc649,frc2630,frc8738,frc9199,-1,frc1678,frc9312,-1
2025dal_qm123,qm,1,123,frc1678,,,,,,,,,,,,,,,,,,,,,,,,,frc649,frc2630,frc8738,frc9199,-1,frc1678,frc9312,-1
2025dal_qm123,qm,1,123,frc9312,,,,,,,,,,,,,,,,,,,,,,,,,frc649,frc2630,frc8738,frc9199,-1,frc1678,frc9312,-1
2025dal_qm123,qm,1,123,frc9199,,,,,,,,,,,,,,,,,,,,,,,,,frc649,frc2630,frc8738,frc9199,-1,frc1678,frc9312,-1
2025dal_qm123,qm,1,123,frc2630,,,,,,,,,,,,,,,,,,,,,,,,,frc649,frc2630,frc8738,frc9199,-1,frc1678,frc9312,-1
2025dal_qm123,qm,1,123,frc8738,,,,,,,,,,,,,,,,,,,,,,,,,frc649,frc2630,frc8738,frc9199,-1,frc1678,frc9312,-1
2025dal_qm124,qm,1,124,frc3492,,,,,,,,,,,,,,,,,,,,,,,,,frc3492,frc1507,frc10698,frc2056,-1,frc7034,frc2129,-1
2025dal_qm124,qm,1,124,frc7034,,,,,,,,,,,,,,,,,,,,,,,,,frc3492,frc1507,frc10698,frc2056,-1,frc7034,frc2129,-1
2025dal_qm124,qm,1,124,frc2129,,,,,,,,,,,,,,,,,,,,,,,,,frc3492,frc1507,frc10698,frc2056,-1,frc7034,frc2129,-1
2025dal_qm124,qm,1,124,frc2056,,,,,,,,,,,,,,,,,,,,,,,,,frc3492,frc1507,frc10698,frc2056,-1,frc7034,frc2129,-1
2025dal_qm124,qm,1,124,frc1507,,,,,,,,,,,,,,,,,,,,,,,,,frc3492,frc1507,frc10698,frc2056,-1,frc7034,frc2129,-1
2025dal_qm124,qm,1,124,frc10698,,,,,,,,,,,,,,,,,,,,,,,,,frc3492,frc1507,frc10698,frc2056,-1,frc7034,frc2129,-1
2025dal_qm125,qm,1,125,frc494,,,,,,,,,,,,,,,,,,,,,,,,,frc494,frc2724,frc6083,frc1731,-1,frc694,frc6424,-1
2025dal_qm125,qm,1,125,frc694,,,,,,,,,,,,,,,,,,,,,,,,,frc494,frc2724,frc6083,frc1731,-1,frc694,frc6424,-1
2025dal_qm125,qm,1,125,frc6424,,,,,,,,,,,,,,,,,,,,,,,,,frc494,frc2724,frc6083,frc1731,-1,frc694,frc6424,-1
2025dal_qm125,qm,1,125,frc1731,,,,,,,,,,,,,,,,,,,,,,,,,frc494,frc2724,frc6083,frc1731,-1,frc694,frc6424,-1
2025dal_qm125,qm,1,125,frc2724,,,,,,,,,,,,,,,,,,,,,,,,,frc494,frc2724,frc6083,frc1731,-1,frc694,frc6424,-1
2025dal_qm125,qm,1,125,frc6083,,,,,,,,,,,,,,,,,,,,,,,,,frc494,frc2724,frc6083,frc1731,-1,frc694,frc6424,-1
2025dal_qm13,qm,1,13,frc4500,,,,,,,,,,,,,,,,,,,,,,,,,frc4500,frc1671,frc3492,frc1369,-1,frc2438,frc6832,-1
2025dal_qm13,qm,1,13,frc2438,,,,,,,,,,,,,,,,,,,,,,,,,frc4500,frc1671,frc3492,frc1369,-1,frc2438,frc6832,-1
2025dal_qm13,qm,1,13,frc6832,,,,,,,,,,,,,,,,,,,,,,,,,frc4500,frc1671,frc3492,frc1369,-1,frc2438,frc6832,-1
2025dal_qm13,qm,1,13,frc1369,,,,,,,,,,,,,,,,,,,,,,,,,frc4500,frc1671,frc3492,frc1369,-1,frc2438,frc6832,-1
2025dal_qm13,qm,1,13,frc1671,,,,,,,,,,,,,,,,,,,,,,,,,frc4500,frc1671,frc3492,frc1369,-1,frc2438,frc6832,-1
2025dal_qm13,qm,1,13,frc3492,,,,,,,,,,,,,,,,,,,,,,,,,frc4500,frc1671,frc3492,frc1369,-1,frc2438,frc6832,-1
2025dal_qm14,qm,1,14,frc10291,,,,,,,,,,,,,,,,,,,,,,,,,frc10291,frc6911,frc3792,frc9484,-1,frc1833,frc4068,-1
2025dal_qm14,qm,1,14,frc1833,,,,,,,,,,,,,,,,,,,,,,,,,frc10291,frc6911,frc3792,frc9484,-1,frc1833,frc4068,-1
2025dal_qm14,qm,1,14,frc4068,,,,,,,,,,,,,,,,,,,,,,,,,frc10291,frc6911,frc3792,frc9484,-1,frc1833,frc4068,-1
2025dal_qm14,qm,1,14,frc9484,,,,,,,,,,,,,,,,,,,,,,,,,frc10291,frc6911,frc3792,frc9484,-1,frc1833,frc4068,-1
2025dal_qm14,qm,1,14,frc6911,,,,,,,,,,,,,,,,,,,,,,,,,frc10291,frc6911,frc3792,frc9484,-1,frc1833,frc4068,-1
2025dal_qm14,qm,1,14,frc3792,,,,,,,,,,,,,,,,,,,,,,,,,frc10291,frc6911,frc3792,frc9484,-1,frc1833,frc4068,-1
2025dal_qm15,qm,1,15,frc1796,,,,,,,,,,,,,,,,,,,,,,,,,frc1796,frc302,frc4421,frc3256,-1,frc9199,frc78,-1
2025dal_qm15,qm,1,15,frc9199,,,,,,,,,,,,,,,,,,,,,,,,,frc1796,frc302,frc4421,frc3256,-1,frc9199,frc78,-1
2025dal_qm15,qm,1,15,frc78,,,,,,,,,,,,,,,,,,,,,,,,,frc1796,frc302,frc4421,frc3256,-1,frc9199,frc78,-1
2025dal_qm15,qm,1,15,frc3256,,,,,,,,,,,,,,,,,,,,,,,,,frc1796,frc302,frc4421,frc3256,-1,frc9199,frc78,-1
2025dal_qm15,qm,1,15,frc302,,,,,,,,,,,,,,,,,,,,,,,,,frc1796,frc302,frc4421,frc3256,-1,frc9199,frc78,-1
2025dal_qm15,qm,1,15,frc4421,,,,,,,,,,,,,,,,,,,,,,,,,frc1796,frc302,frc4421,frc3256,-1,frc9199,frc78,-1
2025dal_qm16,qm,1,16,frc4607,,,,,,,,,,,,,,,,,,,,,,,,,frc4607,frc7034,frc1425,frc4786,-1,frc9312,frc6146,-1
2025dal_qm16,qm,1,16,frc9312,,,,,,,,,,,,,,,,,,,,,,,,,frc4607,frc7034,frc1425,frc4786,-1,frc9312,frc6146,-1
2025dal_qm16,qm,1,16,frc6146,,,,,,,,,,,,,,,,,,,,,,,,,frc4607,frc7034,frc1425,frc4786,-1,frc9312,frc6146,-1
2025dal_qm16,qm,1,16,frc4786,,,,,,,,,,,,,,,,,,,,,,,,,frc4607,frc7034,frc1425,frc4786,-1,frc9312,frc6146,-1
2025dal_qm16,qm,1,16,frc7034,1,,,,,,,,,,,,None,0,,,,,,,,,,,frc4607,frc7034,frc1425,frc4786,-1,frc9312,frc6146,-1
2025dal_qm16,qm,1,16,frc1425,,,,,,,,,,,,,,,,,,,,,,,,,frc4607,frc7034,frc1425,frc4786,-1,frc9312,frc6146,-1
2025dal_qm17,qm,1,17,frc6348,,,,,,,,,,,,,,,,,,,,,,,,,frc6348,frc9280,frc900,frc2056,-1,frc2724,frc1678,-1
2025dal_qm17,qm,1,17,frc2724,,,,,,,,,,,,,,,,,,,,,,,,,frc6348,frc9280,frc900,frc2056,-1,frc2724,frc1678,-1
2025dal_qm17,qm,1,17,frc1678,1,,,,,,,,,,,,None,0,,,,,,,,,,,frc6348,frc9280,frc900,frc2056,-1,frc2724,frc1678,-1
2025dal_qm17,qm,1,17,frc2056,,,,,,,,,,,,,,,,,,,,,,,,,frc6348,frc9280,frc900,frc2056,-1,frc2724,frc1678,-1
2025dal_qm17,qm,1,17,frc9280,,,,,,,,,,,,,,,,,,,,,,,,,frc6348,frc9280,frc900,frc2056,-1,frc2724,frc1678,-1
2025dal_qm17,qm,1,17,frc900,,,,,,,,,,,,,,,,,,,,,,,,,frc6348,frc9280,frc900,frc2056,-1,frc2724,frc1678,-1
2025dal_qm18,qm,1,18,frc10260,,,,,,,,,,,,,,,,,,,,,,,,,frc10260,frc8808,frc6424,frc1481,-1,frc3297,frc4655,-1
2025dal_qm18,qm,1,18,frc3297,,,,,,,,,,,,,,,,,,,,,,,,,frc10260,frc8808,frc6424,frc1481,-1,frc3297,frc4655,-1
2025dal_qm18,qm,1,18,frc4655,,,,,,,,,,,,,,,,,,,,,,,,,frc10260,frc8808,frc6424,frc1481,-1,frc3297,frc4655,-1
2025dal_qm18,qm,1,18,frc1481,,,,,,,,,,,,,,,,,,,,,,,,,frc10260,frc8808,frc6424,frc1481,-1,frc3297,frc4655,-1
2025dal_qm18,qm,1,18,frc8808,,,,,,,,,,,,,,,,,,,,,,,,,frc10260,frc8808,frc6424,frc1481,-1,frc3297,frc4655,-1
2025dal_qm18,qm,1,18,frc6424,,,,,,,,,,,,,,,,,,,,,,,,,frc10260,frc8808,frc6424,frc1481,-1,frc3297,frc4655,-1
2025dal_qm19,qm,1,19,frc7257,,,,,,,,,,,,,,,,,,,,,,,,,frc7257,frc4005,frc9032,frc6995,-1,frc3173,frc3891,-1
2025dal_qm19,qm,1,19,frc3173,,,,,,,,,,,,,,,,,,,,,,,,,frc7257,frc4005,frc9032,frc6995,-1,frc3173,frc3891,-1
2025dal_qm19,qm,1,19,frc3891,,,,,,,,,,,,,,,,,,,,,,,,,frc7257,frc4005,frc9032,frc6995,-1,frc3173,frc3891,-1
2025dal_qm19,qm,1,19,frc6995,,,,,,,,,,,,,,,,,,,,,,,,,frc7257,frc4005,frc9032,frc6995,-1,frc3173,frc3891,-1
2025dal_qm19,qm,1,19,frc4005,,,,,,,,,,,,,,,,,,,,,,,,,frc7257,frc4005,frc9032,frc6995,-1,frc3173,frc3891,-1
2025dal_qm19,qm,1,19,frc9032,,,,,,,,,,,,,,,,,,,,,,,,,frc7257,frc4005,frc9032,frc6995,-1,frc3173,frc3891,-1
2025dal_qm2,qm,1,2,frc6083,3,0,0,0,2,1,0,2,1,0,2,0,Park,0,"Moved slow, placed one coral on l4, and removed 2 algae","Removed 1 algae, and can ground collect algae, but not super  well, and put two of the algae in processor reliably. Also placed one coral on l4, and two on l2, but still was slow in placing and moving. ",2,DS,0,1,"Parked, and didn't try, or have time to climb.",0,0,1,frc6083,frc4607,frc1796,frc4068,-1,frc1671,frc7257,-1
2025dal_qm2,qm,1,2,frc1671,5,0,0,0,0,2,1,0,1,4,4,0,Deep Climb,0,Fast and accurate three coral auto,they were great with coral and had a great shot into the net,0,np,0,3,they climbed comfortably,0,0,1,frc6083,frc4607,frc1796,frc4068,-1,frc1671,frc7257,-1
2025dal_qm2,qm,1,2,frc7257,5,0,0,0,0,0,0,0,3,5,6,0,None,0,"Good at cycling, very similar timing to us. Concerned about how their mechanism will fair against defense",,0,SG,0,2,Just cycled,0,0,1,frc6083,frc4607,frc1796,frc4068,-1,frc1671,frc7257,-1
2025dal_qm2,qm,1,2,frc4068,3,0,0,0,0,1,1,0,1,5,4,2,Park,0,,,2,LV,0,1,,2,0,0,frc6083,frc4607,frc1796,frc4068,-1,frc1671,frc7257,-1
2025dal_qm2,qm,1,2,frc4607,3,0,0,0,2,0,1,0,1,3,5,0,Deep Climb,0,"Quick, seemed to go over perhaps to attempt to intake another but ran out of time",very quick intake had some trouble placing algae in barge,0,aw,0,3,very quick climb,0,0,1,frc6083,frc4607,frc1796,frc4068,-1,frc1671,frc7257,-1
2025dal_qm2,qm,1,2,frc1796,2,0,0,0,0,2,1,2,3,5,3,2,None,0,"Good auto on side, almost made another clral","fast coral alg cycles, had coral and dealged at same time fast. placed fast and fast cycles even tho station collect",0,HD,0,3,fast deep,0,0,1,frc6083,frc4607,frc1796,frc4068,-1,frc1671,frc7257,-1
2025dal_qm20,qm,1,20,frc3255,,,,,,,,,,,,,,,,,,,,,,,,,frc3255,frc2129,frc4613,frc1731,-1,frc418,frc1847,-1
2025dal_qm20,qm,1,20,frc418,,,,,,,,,,,,,,,,,,,,,,,,,frc3255,frc2129,frc4613,frc1731,-1,frc418,frc1847,-1
2025dal_qm20,qm,1,20,frc1847,,,,,,,,,,,,,,,,,,,,,,,,,frc3255,frc2129,frc4613,frc1731,-1,frc418,frc1847,-1
2025dal_qm20,qm,1,20,frc1731,,,,,,,,,,,,,,,,,,,,,,,,,frc3255,frc2129,frc4613,frc1731,-1,frc418,frc1847,-1
2025dal_qm20,qm,1,20,frc2129,,,,,,,,,,,,,,,,,,,,,,,,,frc3255,frc2129,frc4613,frc1731,-1,frc418,frc1847,-1
2025dal_qm20,qm,1,20,frc4613,,,,,,,,,,,,,,,,,,,,,,,,,frc3255,frc2129,frc4613,frc1731,-1,frc418,frc1847,-1
2025dal_qm21,qm,1,21,frc1369,,,,,,,,,,,,,,,,,,,,,,,,,frc1369,frc9432,frc4451,frc10698,-1,frc6909,frc7197,-1
2025dal_qm21,qm,1,21,frc6909,,,,,,,,,,,,,,,,,,,,,,,,,frc1369,frc9432,frc4451,frc10698,-1,frc6909,frc7197,-1
2025dal_qm21,qm,1,21,frc7197,,,,,,,,,,,,,,,,,,,,,,,,,frc1369,frc9432,frc4451,frc10698,-1,frc6909,frc7197,-1
2025dal_qm21,qm,1,21,frc10698,,,,,,,,,,,,,,,,,,,,,,,,,frc1369,frc9432,frc4451,frc10698,-1,frc6909,frc7197,-1
2025dal_qm21,qm,1,21,frc9432,,,,,,,,,,,,,,,,,,,,,,,,,frc1369,frc9432,frc4451,frc10698,-1,frc6909,frc7197,-1
2025dal_qm21,qm,1,21,frc4451,,,,,,,,,,,,,,,,,,,,,,,,,frc1369,frc9432,frc4451,frc10698,-1,frc6909,frc7197,-1
2025dal_qm22,qm,1,22,frc5660,,,,,,,,,,,,,,,,,,,,,,,,,frc5660,frc8738,frc7525,frc537,-1,frc2438,frc7048,-1
2025dal_qm22,qm,1,22,frc2438,,,,,,,,,,,,,,,,,,,,,,,,,frc5660,frc8738,frc7525,frc537,-1,frc2438,frc7048,-1
2025dal_qm22,qm,1,22,frc7048,,,,,,,,,,,,,,,,,,,,,,,,,frc5660,frc8738,frc7525,frc537,-1,frc2438,frc7048,-1
2025dal_qm22,qm,1,22,frc537,,,,,,,,,,,,,,,,,,,,,,,,,frc5660,frc8738,frc7525,frc537,-1,frc2438,frc7048,-1
2025dal_qm22,qm,1,22,frc8738,,,,,,,,,,,,,,,,,,,,,,,,,frc5660,frc8738,frc7525,frc537,-1,frc2438,frc7048,-1
2025dal_qm22,qm,1,22,frc7525,,,,,,,,,,,,,,,,,,,,,,,,,frc5660,frc8738,frc7525,frc537,-1,frc2438,frc7048,-1
2025dal_qm23,qm,1,23,frc494,,,,,,,,,,,,,,,,,,,,,,,,,frc494,frc1507,frc4415,frc8575,-1,frc649,frc2648,-1
2025dal_qm23,qm,1,23,frc649,,,,,,,,,,,,,,,,,,,,,,,,,frc494,frc1507,frc4415,frc8575,-1,frc649,frc2648,-1
2025dal_qm23,qm,1,23,frc2648,,,,,,,,,,,,,,,,,,,,,,,,,frc494,frc1507,frc4415,frc8575,-1,frc649,frc2648,-1
2025dal_qm23,qm,1,23,frc8575,,,,,,,,,,,,,,,,,,,,,,,,,frc494,frc1507,frc4415,frc8575,-1,frc649,frc2648,-1
2025dal_qm23,qm,1,23,frc1507,,,,,,,,,,,,,,,,,,,,,,,,,frc494,frc1507,frc4415,frc8575,-1,frc649,frc2648,-1
2025dal_qm23,qm,1,23,frc4415,,,,,,,,,,,,,,,,,,,,,,,,,frc494,frc1507,frc4415,frc8575,-1,frc649,frc2648,-1
2025dal_qm24,qm,1,24,frc226,,,,,,,,,,,,,,,,,,,,,,,,,frc226,frc6017,frc5968,frc694,-1,frc9301,frc2630,-1
2025dal_qm24,qm,1,24,frc9301,,,,,,,,,,,,,,,,,,,,,,,,,frc226,frc6017,frc5968,frc694,-1,frc9301,frc2630,-1
2025dal_qm24,qm,1,24,frc2630,,,,,,,,,,,,,,,,,,,,,,,,,frc226,frc6017,frc5968,frc694,-1,frc9301,frc2630,-1
2025dal_qm24,qm,1,24,frc694,,,,,,,,,,,,,,,,,,,,,,,,,frc226,frc6017,frc5968,frc694,-1,frc9301,frc2630,-1
2025dal_qm24,qm,1,24,frc6017,,,,,,,,,,,,,,,,,,,,,,,,,frc226,frc6017,frc5968,frc694,-1,frc9301,frc2630,-1
2025dal_qm24,qm,1,24,frc5968,,,,,,,,,,,,,,,,,,,,,,,,,frc226,frc6017,frc5968,frc694,-1,frc9301,frc2630,-1
2025dal_qm25,qm,1,25,frc3284,,,,,,,,,,,,,,,,,,,,,,,,,frc3284,frc179,frc4967,frc6083,-1,frc4500,frc4013,-1
2025dal_qm25,qm,1,25,frc4500,,,,,,,,,,,,,,,,,,,,,,,,,frc3284,frc179,frc4967,frc6083,-1,frc4500,frc4013,-1
2025dal_qm25,qm,1,25,frc4013,,,,,,,,,,,,,,,,,,,,,,,,,frc3284,frc179,frc4967,frc6083,-1,frc4500,frc4013,-1
2025dal_qm25,qm,1,25,frc6083,,,,,,,,,,,,,,,,,,,,,,,,,frc3284,frc179,frc4967,frc6083,-1,frc4500,frc4013,-1
2025dal_qm25,qm,1,25,frc179,,,,,,,,,,,,,,,,,,,,,,,,,frc3284,frc179,frc4967,frc6083,-1,frc4500,frc4013,-1
2025dal_qm25,qm,1,25,frc4967,,,,,,,,,,,,,,,,,,,,,,,,,frc3284,frc179,frc4967,frc6083,-1,frc4500,frc4013,-1
2025dal_qm26,qm,1,26,frc7034,,,,,,,,,,,,,,,,,,,,,,,,,frc7034,frc6424,frc1671,frc3792,-1,frc302,frc9280,-1
2025dal_qm26,qm,1,26,frc302,,,,,,,,,,,,,,,,,,,,,,,,,frc7034,frc6424,frc1671,frc3792,-1,frc302,frc9280,-1
2025dal_qm26,qm,1,26,frc9280,,,,,,,,,,,,,,,,,,,,,,,,,frc7034,frc6424,frc1671,frc3792,-1,frc302,frc9280,-1
2025dal_qm26,qm,1,26,frc3792,,,,,,,,,,,,,,,,,,,,,,,,,frc7034,frc6424,frc1671,frc3792,-1,frc302,frc9280,-1
2025dal_qm26,qm,1,26,frc6424,,,,,,,,,,,,,,,,,,,,,,,,,frc7034,frc6424,frc1671,frc3792,-1,frc302,frc9280,-1
2025dal_qm26,qm,1,26,frc1671,,,,,,,,,,,,,,,,,,,,,,,,,frc7034,frc6424,frc1671,frc3792,-1,frc302,frc9280,-1
2025dal_qm27,qm,1,27,frc3256,,,,,,,,,,,,,,,,,,,,,,,,,frc3256,frc3492,frc4786,frc9032,-1,frc8808,frc4068,-1
2025dal_qm27,qm,1,27,frc8808,,,,,,,,,,,,,,,,,,,,,,,,,frc3256,frc3492,frc4786,frc9032,-1,frc8808,frc4068,-1
2025dal_qm27,qm,1,27,frc4068,,,,,,,,,,,,,,,,,,,,,,,,,frc3256,frc3492,frc4786,frc9032,-1,frc8808,frc4068,-1
2025dal_qm27,qm,1,27,frc9032,,,,,,,,,,,,,,,,,,,,,,,,,frc3256,frc3492,frc4786,frc9032,-1,frc8808,frc4068,-1
2025dal_qm27,qm,1,27,frc3492,,,,,,,,,,,,,,,,,,,,,,,,,frc3256,frc3492,frc4786,frc9032,-1,frc8808,frc4068,-1
2025dal_qm27,qm,1,27,frc4786,,,,,,,,,,,,,,,,,,,,,,,,,frc3256,frc3492,frc4786,frc9032,-1,frc8808,frc4068,-1
2025dal_qm28,qm,1,28,frc6911,,,,,,,,,,,,,,,,,,,,,,,,,frc6911,frc1796,frc3255,frc6348,-1,frc10291,frc2724,-1
2025dal_qm28,qm,1,28,frc10291,,,,,,,,,,,,,,,,,,,,,,,,,frc6911,frc1796,frc3255,frc6348,-1,frc10291,frc2724,-1
2025dal_qm28,qm,1,28,frc2724,,,,,,,,,,,,,,,,,,,,,,,,,frc6911,frc1796,frc3255,frc6348,-1,frc10291,frc2724,-1
2025dal_qm28,qm,1,28,frc6348,,,,,,,,,,,,,,,,,,,,,,,,,frc6911,frc1796,frc3255,frc6348,-1,frc10291,frc2724,-1
2025dal_qm28,qm,1,28,frc1796,,,,,,,,,,,,,,,,,,,,,,,,,frc6911,frc1796,frc3255,frc6348,-1,frc10291,frc2724,-1
2025dal_qm28,qm,1,28,frc3255,,,,,,,,,,,,,,,,,,,,,,,,,frc6911,frc1796,frc3255,frc6348,-1,frc10291,frc2724,-1
2025dal_qm29,qm,1,29,frc900,,,,,,,,,,,,,,,,,,,,,,,,,frc900,frc2129,frc6909,frc6146,-1,frc4421,frc9484,-1
2025dal_qm29,qm,1,29,frc4421,,,,,,,,,,,,,,,,,,,,,,,,,frc900,frc2129,frc6909,frc6146,-1,frc4421,frc9484,-1
2025dal_qm29,qm,1,29,frc9484,,,,,,,,,,,,,,,,,,,,,,,,,frc900,frc2129,frc6909,frc6146,-1,frc4421,frc9484,-1
2025dal_qm29,qm,1,29,frc6146,,,,,,,,,,,,,,,,,,,,,,,,,frc900,frc2129,frc6909,frc6146,-1,frc4421,frc9484,-1
2025dal_qm29,qm,1,29,frc2129,,,,,,,,,,,,,,,,,,,,,,,,,frc900,frc2129,frc6909,frc6146,-1,frc4421,frc9484,-1
2025dal_qm29,qm,1,29,frc6909,,,,,,,,,,,,,,,,,,,,,,,,,frc900,frc2129,frc6909,frc6146,-1,frc4421,frc9484,-1
2025dal_qm3,qm,1,3,frc4421,2,0,0,0,0,4,2,0,1,0,0,0,Deep Climb,0,"Missed two coral on l4, aim was bad and didn't come far enough back to the station.","Tried to place coral, but missed pretty much all the time, and only managed to score on coral on l4. Better at algae, removed 4 and put two successfully in the net. Can't hold on t algae well though.",0,DS,0,0,"Deep climbed, well over ground",0,0,1,frc4421,frc1425,frc3792,frc2724,-1,frc6832,frc1507,-1
2025dal_qm3,qm,1,3,frc6832,3,0,0,0,0,0,0,2,0,0,0,0,Deep Climb,0,failed to leave the start zone,mediocre at best with algae and not very good with coral as coral kept falling out of their funnel,0,np,0,0,feel climb capable but I couldn't see very well ,0,0,0,frc4421,frc1425,frc3792,frc2724,-1,frc6832,frc1507,-1
2025dal_qm3,qm,1,3,frc1507,5,0,0,0,0,0,0,2,0,0,0,1,Deep Climb,0,Their second coral didn't make it ,"Jerking back and forth , switched to algae but was struggling to score in processor",0,SG,0,1,,0,0,1,frc4421,frc1425,frc3792,frc2724,-1,frc6832,frc1507,-1
2025dal_qm3,qm,1,3,frc2724,4,0,0,0,0,0,0,0,0,3,1,0,Deep Climb,0,,,2,LV,0,0,,1,0,0,frc4421,frc1425,frc3792,frc2724,-1,frc6832,frc1507,-1
2025dal_qm3,qm,1,3,frc1425,4,0,0,0,0,1,1,0,4,4,0,1,Deep Climb,0,successfully attempted three coral,"had trouble with removing algae off the reef, missed
 coral a few times",0,aw,0,3,very quick took finish seconds ,0,0,1,frc4421,frc1425,frc3792,frc2724,-1,frc6832,frc1507,-1
2025dal_qm3,qm,1,3,frc3792,2,0,0,0,0,0,0,4,0,0,0,7,None,0,missed 3 l1,interesting cannot reef collecg or net bur can proc nice. ,0,HD,0,0,One bumper cprner tpuched ground so deep climb not succeffuly,0,0,1,frc4421,frc1425,frc3792,frc2724,-1,frc6832,frc1507,-1
2025dal_qm30,qm,1,30,frc5660,,,,,,,,,,,,,,,,,,,,,,,,,frc5660,frc7257,frc1678,frc418,-1,frc6832,frc10698,-1
2025dal_qm30,qm,1,30,frc6832,,,,,,,,,,,,,,,,,,,,,,,,,frc5660,frc7257,frc1678,frc418,-1,frc6832,frc10698,-1
2025dal_qm30,qm,1,30,frc10698,,,,,,,,,,,,,,,,,,,,,,,,,frc5660,frc7257,frc1678,frc418,-1,frc6832,frc10698,-1
2025dal_qm30,qm,1,30,frc418,,,,,,,,,,,,,,,,,,,,,,,,,frc5660,frc7257,frc1678,frc418,-1,frc6832,frc10698,-1
2025dal_qm30,qm,1,30,frc7257,,,,,,,,,,,,,,,,,,,,,,,,,frc5660,frc7257,frc1678,frc418,-1,frc6832,frc10698,-1
2025dal_qm30,qm,1,30,frc1678,,,,,,,,,,,,,,,,,,,,,,,,,frc5660,frc7257,frc1678,frc418,-1,frc6832,frc10698,-1
2025dal_qm31,qm,1,31,frc1833,,,,,,,,,,,,,,,,,,,,,,,,,frc1833,frc1369,frc494,frc7048,-1,frc2056,frc3891,-1
2025dal_qm31,qm,1,31,frc2056,,,,,,,,,,,,,,,,,,,,,,,,,frc1833,frc1369,frc494,frc7048,-1,frc2056,frc3891,-1
2025dal_qm31,qm,1,31,frc3891,,,,,,,,,,,,,,,,,,,,,,,,,frc1833,frc1369,frc494,frc7048,-1,frc2056,frc3891,-1
2025dal_qm31,qm,1,31,frc7048,,,,,,,,,,,,,,,,,,,,,,,,,frc1833,frc1369,frc494,frc7048,-1,frc2056,frc3891,-1
2025dal_qm31,qm,1,31,frc1369,,,,,,,,,,,,,,,,,,,,,,,,,frc1833,frc1369,frc494,frc7048,-1,frc2056,frc3891,-1
2025dal_qm31,qm,1,31,frc494,,,,,,,,,,,,,,,,,,,,,,,,,frc1833,frc1369,frc494,frc7048,-1,frc2056,frc3891,-1
2025dal_qm32,qm,1,32,frc4451,,,,,,,,,,,,,,,,,,,,,,,,,frc4451,frc6017,frc1481,frc8575,-1,frc537,frc9312,-1
2025dal_qm32,qm,1,32,frc537,,,,,,,,,,,,,,,,,,,,,,,,,frc4451,frc6017,frc1481,frc8575,-1,frc537,frc9312,-1
2025dal_qm32,qm,1,32,frc9312,,,,,,,,,,,,,,,,,,,,,,,,,frc4451,frc6017,frc1481,frc8575,-1,frc537,frc9312,-1
2025dal_qm32,qm,1,32,frc8575,,,,,,,,,,,,,,,,,,,,,,,,,frc4451,frc6017,frc1481,frc8575,-1,frc537,frc9312,-1
2025dal_qm32,qm,1,32,frc6017,,,,,,,,,,,,,,,,,,,,,,,,,frc4451,frc6017,frc1481,frc8575,-1,frc537,frc9312,-1
2025dal_qm32,qm,1,32,frc1481,,,,,,,,,,,,,,,,,,,,,,,,,frc4451,frc6017,frc1481,frc8575,-1,frc537,frc9312,-1
2025dal_qm33,qm,1,33,frc4005,,,,,,,,,,,,,,,,,,,,,,,,,frc4005,frc9301,frc2438,frc649,-1,frc6083,frc3284,-1
2025dal_qm33,qm,1,33,frc6083,,,,,,,,,,,,,,,,,,,,,,,,,frc4005,frc9301,frc2438,frc649,-1,frc6083,frc3284,-1
2025dal_qm33,qm,1,33,frc3284,,,,,,,,,,,,,,,,,,,,,,,,,frc4005,frc9301,frc2438,frc649,-1,frc6083,frc3284,-1
2025dal_qm33,qm,1,33,frc649,,,,,,,,,,,,,,,,,,,,,,,,,frc4005,frc9301,frc2438,frc649,-1,frc6083,frc3284,-1
2025dal_qm33,qm,1,33,frc9301,,,,,,,,,,,,,,,,,,,,,,,,,frc4005,frc9301,frc2438,frc649,-1,frc6083,frc3284,-1
2025dal_qm33,qm,1,33,frc2438,,,,,,,,,,,,,,,,,,,,,,,,,frc4005,frc9301,frc2438,frc649,-1,frc6083,frc3284,-1
2025dal_qm34,qm,1,34,frc7525,,,,,,,,,,,,,,,,,,,,,,,,,frc7525,frc78,frc4607,frc1847,-1,frc3297,frc2630,-1
2025dal_qm34,qm,1,34,frc3297,,,,,,,,,,,,,,,,,,,,,,,,,frc7525,frc78,frc4607,frc1847,-1,frc3297,frc2630,-1
2025dal_qm34,qm,1,34,frc2630,,,,,,,,,,,,,,,,,,,,,,,,,frc7525,frc78,frc4607,frc1847,-1,frc3297,frc2630,-1
2025dal_qm34,qm,1,34,frc1847,,,,,,,,,,,,,,,,,,,,,,,,,frc7525,frc78,frc4607,frc1847,-1,frc3297,frc2630,-1
2025dal_qm34,qm,1,34,frc78,,,,,,,,,,,,,,,,,,,,,,,,,frc7525,frc78,frc4607,frc1847,-1,frc3297,frc2630,-1
2025dal_qm34,qm,1,34,frc4607,,,,,,,,,,,,,,,,,,,,,,,,,frc7525,frc78,frc4607,frc1847,-1,frc3297,frc2630,-1
2025dal_qm35,qm,1,35,frc4415,,,,,,,,,,,,,,,,,,,,,,,,,frc4415,frc4013,frc1425,frc694,-1,frc6995,frc8738,-1
2025dal_qm35,qm,1,35,frc6995,,,,,,,,,,,,,,,,,,,,,,,,,frc4415,frc4013,frc1425,frc694,-1,frc6995,frc8738,-1
2025dal_qm35,qm,1,35,frc8738,,,,,,,,,,,,,,,,,,,,,,,,,frc4415,frc4013,frc1425,frc694,-1,frc6995,frc8738,-1
2025dal_qm35,qm,1,35,frc694,,,,,,,,,,,,,,,,,,,,,,,,,frc4415,frc4013,frc1425,frc694,-1,frc6995,frc8738,-1
2025dal_qm35,qm,1,35,frc4013,,,,,,,,,,,,,,,,,,,,,,,,,frc4415,frc4013,frc1425,frc694,-1,frc6995,frc8738,-1
2025dal_qm35,qm,1,35,frc1425,,,,,,,,,,,,,,,,,,,,,,,,,frc4415,frc4013,frc1425,frc694,-1,frc6995,frc8738,-1
2025dal_qm36,qm,1,36,frc2648,,,,,,,,,,,,,,,,,,,,,,,,,frc2648,frc9199,frc226,frc179,-1,frc4613,frc4655,-1
2025dal_qm36,qm,1,36,frc4613,,,,,,,,,,,,,,,,,,,,,,,,,frc2648,frc9199,frc226,frc179,-1,frc4613,frc4655,-1
2025dal_qm36,qm,1,36,frc4655,,,,,,,,,,,,,,,,,,,,,,,,,frc2648,frc9199,frc226,frc179,-1,frc4613,frc4655,-1
2025dal_qm36,qm,1,36,frc179,,,,,,,,,,,,,,,,,,,,,,,,,frc2648,frc9199,frc226,frc179,-1,frc4613,frc4655,-1
2025dal_qm36,qm,1,36,frc9199,,,,,,,,,,,,,,,,,,,,,,,,,frc2648,frc9199,frc226,frc179,-1,frc4613,frc4655,-1
2025dal_qm36,qm,1,36,frc226,,,,,,,,,,,,,,,,,,,,,,,,,frc2648,frc9199,frc226,frc179,-1,frc4613,frc4655,-1
2025dal_qm37,qm,1,37,frc5968,,,,,,,,,,,,,,,,,,,,,,,,,frc5968,frc7197,frc4967,frc10260,-1,frc1731,frc1507,-1
2025dal_qm37,qm,1,37,frc1731,,,,,,,,,,,,,,,,,,,,,,,,,frc5968,frc7197,frc4967,frc10260,-1,frc1731,frc1507,-1
2025dal_qm37,qm,1,37,frc1507,,,,,,,,,,,,,,,,,,,,,,,,,frc5968,frc7197,frc4967,frc10260,-1,frc1731,frc1507,-1
2025dal_qm37,qm,1,37,frc10260,,,,,,,,,,,,,,,,,,,,,,,,,frc5968,frc7197,frc4967,frc10260,-1,frc1731,frc1507,-1
2025dal_qm37,qm,1,37,frc7197,,,,,,,,,,,,,,,,,,,,,,,,,frc5968,frc7197,frc4967,frc10260,-1,frc1731,frc1507,-1
2025dal_qm37,qm,1,37,frc4967,,,,,,,,,,,,,,,,,,,,,,,,,frc5968,frc7197,frc4967,frc10260,-1,frc1731,frc1507,-1
2025dal_qm38,qm,1,38,frc3173,,,,,,,,,,,,,,,,,,,,,,,,,frc3173,frc9432,frc2129,frc3792,-1,frc4500,frc2724,-1
2025dal_qm38,qm,1,38,frc4500,,,,,,,,,,,,,,,,,,,,,,,,,frc3173,frc9432,frc2129,frc3792,-1,frc4500,frc2724,-1
2025dal_qm38,qm,1,38,frc2724,,,,,,,,,,,,,,,,,,,,,,,,,frc3173,frc9432,frc2129,frc3792,-1,frc4500,frc2724,-1
2025dal_qm38,qm,1,38,frc3792,,,,,,,,,,,,,,,,,,,,,,,,,frc3173,frc9432,frc2129,frc3792,-1,frc4500,frc2724,-1
2025dal_qm38,qm,1,38,frc9432,,,,,,,,,,,,,,,,,,,,,,,,,frc3173,frc9432,frc2129,frc3792,-1,frc4500,frc2724,-1
2025dal_qm38,qm,1,38,frc2129,,,,,,,,,,,,,,,,,,,,,,,,,frc3173,frc9432,frc2129,frc3792,-1,frc4500,frc2724,-1
2025dal_qm39,qm,1,39,frc3256,,,,,,,,,,,,,,,,,,,,,,,,,frc3256,frc10698,frc494,frc9280,-1,frc6146,frc3255,-1
2025dal_qm39,qm,1,39,frc6146,,,,,,,,,,,,,,,,,,,,,,,,,frc3256,frc10698,frc494,frc9280,-1,frc6146,frc3255,-1
2025dal_qm39,qm,1,39,frc3255,,,,,,,,,,,,,,,,,,,,,,,,,frc3256,frc10698,frc494,frc9280,-1,frc6146,frc3255,-1
2025dal_qm39,qm,1,39,frc9280,,,,,,,,,,,,,,,,,,,,,,,,,frc3256,frc10698,frc494,frc9280,-1,frc6146,frc3255,-1
2025dal_qm39,qm,1,39,frc10698,,,,,,,,,,,,,,,,,,,,,,,,,frc3256,frc10698,frc494,frc9280,-1,frc6146,frc3255,-1
2025dal_qm39,qm,1,39,frc494,,,,,,,,,,,,,,,,,,,,,,,,,frc3256,frc10698,frc494,frc9280,-1,frc6146,frc3255,-1
2025dal_qm4,qm,1,4,frc6424,4,0,0,0,0,1,0,0,2,5,7,1,Deep Climb,0,"Auto was smooth, and good, sored 2 coral on l4, and almost placed a 3rd.","Cycled coral, had a total of 15 coral cycles, placing was efficient and highly reliable, had good rhythm. Can also work with algae well, removed one.",0,DS,0,2,"Deep climbed, was over ground and was relatively quick",0,0,1,frc6424,frc9199,frc6911,frc6017,-1,frc6995,frc418,-1
2025dal_qm4,qm,1,4,frc6995,3,0,0,0,0,1,3,2,3,3,0,0,Deep Climb,0,great center auto with two in the net ,amazing with algae and decent with coral although I did notice twice in a row they lined up backwards with the reef and shot coral backwards ,2,np,0,1,deep climbed very comfortably ,2,0,1,frc6424,frc9199,frc6911,frc6017,-1,frc6995,frc418,-1
2025dal_qm4,qm,1,4,frc418,1,0,0,0,0,1,0,0,2,2,5,2,Deep Climb,0,,"Very accurate placement, didn't miss a single piece. And this consistency is present at every level of scoring ",0,SG,0,3,,0,0,1,frc6424,frc9199,frc6911,frc6017,-1,frc6995,frc418,-1
2025dal_qm4,qm,1,4,frc6017,1,0,0,0,0,0,0,0,0,0,1,1,Deep Climb,0,they appeared to A stop at the begning of auto,"they focused on coral this match. they had pretty good ground collect. But their there movement was slow and jerky, and their placing was absulutaly horrendous. ",0,HD,0,0,they had a fast climb but they took a little long to line up with the cage.,0,0,0,frc6424,frc9199,frc6911,frc6017,-1,frc6995,frc418,-1
2025dal_qm4,qm,1,4,frc9199,4,0,0,0,0,0,0,0,4,0,1,1,Park,0,"missed multiple times, inaccurate ",semi inaccurate slow missed many times,0,aw,0,0,"attempt to climb, started with thirty seconds but still was unable to",0,0,1,frc6424,frc9199,frc6911,frc6017,-1,frc6995,frc418,-1
2025dal_qm4,qm,1,4,frc6911,3,0,0,0,4,4,6,2,5,1,1,0,None,0,"1 l4 and 1 barge, missed barge no 2","consistent l4 focus but fast alg removal right after coral placement, consistent  net shot and good ground intake Alf. Can do proc",2,OS,0,1,continued scoring 2 coral,1,0,1,frc6424,frc9199,frc6911,frc6017,-1,frc6995,frc418,-1
2025dal_qm40,qm,1,40,frc6424,,,,,,,,,,,,,,,,,,,,,,,,,frc6424,frc4451,frc3492,frc3891,-1,frc900,frc6348,-1
2025dal_qm40,qm,1,40,frc900,,,,,,,,,,,,,,,,,,,,,,,,,frc6424,frc4451,frc3492,frc3891,-1,frc900,frc6348,-1
2025dal_qm40,qm,1,40,frc6348,,,,,,,,,,,,,,,,,,,,,,,,,frc6424,frc4451,frc3492,frc3891,-1,frc900,frc6348,-1
2025dal_qm40,qm,1,40,frc3891,,,,,,,,,,,,,,,,,,,,,,,,,frc6424,frc4451,frc3492,frc3891,-1,frc900,frc6348,-1
2025dal_qm40,qm,1,40,frc4451,,,,,,,,,,,,,,,,,,,,,,,,,frc6424,frc4451,frc3492,frc3891,-1,frc900,frc6348,-1
2025dal_qm40,qm,1,40,frc3492,,,,,,,,,,,,,,,,,,,,,,,,,frc6424,frc4451,frc3492,frc3891,-1,frc900,frc6348,-1
2025dal_qm41,qm,1,41,frc9032,,,,,,,,,,,,,,,,,,,,,,,,,frc9032,frc9301,frc1833,frc1796,-1,frc6832,frc2056,-1
2025dal_qm41,qm,1,41,frc6832,,,,,,,,,,,,,,,,,,,,,,,,,frc9032,frc9301,frc1833,frc1796,-1,frc6832,frc2056,-1
2025dal_qm41,qm,1,41,frc2056,,,,,,,,,,,,,,,,,,,,,,,,,frc9032,frc9301,frc1833,frc1796,-1,frc6832,frc2056,-1
2025dal_qm41,qm,1,41,frc1796,,,,,,,,,,,,,,,,,,,,,,,,,frc9032,frc9301,frc1833,frc1796,-1,frc6832,frc2056,-1
2025dal_qm41,qm,1,41,frc9301,,,,,,,,,,,,,,,,,,,,,,,,,frc9032,frc9301,frc1833,frc1796,-1,frc6832,frc2056,-1
2025dal_qm41,qm,1,41,frc1833,,,,,,,,,,,,,,,,,,,,,,,,,frc9032,frc9301,frc1833,frc1796,-1,frc6832,frc2056,-1
2025dal_qm42,qm,1,42,frc1369,,,,,,,,,,,,,,,,,,,,,,,,,frc1369,frc418,frc7048,frc9312,-1,frc6083,frc8808,-1
2025dal_qm42,qm,1,42,frc6083,,,,,,,,,,,,,,,,,,,,,,,,,frc1369,frc418,frc7048,frc9312,-1,frc6083,frc8808,-1
2025dal_qm42,qm,1,42,frc8808,,,,,,,,,,,,,,,,,,,,,,,,,frc1369,frc418,frc7048,frc9312,-1,frc6083,frc8808,-1
2025dal_qm42,qm,1,42,frc9312,,,,,,,,,,,,,,,,,,,,,,,,,frc1369,frc418,frc7048,frc9312,-1,frc6083,frc8808,-1
2025dal_qm42,qm,1,42,frc418,,,,,,,,,,,,,,,,,,,,,,,,,frc1369,frc418,frc7048,frc9312,-1,frc6083,frc8808,-1
2025dal_qm42,qm,1,42,frc7048,,,,,,,,,,,,,,,,,,,,,,,,,frc1369,frc418,frc7048,frc9312,-1,frc6083,frc8808,-1
2025dal_qm43,qm,1,43,frc2438,,,,,,,,,,,,,,,,,,,,,,,,,frc2438,frc3297,frc7034,frc694,-1,frc4421,frc537,-1
2025dal_qm43,qm,1,43,frc4421,,,,,,,,,,,,,,,,,,,,,,,,,frc2438,frc3297,frc7034,frc694,-1,frc4421,frc537,-1
2025dal_qm43,qm,1,43,frc537,,,,,,,,,,,,,,,,,,,,,,,,,frc2438,frc3297,frc7034,frc694,-1,frc4421,frc537,-1
2025dal_qm43,qm,1,43,frc694,,,,,,,,,,,,,,,,,,,,,,,,,frc2438,frc3297,frc7034,frc694,-1,frc4421,frc537,-1
2025dal_qm43,qm,1,43,frc3297,,,,,,,,,,,,,,,,,,,,,,,,,frc2438,frc3297,frc7034,frc694,-1,frc4421,frc537,-1
2025dal_qm43,qm,1,43,frc7034,,,,,,,,,,,,,,,,,,,,,,,,,frc2438,frc3297,frc7034,frc694,-1,frc4421,frc537,-1
2025dal_qm44,qm,1,44,frc226,,,,,,,,,,,,,,,,,,,,,,,,,frc226,frc8575,frc5660,frc179,-1,frc4607,frc10291,-1
2025dal_qm44,qm,1,44,frc4607,,,,,,,,,,,,,,,,,,,,,,,,,frc226,frc8575,frc5660,frc179,-1,frc4607,frc10291,-1
2025dal_qm44,qm,1,44,frc10291,,,,,,,,,,,,,,,,,,,,,,,,,frc226,frc8575,frc5660,frc179,-1,frc4607,frc10291,-1
2025dal_qm44,qm,1,44,frc179,,,,,,,,,,,,,,,,,,,,,,,,,frc226,frc8575,frc5660,frc179,-1,frc4607,frc10291,-1
2025dal_qm44,qm,1,44,frc8575,,,,,,,,,,,,,,,,,,,,,,,,,frc226,frc8575,frc5660,frc179,-1,frc4607,frc10291,-1
2025dal_qm44,qm,1,44,frc5660,,,,,,,,,,,,,,,,,,,,,,,,,frc226,frc8575,frc5660,frc179,-1,frc4607,frc10291,-1
2025dal_qm45,qm,1,45,frc9484,,,,,,,,,,,,,,,,,,,,,,,,,frc9484,frc1731,frc2648,frc302,-1,frc4013,frc1678,-1
2025dal_qm45,qm,1,45,frc4013,,,,,,,,,,,,,,,,,,,,,,,,,frc9484,frc1731,frc2648,frc302,-1,frc4013,frc1678,-1
2025dal_qm45,qm,1,45,frc1678,,,,,,,,,,,,,,,,,,,,,,,,,frc9484,frc1731,frc2648,frc302,-1,frc4013,frc1678,-1
2025dal_qm45,qm,1,45,frc302,,,,,,,,,,,,,,,,,,,,,,,,,frc9484,frc1731,frc2648,frc302,-1,frc4013,frc1678,-1
2025dal_qm45,qm,1,45,frc1731,,,,,,,,,,,,,,,,,,,,,,,,,frc9484,frc1731,frc2648,frc302,-1,frc4013,frc1678,-1
2025dal_qm45,qm,1,45,frc2648,,,,,,,,,,,,,,,,,,,,,,,,,frc9484,frc1731,frc2648,frc302,-1,frc4013,frc1678,-1
2025dal_qm46,qm,1,46,frc9432,,,,,,,,,,,,,,,,,,,,,,,,,frc9432,frc4655,frc649,frc6995,-1,frc4068,frc5968,-1
2025dal_qm46,qm,1,46,frc4068,,,,,,,,,,,,,,,,,,,,,,,,,frc9432,frc4655,frc649,frc6995,-1,frc4068,frc5968,-1
2025dal_qm46,qm,1,46,frc5968,,,,,,,,,,,,,,,,,,,,,,,,,frc9432,frc4655,frc649,frc6995,-1,frc4068,frc5968,-1
2025dal_qm46,qm,1,46,frc6995,,,,,,,,,,,,,,,,,,,,,,,,,frc9432,frc4655,frc649,frc6995,-1,frc4068,frc5968,-1
2025dal_qm46,qm,1,46,frc4655,,,,,,,,,,,,,,,,,,,,,,,,,frc9432,frc4655,frc649,frc6995,-1,frc4068,frc5968,-1
2025dal_qm46,qm,1,46,frc649,,,,,,,,,,,,,,,,,,,,,,,,,frc9432,frc4655,frc649,frc6995,-1,frc4068,frc5968,-1
2025dal_qm47,qm,1,47,frc1671,,,,,,,,,,,,,,,,,,,,,,,,,frc1671,frc4967,frc4786,frc4415,-1,frc1481,frc2630,-1
2025dal_qm47,qm,1,47,frc1481,,,,,,,,,,,,,,,,,,,,,,,,,frc1671,frc4967,frc4786,frc4415,-1,frc1481,frc2630,-1
2025dal_qm47,qm,1,47,frc2630,,,,,,,,,,,,,,,,,,,,,,,,,frc1671,frc4967,frc4786,frc4415,-1,frc1481,frc2630,-1
2025dal_qm47,qm,1,47,frc4415,,,,,,,,,,,,,,,,,,,,,,,,,frc1671,frc4967,frc4786,frc4415,-1,frc1481,frc2630,-1
2025dal_qm47,qm,1,47,frc4967,,,,,,,,,,,,,,,,,,,,,,,,,frc1671,frc4967,frc4786,frc4415,-1,frc1481,frc2630,-1
2025dal_qm47,qm,1,47,frc4786,,,,,,,,,,,,,,,,,,,,,,,,,frc1671,frc4967,frc4786,frc4415,-1,frc1481,frc2630,-1
2025dal_qm48,qm,1,48,frc9199,,,,,,,,,,,,,,,,,,,,,,,,,frc9199,frc7257,frc6017,frc7197,-1,frc4500,frc1847,-1
2025dal_qm48,qm,1,48,frc4500,,,,,,,,,,,,,,,,,,,,,,,,,frc9199,frc7257,frc6017,frc7197,-1,frc4500,frc1847,-1
2025dal_qm48,qm,1,48,frc1847,,,,,,,,,,,,,,,,,,,,,,,,,frc9199,frc7257,frc6017,frc7197,-1,frc4500,frc1847,-1
2025dal_qm48,qm,1,48,frc7197,,,,,,,,,,,,,,,,,,,,,,,,,frc9199,frc7257,frc6017,frc7197,-1,frc4500,frc1847,-1
2025dal_qm48,qm,1,48,frc7257,,,,,,,,,,,,,,,,,,,,,,,,,frc9199,frc7257,frc6017,frc7197,-1,frc4500,frc1847,-1
2025dal_qm48,qm,1,48,frc6017,,,,,,,,,,,,,,,,,,,,,,,,,frc9199,frc7257,frc6017,frc7197,-1,frc4500,frc1847,-1
2025dal_qm49,qm,1,49,frc4005,,,,,,,,,,,,,,,,,,,,,,,,,frc4005,frc1507,frc6909,frc8738,-1,frc78,frc4613,-1
2025dal_qm49,qm,1,49,frc78,,,,,,,,,,,,,,,,,,,,,,,,,frc4005,frc1507,frc6909,frc8738,-1,frc78,frc4613,-1
2025dal_qm49,qm,1,49,frc4613,,,,,,,,,,,,,,,,,,,,,,,,,frc4005,frc1507,frc6909,frc8738,-1,frc78,frc4613,-1
2025dal_qm49,qm,1,49,frc8738,,,,,,,,,,,,,,,,,,,,,,,,,frc4005,frc1507,frc6909,frc8738,-1,frc78,frc4613,-1
2025dal_qm49,qm,1,49,frc1507,,,,,,,,,,,,,,,,,,,,,,,,,frc4005,frc1507,frc6909,frc8738,-1,frc78,frc4613,-1
2025dal_qm49,qm,1,49,frc6909,,,,,,,,,,,,,,,,,,,,,,,,,frc4005,frc1507,frc6909,frc8738,-1,frc78,frc4613,-1
2025dal_qm5,qm,1,5,frc4967,2,0,0,0,0,5,0,0,1,0,0,0,Park,0,"Moved, but then turned around and stopped.","Didn't do much, was barely moving and only placed one coral on l4. They were able to remove 5 algae, but they can't pick it up or do ground algae.",0,DS,0,0,Tried to deep climb but lost time and ended with a park.,0,0,1,frc4967,frc1833,frc8575,frc78,-1,frc3492,frc6146,-1
2025dal_qm5,qm,1,5,frc3492,1,0,1,0,0,0,0,0,0,7,4,0,Park,0,Mediocre auto ,decent cycle time but kind of a mid robot,0,np,0,0,parked with a few seconds to spare ,0,0,1,frc4967,frc1833,frc8575,frc78,-1,frc3492,frc6146,-1
2025dal_qm5,qm,1,5,frc6146,3,0,0,1,0,0,0,0,2,0,0,0,Park,0,,They actually played very effective defense on the other alliance. They moved horizontally in front of the station and blocked robots well. Wide frame and ability to get in their way is on point. Their arm is so long like idk that would be efficient at all (if u were picking for teleop id dnp),0,SG,0,0,,0,1,1,frc4967,frc1833,frc8575,frc78,-1,frc3492,frc6146,-1
2025dal_qm5,qm,1,5,frc78,1,0,0,0,0,2,2,0,1,4,4,4,Deep Climb,0,"they had a really fast auto where they attempted to place 4 coral, but missed all of them","they were really fast at coral and were pretty good at alage. They had fast station collect, were able to move really fast and their placing was good. They were able to pick up the alage on the reef and floor, and they scored them In the net at a good pace. they were able to score on all levels of the reef effectivly, though they seem like if the human player was slow  they would be slowed down. ",0,HD,0,0,"they had a really fast deep climb, with a easy time connecting with the barge and being able to raise up really fast.",0,0,1,frc4967,frc1833,frc8575,frc78,-1,frc3492,frc6146,-1
2025dal_qm5,qm,1,5,frc1833,4,0,0,0,0,2,0,0,6,4,3,1,Deep Climb,0,had trouble keeping in attempted four,slightly inaccurate overall quite quick,0,aw,0,2,took ten ish seconds ,0,0,1,frc4967,frc1833,frc8575,frc78,-1,frc3492,frc6146,-1
2025dal_qm5,qm,1,5,frc8575,3,1,0,0,0,1,0,0,0,3,1,1,Park,0,center auto removes 1 alg and places an l3," picky station intake, 6146 played defense on them successfully. scoring sometimes off snce didnt line up properly",1,OS,0,0,Dont yhink can climb,0,0,1,frc4967,frc1833,frc8575,frc78,-1,frc3492,frc6146,-1
2025dal_qm50,qm,1,50,frc1425,,,,,,,,,,,,,,,,,,,,,,,,,frc1425,frc6911,frc7525,frc3173,-1,frc3284,frc10260,-1
2025dal_qm50,qm,1,50,frc3284,,,,,,,,,,,,,,,,,,,,,,,,,frc1425,frc6911,frc7525,frc3173,-1,frc3284,frc10260,-1
2025dal_qm50,qm,1,50,frc10260,,,,,,,,,,,,,,,,,,,,,,,,,frc1425,frc6911,frc7525,frc3173,-1,frc3284,frc10260,-1
2025dal_qm50,qm,1,50,frc3173,,,,,,,,,,,,,,,,,,,,,,,,,frc1425,frc6911,frc7525,frc3173,-1,frc3284,frc10260,-1
2025dal_qm50,qm,1,50,frc6911,,,,,,,,,,,,,,,,,,,,,,,,,frc1425,frc6911,frc7525,frc3173,-1,frc3284,frc10260,-1
2025dal_qm50,qm,1,50,frc7525,,,,,,,,,,,,,,,,,,,,,,,,,frc1425,frc6911,frc7525,frc3173,-1,frc3284,frc10260,-1
2025dal_qm51,qm,1,51,frc1796,,,,,,,,,,,,,,,,,,,,,,,,,frc1796,frc537,frc694,frc8808,-1,frc9280,frc6146,-1
2025dal_qm51,qm,1,51,frc9280,,,,,,,,,,,,,,,,,,,,,,,,,frc1796,frc537,frc694,frc8808,-1,frc9280,frc6146,-1
2025dal_qm51,qm,1,51,frc6146,,,,,,,,,,,,,,,,,,,,,,,,,frc1796,frc537,frc694,frc8808,-1,frc9280,frc6146,-1
2025dal_qm51,qm,1,51,frc8808,,,,,,,,,,,,,,,,,,,,,,,,,frc1796,frc537,frc694,frc8808,-1,frc9280,frc6146,-1
2025dal_qm51,qm,1,51,frc537,,,,,,,,,,,,,,,,,,,,,,,,,frc1796,frc537,frc694,frc8808,-1,frc9280,frc6146,-1
2025dal_qm51,qm,1,51,frc694,,,,,,,,,,,,,,,,,,,,,,,,,frc1796,frc537,frc694,frc8808,-1,frc9280,frc6146,-1
2025dal_qm52,qm,1,52,frc7048,,,,,,,,,,,,,,,,,,,,,,,,,frc7048,frc10291,frc4421,frc4451,-1,frc10698,frc6083,-1
2025dal_qm52,qm,1,52,frc10698,,,,,,,,,,,,,,,,,,,,,,,,,frc7048,frc10291,frc4421,frc4451,-1,frc10698,frc6083,-1
2025dal_qm52,qm,1,52,frc6083,,,,,,,,,,,,,,,,,,,,,,,,,frc7048,frc10291,frc4421,frc4451,-1,frc10698,frc6083,-1
2025dal_qm52,qm,1,52,frc4451,,,,,,,,,,,,,,,,,,,,,,,,,frc7048,frc10291,frc4421,frc4451,-1,frc10698,frc6083,-1
2025dal_qm52,qm,1,52,frc10291,,,,,,,,,,,,,,,,,,,,,,,,,frc7048,frc10291,frc4421,frc4451,-1,frc10698,frc6083,-1
2025dal_qm52,qm,1,52,frc4421,,,,,,,,,,,,,,,,,,,,,,,,,frc7048,frc10291,frc4421,frc4451,-1,frc10698,frc6083,-1
2025dal_qm53,qm,1,53,frc9312,,,,,,,,,,,,,,,,,,,,,,,,,frc9312,frc6424,frc1833,frc1678,-1,frc3256,frc2438,-1
2025dal_qm53,qm,1,53,frc3256,,,,,,,,,,,,,,,,,,,,,,,,,frc9312,frc6424,frc1833,frc1678,-1,frc3256,frc2438,-1
2025dal_qm53,qm,1,53,frc2438,,,,,,,,,,,,,,,,,,,,,,,,,frc9312,frc6424,frc1833,frc1678,-1,frc3256,frc2438,-1
2025dal_qm53,qm,1,53,frc1678,,,,,,,,,,,,,,,,,,,,,,,,,frc9312,frc6424,frc1833,frc1678,-1,frc3256,frc2438,-1
2025dal_qm53,qm,1,53,frc6424,,,,,,,,,,,,,,,,,,,,,,,,,frc9312,frc6424,frc1833,frc1678,-1,frc3256,frc2438,-1
2025dal_qm53,qm,1,53,frc1833,,,,,,,,,,,,,,,,,,,,,,,,,frc9312,frc6424,frc1833,frc1678,-1,frc3256,frc2438,-1
2025dal_qm54,qm,1,54,frc6832,,,,,,,,,,,,,,,,,,,,,,,,,frc6832,frc6348,frc3891,frc3297,-1,frc8575,frc1731,-1
2025dal_qm54,qm,1,54,frc8575,,,,,,,,,,,,,,,,,,,,,,,,,frc6832,frc6348,frc3891,frc3297,-1,frc8575,frc1731,-1
2025dal_qm54,qm,1,54,frc1731,,,,,,,,,,,,,,,,,,,,,,,,,frc6832,frc6348,frc3891,frc3297,-1,frc8575,frc1731,-1
2025dal_qm54,qm,1,54,frc3297,,,,,,,,,,,,,,,,,,,,,,,,,frc6832,frc6348,frc3891,frc3297,-1,frc8575,frc1731,-1
2025dal_qm54,qm,1,54,frc6348,,,,,,,,,,,,,,,,,,,,,,,,,frc6832,frc6348,frc3891,frc3297,-1,frc8575,frc1731,-1
2025dal_qm54,qm,1,54,frc3891,,,,,,,,,,,,,,,,,,,,,,,,,frc6832,frc6348,frc3891,frc3297,-1,frc8575,frc1731,-1
2025dal_qm55,qm,1,55,frc900,,,,,,,,,,,,,,,,,,,,,,,,,frc900,frc5660,frc3255,frc649,-1,frc4655,frc7034,-1
2025dal_qm55,qm,1,55,frc4655,,,,,,,,,,,,,,,,,,,,,,,,,frc900,frc5660,frc3255,frc649,-1,frc4655,frc7034,-1
2025dal_qm55,qm,1,55,frc7034,,,,,,,,,,,,,,,,,,,,,,,,,frc900,frc5660,frc3255,frc649,-1,frc4655,frc7034,-1
2025dal_qm55,qm,1,55,frc649,,,,,,,,,,,,,,,,,,,,,,,,,frc900,frc5660,frc3255,frc649,-1,frc4655,frc7034,-1
2025dal_qm55,qm,1,55,frc5660,,,,,,,,,,,,,,,,,,,,,,,,,frc900,frc5660,frc3255,frc649,-1,frc4655,frc7034,-1
2025dal_qm55,qm,1,55,frc3255,,,,,,,,,,,,,,,,,,,,,,,,,frc900,frc5660,frc3255,frc649,-1,frc4655,frc7034,-1
2025dal_qm56,qm,1,56,frc7257,,,,,,,,,,,,,,,,,,,,,,,,,frc7257,frc9432,frc302,frc4013,-1,frc4786,frc2129,-1
2025dal_qm56,qm,1,56,frc4786,,,,,,,,,,,,,,,,,,,,,,,,,frc7257,frc9432,frc302,frc4013,-1,frc4786,frc2129,-1
2025dal_qm56,qm,1,56,frc2129,,,,,,,,,,,,,,,,,,,,,,,,,frc7257,frc9432,frc302,frc4013,-1,frc4786,frc2129,-1
2025dal_qm56,qm,1,56,frc4013,,,,,,,,,,,,,,,,,,,,,,,,,frc7257,frc9432,frc302,frc4013,-1,frc4786,frc2129,-1
2025dal_qm56,qm,1,56,frc9432,,,,,,,,,,,,,,,,,,,,,,,,,frc7257,frc9432,frc302,frc4013,-1,frc4786,frc2129,-1
2025dal_qm56,qm,1,56,frc302,,,,,,,,,,,,,,,,,,,,,,,,,frc7257,frc9432,frc302,frc4013,-1,frc4786,frc2129,-1
2025dal_qm57,qm,1,57,frc8738,,,,,,,,,,,,,,,,,,,,,,,,,frc8738,frc418,frc9032,frc4967,-1,frc3792,frc226,-1
2025dal_qm57,qm,1,57,frc3792,,,,,,,,,,,,,,,,,,,,,,,,,frc8738,frc418,frc9032,frc4967,-1,frc3792,frc226,-1
2025dal_qm57,qm,1,57,frc226,,,,,,,,,,,,,,,,,,,,,,,,,frc8738,frc418,frc9032,frc4967,-1,frc3792,frc226,-1
2025dal_qm57,qm,1,57,frc4967,,,,,,,,,,,,,,,,,,,,,,,,,frc8738,frc418,frc9032,frc4967,-1,frc3792,frc226,-1
2025dal_qm57,qm,1,57,frc418,,,,,,,,,,,,,,,,,,,,,,,,,frc8738,frc418,frc9032,frc4967,-1,frc3792,frc226,-1
2025dal_qm57,qm,1,57,frc9032,,,,,,,,,,,,,,,,,,,,,,,,,frc8738,frc418,frc9032,frc4967,-1,frc3792,frc226,-1
2025dal_qm58,qm,1,58,frc1507,,,,,,,,,,,,,,,,,,,,,,,,,frc1507,frc5968,frc1369,frc1481,-1,frc7525,frc9199,-1
2025dal_qm58,qm,1,58,frc7525,,,,,,,,,,,,,,,,,,,,,,,,,frc1507,frc5968,frc1369,frc1481,-1,frc7525,frc9199,-1
2025dal_qm58,qm,1,58,frc9199,,,,,,,,,,,,,,,,,,,,,,,,,frc1507,frc5968,frc1369,frc1481,-1,frc7525,frc9199,-1
2025dal_qm58,qm,1,58,frc1481,,,,,,,,,,,,,,,,,,,,,,,,,frc1507,frc5968,frc1369,frc1481,-1,frc7525,frc9199,-1
2025dal_qm58,qm,1,58,frc5968,,,,,,,,,,,,,,,,,,,,,,,,,frc1507,frc5968,frc1369,frc1481,-1,frc7525,frc9199,-1
2025dal_qm58,qm,1,58,frc1369,,,,,,,,,,,,,,,,,,,,,,,,,frc1507,frc5968,frc1369,frc1481,-1,frc7525,frc9199,-1
2025dal_qm59,qm,1,59,frc9301,,,,,,,,,,,,,,,,,,,,,,,,,frc9301,frc4613,frc4500,frc4415,-1,frc4607,frc6911,-1
2025dal_qm59,qm,1,59,frc4607,,,,,,,,,,,,,,,,,,,,,,,,,frc9301,frc4613,frc4500,frc4415,-1,frc4607,frc6911,-1
2025dal_qm59,qm,1,59,frc6911,,,,,,,,,,,,,,,,,,,,,,,,,frc9301,frc4613,frc4500,frc4415,-1,frc4607,frc6911,-1
2025dal_qm59,qm,1,59,frc4415,,,,,,,,,,,,,,,,,,,,,,,,,frc9301,frc4613,frc4500,frc4415,-1,frc4607,frc6911,-1
2025dal_qm59,qm,1,59,frc4613,,,,,,,,,,,,,,,,,,,,,,,,,frc9301,frc4613,frc4500,frc4415,-1,frc4607,frc6911,-1
2025dal_qm59,qm,1,59,frc4500,,,,,,,,,,,,,,,,,,,,,,,,,frc9301,frc4613,frc4500,frc4415,-1,frc4607,frc6911,-1
2025dal_qm6,qm,1,6,frc302,2,0,0,1,0,3,2,0,4,4,4,2,Park,0,"Auto was okay, missed two coral places on l4, accidentally scoring one of them on l1, and was able to successfully score the 3rd on l4.","Was pretty good, had a total of 14 coral cycles, placing was quick and reliable, was also good with algae, removed 3 and put 2 in the net.",0,DS,0,1,"Tried deep climbing, but wasn't able to properly and ended with a park.",0,0,1,frc302,frc649,frc10260,frc10291,-1,frc6909,frc4786,-1
2025dal_qm6,qm,1,6,frc6909,3,0,0,0,0,0,0,0,0,0,2,5,Deep Climb,0,Simply left the start zone ,decent with coral,0,np,0,0,climbed with plenty of time left,0,0,1,frc302,frc649,frc10260,frc10291,-1,frc6909,frc4786,-1
2025dal_qm6,qm,1,6,frc4786,4,0,0,0,0,2,2,2,1,5,3,1,None,0,,if you want to check if they climbed plese wach match video ,0,SG,0,2,,0,0,1,frc302,frc649,frc10260,frc10291,-1,frc6909,frc4786,-1
2025dal_qm6,qm,1,6,frc10291,3,0,0,0,1,3,0,2,0,5,0,1,Deep Climb,0,"they had a okay auto, where they try to score L4 and then the processor twice. But this match they missed it all ","They started slow this match but eventually speed up. they started by doing alage, they can remove alage from the reef, but their processor and alage manipulation is sketchy. they had ground collect for coral and a decent placing game. they were much more effective when they did coral near the end of the match",0,HD,0,0,they were able to climb in 12ish seconds,0,0,1,frc302,frc649,frc10260,frc10291,-1,frc6909,frc4786,-1
2025dal_qm6,qm,1,6,frc649,4,0,0,0,0,1,0,0,7,3,0,0,Park,0,"acted strangely, Odd,seemed confused?","had trouble with coral ground collect but they weren't slow, missed once",0,Aw,0,1,seemed to still be touching the ground they attempted deep climb,0,0,1,frc302,frc649,frc10260,frc10291,-1,frc6909,frc4786,-1
2025dal_qm6,qm,1,6,frc10260,1,0,0,0,0,0,0,0,0,0,0,8,None,0,"left, not much else","basically a kitbot, so was slow and didnt do anything else besides l1. missed 1/3 of coral scoring",0,OS,0,0,continued scoring 2 l1 cuz no climber (kitbot),0,0,1,frc302,frc649,frc10260,frc10291,-1,frc6909,frc4786,-1
2025dal_qm60,qm,1,60,frc6995,,,,,,,,,,,,,,,,,,,,,,,,,frc6995,frc9484,frc2724,frc6909,-1,frc6017,frc1671,-1
2025dal_qm60,qm,1,60,frc6017,,,,,,,,,,,,,,,,,,,,,,,,,frc6995,frc9484,frc2724,frc6909,-1,frc6017,frc1671,-1
2025dal_qm60,qm,1,60,frc1671,,,,,,,,,,,,,,,,,,,,,,,,,frc6995,frc9484,frc2724,frc6909,-1,frc6017,frc1671,-1
2025dal_qm60,qm,1,60,frc6909,,,,,,,,,,,,,,,,,,,,,,,,,frc6995,frc9484,frc2724,frc6909,-1,frc6017,frc1671,-1
2025dal_qm60,qm,1,60,frc9484,,,,,,,,,,,,,,,,,,,,,,,,,frc6995,frc9484,frc2724,frc6909,-1,frc6017,frc1671,-1
2025dal_qm60,qm,1,60,frc2724,,,,,,,,,,,,,,,,,,,,,,,,,frc6995,frc9484,frc2724,frc6909,-1,frc6017,frc1671,-1
2025dal_qm61,qm,1,61,frc78,,,,,,,,,,,,,,,,,,,,,,,,,frc78,frc2648,frc3284,frc4068,-1,frc7197,frc2056,-1
2025dal_qm61,qm,1,61,frc7197,,,,,,,,,,,,,,,,,,,,,,,,,frc78,frc2648,frc3284,frc4068,-1,frc7197,frc2056,-1
2025dal_qm61,qm,1,61,frc2056,,,,,,,,,,,,,,,,,,,,,,,,,frc78,frc2648,frc3284,frc4068,-1,frc7197,frc2056,-1
2025dal_qm61,qm,1,61,frc4068,,,,,,,,,,,,,,,,,,,,,,,,,frc78,frc2648,frc3284,frc4068,-1,frc7197,frc2056,-1
2025dal_qm61,qm,1,61,frc2648,,,,,,,,,,,,,,,,,,,,,,,,,frc78,frc2648,frc3284,frc4068,-1,frc7197,frc2056,-1
2025dal_qm61,qm,1,61,frc3284,,,,,,,,,,,,,,,,,,,,,,,,,frc78,frc2648,frc3284,frc4068,-1,frc7197,frc2056,-1
2025dal_qm62,qm,1,62,frc3492,,,,,,,,,,,,,,,,,,,,,,,,,frc3492,frc179,frc494,frc10260,-1,frc1847,frc4005,-1
2025dal_qm62,qm,1,62,frc1847,,,,,,,,,,,,,,,,,,,,,,,,,frc3492,frc179,frc494,frc10260,-1,frc1847,frc4005,-1
2025dal_qm62,qm,1,62,frc4005,,,,,,,,,,,,,,,,,,,,,,,,,frc3492,frc179,frc494,frc10260,-1,frc1847,frc4005,-1
2025dal_qm62,qm,1,62,frc10260,,,,,,,,,,,,,,,,,,,,,,,,,frc3492,frc179,frc494,frc10260,-1,frc1847,frc4005,-1
2025dal_qm62,qm,1,62,frc179,,,,,,,,,,,,,,,,,,,,,,,,,frc3492,frc179,frc494,frc10260,-1,frc1847,frc4005,-1
2025dal_qm62,qm,1,62,frc494,,,,,,,,,,,,,,,,,,,,,,,,,frc3492,frc179,frc494,frc10260,-1,frc1847,frc4005,-1
2025dal_qm63,qm,1,63,frc3173,,,,,,,,,,,,,,,,,,,,,,,,,frc3173,frc1796,frc6424,frc2630,-1,frc1425,frc8575,-1
2025dal_qm63,qm,1,63,frc1425,,,,,,,,,,,,,,,,,,,,,,,,,frc3173,frc1796,frc6424,frc2630,-1,frc1425,frc8575,-1
2025dal_qm63,qm,1,63,frc8575,,,,,,,,,,,,,,,,,,,,,,,,,frc3173,frc1796,frc6424,frc2630,-1,frc1425,frc8575,-1
2025dal_qm63,qm,1,63,frc2630,,,,,,,,,,,,,,,,,,,,,,,,,frc3173,frc1796,frc6424,frc2630,-1,frc1425,frc8575,-1
2025dal_qm63,qm,1,63,frc1796,,,,,,,,,,,,,,,,,,,,,,,,,frc3173,frc1796,frc6424,frc2630,-1,frc1425,frc8575,-1
2025dal_qm63,qm,1,63,frc6424,,,,,,,,,,,,,,,,,,,,,,,,,frc3173,frc1796,frc6424,frc2630,-1,frc1425,frc8575,-1
2025dal_qm64,qm,1,64,frc9280,,,,,,,,,,,,,,,,,,,,,,,,,frc9280,frc4451,frc6832,frc4786,-1,frc2438,frc3255,-1
2025dal_qm64,qm,1,64,frc2438,,,,,,,,,,,,,,,,,,,,,,,,,frc9280,frc4451,frc6832,frc4786,-1,frc2438,frc3255,-1
2025dal_qm64,qm,1,64,frc3255,,,,,,,,,,,,,,,,,,,,,,,,,frc9280,frc4451,frc6832,frc4786,-1,frc2438,frc3255,-1
2025dal_qm64,qm,1,64,frc4786,,,,,,,,,,,,,,,,,,,,,,,,,frc9280,frc4451,frc6832,frc4786,-1,frc2438,frc3255,-1
2025dal_qm64,qm,1,64,frc4451,,,,,,,,,,,,,,,,,,,,,,,,,frc9280,frc4451,frc6832,frc4786,-1,frc2438,frc3255,-1
2025dal_qm64,qm,1,64,frc6832,,,,,,,,,,,,,,,,,,,,,,,,,frc9280,frc4451,frc6832,frc4786,-1,frc2438,frc3255,-1
2025dal_qm65,qm,1,65,frc4013,,,,,,,,,,,,,,,,,,,,,,,,,frc4013,frc226,frc4421,frc3297,-1,frc649,frc3256,-1
2025dal_qm65,qm,1,65,frc649,,,,,,,,,,,,,,,,,,,,,,,,,frc4013,frc226,frc4421,frc3297,-1,frc649,frc3256,-1
2025dal_qm65,qm,1,65,frc3256,,,,,,,,,,,,,,,,,,,,,,,,,frc4013,frc226,frc4421,frc3297,-1,frc649,frc3256,-1
2025dal_qm65,qm,1,65,frc3297,,,,,,,,,,,,,,,,,,,,,,,,,frc4013,frc226,frc4421,frc3297,-1,frc649,frc3256,-1
2025dal_qm65,qm,1,65,frc226,,,,,,,,,,,,,,,,,,,,,,,,,frc4013,frc226,frc4421,frc3297,-1,frc649,frc3256,-1
2025dal_qm65,qm,1,65,frc4421,,,,,,,,,,,,,,,,,,,,,,,,,frc4013,frc226,frc4421,frc3297,-1,frc649,frc3256,-1
2025dal_qm66,qm,1,66,frc7034,,,,,,,,,,,,,,,,,,,,,,,,,frc7034,frc1833,frc900,frc1731,-1,frc7525,frc7257,-1
2025dal_qm66,qm,1,66,frc7525,,,,,,,,,,,,,,,,,,,,,,,,,frc7034,frc1833,frc900,frc1731,-1,frc7525,frc7257,-1
2025dal_qm66,qm,1,66,frc7257,,,,,,,,,,,,,,,,,,,,,,,,,frc7034,frc1833,frc900,frc1731,-1,frc7525,frc7257,-1
2025dal_qm66,qm,1,66,frc1731,,,,,,,,,,,,,,,,,,,,,,,,,frc7034,frc1833,frc900,frc1731,-1,frc7525,frc7257,-1
2025dal_qm66,qm,1,66,frc1833,,,,,,,,,,,,,,,,,,,,,,,,,frc7034,frc1833,frc900,frc1731,-1,frc7525,frc7257,-1
2025dal_qm66,qm,1,66,frc900,,,,,,,,,,,,,,,,,,,,,,,,,frc7034,frc1833,frc900,frc1731,-1,frc7525,frc7257,-1
2025dal_qm67,qm,1,67,frc1678,,,,,,,,,,,,,,,,,,,,,,,,,frc1678,frc3891,frc4500,frc5968,-1,frc6146,frc8738,-1
2025dal_qm67,qm,1,67,frc6146,,,,,,,,,,,,,,,,,,,,,,,,,frc1678,frc3891,frc4500,frc5968,-1,frc6146,frc8738,-1
2025dal_qm67,qm,1,67,frc8738,,,,,,,,,,,,,,,,,,,,,,,,,frc1678,frc3891,frc4500,frc5968,-1,frc6146,frc8738,-1
2025dal_qm67,qm,1,67,frc5968,,,,,,,,,,,,,,,,,,,,,,,,,frc1678,frc3891,frc4500,frc5968,-1,frc6146,frc8738,-1
2025dal_qm67,qm,1,67,frc3891,,,,,,,,,,,,,,,,,,,,,,,,,frc1678,frc3891,frc4500,frc5968,-1,frc6146,frc8738,-1
2025dal_qm67,qm,1,67,frc4500,,,,,,,,,,,,,,,,,,,,,,,,,frc1678,frc3891,frc4500,frc5968,-1,frc6146,frc8738,-1
2025dal_qm68,qm,1,68,frc4607,,,,,,,,,,,,,,,,,,,,,,,,,frc4607,frc302,frc9032,frc4655,-1,frc10698,frc1369,-1
2025dal_qm68,qm,1,68,frc10698,,,,,,,,,,,,,,,,,,,,,,,,,frc4607,frc302,frc9032,frc4655,-1,frc10698,frc1369,-1
2025dal_qm68,qm,1,68,frc1369,,,,,,,,,,,,,,,,,,,,,,,,,frc4607,frc302,frc9032,frc4655,-1,frc10698,frc1369,-1
2025dal_qm68,qm,1,68,frc4655,,,,,,,,,,,,,,,,,,,,,,,,,frc4607,frc302,frc9032,frc4655,-1,frc10698,frc1369,-1
2025dal_qm68,qm,1,68,frc302,,,,,,,,,,,,,,,,,,,,,,,,,frc4607,frc302,frc9032,frc4655,-1,frc10698,frc1369,-1
2025dal_qm68,qm,1,68,frc9032,,,,,,,,,,,,,,,,,,,,,,,,,frc4607,frc302,frc9032,frc4655,-1,frc10698,frc1369,-1
2025dal_qm69,qm,1,69,frc2724,,,,,,,,,,,,,,,,,,,,,,,,,frc2724,frc8808,frc6909,frc3284,-1,frc4415,frc9199,-1
2025dal_qm69,qm,1,69,frc4415,,,,,,,,,,,,,,,,,,,,,,,,,frc2724,frc8808,frc6909,frc3284,-1,frc4415,frc9199,-1
2025dal_qm69,qm,1,69,frc9199,,,,,,,,,,,,,,,,,,,,,,,,,frc2724,frc8808,frc6909,frc3284,-1,frc4415,frc9199,-1
2025dal_qm69,qm,1,69,frc3284,,,,,,,,,,,,,,,,,,,,,,,,,frc2724,frc8808,frc6909,frc3284,-1,frc4415,frc9199,-1
2025dal_qm69,qm,1,69,frc8808,,,,,,,,,,,,,,,,,,,,,,,,,frc2724,frc8808,frc6909,frc3284,-1,frc4415,frc9199,-1
2025dal_qm69,qm,1,69,frc6909,,,,,,,,,,,,,,,,,,,,,,,,,frc2724,frc8808,frc6909,frc3284,-1,frc4415,frc9199,-1
2025dal_qm7,qm,1,7,frc3297,3,0,0,0,0,1,1,0,0,0,0,0,Deep Climb,0,"Good, scored one coral on l4, removed one and put the algae in the net, was good with algae during auto.","Only put one algae in the net before playing defense, was effective against 4005, and was good with guarding the coral stations.",1,DS,0,1,Was able to deep climb well over ground,1,1,1,frc3297,frc9312,frc4005,frc9280,-1,frc7197,frc5660,-1
2025dal_qm7,qm,1,7,frc7197,5,0,0,0,0,1,0,0,1,2,2,4,Park,0,they acquired some penalties while attempting to collect coral ,pretty fast coral cycles,0,np,0,1,parked at last moment ,0,0,1,frc3297,frc9312,frc4005,frc9280,-1,frc7197,frc5660,-1
2025dal_qm7,qm,1,7,frc5660,4,0,0,0,0,1,2,0,2,5,4,2,Deep Climb,0,,Extremely efficient cycling. seems like they could be an algae or coral bot pretty equally ,0,,0,3,,0,0,1,frc3297,frc9312,frc4005,frc9280,-1,frc7197,frc5660,-1
2025dal_qm7,qm,1,7,frc9280,3,0,0,0,0,3,0,0,4,0,1,0,Park,0,just moved forward and then stopped,"They started slow by removing alage for half of telop, but they did not score any of the alage. They were okay at coral with good collect, okay movement, but they had a little bit of trouble placing the coral. ",0,HD,0,0,they tried to climb but they failed and fell of the cage while they were in the air,0,0,1,frc3297,frc9312,frc4005,frc9280,-1,frc7197,frc5660,-1
2025dal_qm7,qm,1,7,frc9312,5,0,0,0,0,0,0,0,0,0,1,0,Deep Climb,0,did not fully go to pick up,"had trouble moving coral from intake to outtake area on robot, over all not very good, ground coral intake",0,aw,0,0,Took a while to climb ,0,0,1,frc3297,frc9312,frc4005,frc9280,-1,frc7197,frc5660,-1
2025dal_qm7,qm,1,7,frc4005,1,0,0,0,0,0,0,0,5,0,1,0,Park,0,"L4 auto failed, coral got stuck in frame",slow but could align and place even when reef was blocked by a coal in front,0,SF,0,0,Climbed deep cage but fell,0,0,1,frc3297,frc9312,frc4005,frc9280,-1,frc7197,frc5660,-1
2025dal_qm70,qm,1,70,frc6017,,,,,,,,,,,,,,,,,,,,,,,,,frc6017,frc10260,frc2056,frc4613,-1,frc3792,frc6083,-1
2025dal_qm70,qm,1,70,frc3792,,,,,,,,,,,,,,,,,,,,,,,,,frc6017,frc10260,frc2056,frc4613,-1,frc3792,frc6083,-1
2025dal_qm70,qm,1,70,frc6083,,,,,,,,,,,,,,,,,,,,,,,,,frc6017,frc10260,frc2056,frc4613,-1,frc3792,frc6083,-1
2025dal_qm70,qm,1,70,frc4613,,,,,,,,,,,,,,,,,,,,,,,,,frc6017,frc10260,frc2056,frc4613,-1,frc3792,frc6083,-1
2025dal_qm70,qm,1,70,frc10260,,,,,,,,,,,,,,,,,,,,,,,,,frc6017,frc10260,frc2056,frc4613,-1,frc3792,frc6083,-1
2025dal_qm70,qm,1,70,frc2056,,,,,,,,,,,,,,,,,,,,,,,,,frc6017,frc10260,frc2056,frc4613,-1,frc3792,frc6083,-1
2025dal_qm71,qm,1,71,frc3492,,,,,,,,,,,,,,,,,,,,,,,,,frc3492,frc10291,frc6995,frc2630,-1,frc7197,frc537,-1
2025dal_qm71,qm,1,71,frc7197,,,,,,,,,,,,,,,,,,,,,,,,,frc3492,frc10291,frc6995,frc2630,-1,frc7197,frc537,-1
2025dal_qm71,qm,1,71,frc537,,,,,,,,,,,,,,,,,,,,,,,,,frc3492,frc10291,frc6995,frc2630,-1,frc7197,frc537,-1
2025dal_qm71,qm,1,71,frc2630,,,,,,,,,,,,,,,,,,,,,,,,,frc3492,frc10291,frc6995,frc2630,-1,frc7197,frc537,-1
2025dal_qm71,qm,1,71,frc10291,,,,,,,,,,,,,,,,,,,,,,,,,frc3492,frc10291,frc6995,frc2630,-1,frc7197,frc537,-1
2025dal_qm71,qm,1,71,frc6995,,,,,,,,,,,,,,,,,,,,,,,,,frc3492,frc10291,frc6995,frc2630,-1,frc7197,frc537,-1
2025dal_qm72,qm,1,72,frc179,,,,,,,,,,,,,,,,,,,,,,,,,frc179,frc3173,frc9312,frc1507,-1,frc1847,frc9484,-1
2025dal_qm72,qm,1,72,frc1847,,,,,,,,,,,,,,,,,,,,,,,,,frc179,frc3173,frc9312,frc1507,-1,frc1847,frc9484,-1
2025dal_qm72,qm,1,72,frc9484,,,,,,,,,,,,,,,,,,,,,,,,,frc179,frc3173,frc9312,frc1507,-1,frc1847,frc9484,-1
2025dal_qm72,qm,1,72,frc1507,,,,,,,,,,,,,,,,,,,,,,,,,frc179,frc3173,frc9312,frc1507,-1,frc1847,frc9484,-1
2025dal_qm72,qm,1,72,frc3173,,,,,,,,,,,,,,,,,,,,,,,,,frc179,frc3173,frc9312,frc1507,-1,frc1847,frc9484,-1
2025dal_qm72,qm,1,72,frc9312,,,,,,,,,,,,,,,,,,,,,,,,,frc179,frc3173,frc9312,frc1507,-1,frc1847,frc9484,-1
2025dal_qm73,qm,1,73,frc2648,,,,,,,,,,,,,,,,,,,,,,,,,frc2648,frc694,frc7048,frc4005,-1,frc2129,frc4967,-1
2025dal_qm73,qm,1,73,frc2129,,,,,,,,,,,,,,,,,,,,,,,,,frc2648,frc694,frc7048,frc4005,-1,frc2129,frc4967,-1
2025dal_qm73,qm,1,73,frc4967,,,,,,,,,,,,,,,,,,,,,,,,,frc2648,frc694,frc7048,frc4005,-1,frc2129,frc4967,-1
2025dal_qm73,qm,1,73,frc4005,,,,,,,,,,,,,,,,,,,,,,,,,frc2648,frc694,frc7048,frc4005,-1,frc2129,frc4967,-1
2025dal_qm73,qm,1,73,frc694,,,,,,,,,,,,,,,,,,,,,,,,,frc2648,frc694,frc7048,frc4005,-1,frc2129,frc4967,-1
2025dal_qm73,qm,1,73,frc7048,,,,,,,,,,,,,,,,,,,,,,,,,frc2648,frc694,frc7048,frc4005,-1,frc2129,frc4967,-1
2025dal_qm74,qm,1,74,frc9301,,,,,,,,,,,,,,,,,,,,,,,,,frc9301,frc4068,frc1425,frc6348,-1,frc1481,frc418,-1
2025dal_qm74,qm,1,74,frc1481,,,,,,,,,,,,,,,,,,,,,,,,,frc9301,frc4068,frc1425,frc6348,-1,frc1481,frc418,-1
2025dal_qm74,qm,1,74,frc418,,,,,,,,,,,,,,,,,,,,,,,,,frc9301,frc4068,frc1425,frc6348,-1,frc1481,frc418,-1
2025dal_qm74,qm,1,74,frc6348,,,,,,,,,,,,,,,,,,,,,,,,,frc9301,frc4068,frc1425,frc6348,-1,frc1481,frc418,-1
2025dal_qm74,qm,1,74,frc4068,,,,,,,,,,,,,,,,,,,,,,,,,frc9301,frc4068,frc1425,frc6348,-1,frc1481,frc418,-1
2025dal_qm74,qm,1,74,frc1425,,,,,,,,,,,,,,,,,,,,,,,,,frc9301,frc4068,frc1425,frc6348,-1,frc1481,frc418,-1
2025dal_qm75,qm,1,75,frc78,,,,,,,,,,,,,,,,,,,,,,,,,frc78,frc6911,frc9432,frc1671,-1,frc494,frc5660,-1
2025dal_qm75,qm,1,75,frc494,,,,,,,,,,,,,,,,,,,,,,,,,frc78,frc6911,frc9432,frc1671,-1,frc494,frc5660,-1
2025dal_qm75,qm,1,75,frc5660,,,,,,,,,,,,,,,,,,,,,,,,,frc78,frc6911,frc9432,frc1671,-1,frc494,frc5660,-1
2025dal_qm75,qm,1,75,frc1671,,,,,,,,,,,,,,,,,,,,,,,,,frc78,frc6911,frc9432,frc1671,-1,frc494,frc5660,-1
2025dal_qm75,qm,1,75,frc6911,,,,,,,,,,,,,,,,,,,,,,,,,frc78,frc6911,frc9432,frc1671,-1,frc494,frc5660,-1
2025dal_qm75,qm,1,75,frc9432,,,,,,,,,,,,,,,,,,,,,,,,,frc78,frc6911,frc9432,frc1671,-1,frc494,frc5660,-1
2025dal_qm76,qm,1,76,frc4421,,,,,,,,,,,,,,,,,,,,,,,,,frc4421,frc4500,frc9280,frc7525,-1,frc9032,frc8575,-1
2025dal_qm76,qm,1,76,frc9032,,,,,,,,,,,,,,,,,,,,,,,,,frc4421,frc4500,frc9280,frc7525,-1,frc9032,frc8575,-1
2025dal_qm76,qm,1,76,frc8575,,,,,,,,,,,,,,,,,,,,,,,,,frc4421,frc4500,frc9280,frc7525,-1,frc9032,frc8575,-1
2025dal_qm76,qm,1,76,frc7525,,,,,,,,,,,,,,,,,,,,,,,,,frc4421,frc4500,frc9280,frc7525,-1,frc9032,frc8575,-1
2025dal_qm76,qm,1,76,frc4500,,,,,,,,,,,,,,,,,,,,,,,,,frc4421,frc4500,frc9280,frc7525,-1,frc9032,frc8575,-1
2025dal_qm76,qm,1,76,frc9280,,,,,,,,,,,,,,,,,,,,,,,,,frc4421,frc4500,frc9280,frc7525,-1,frc9032,frc8575,-1
2025dal_qm77,qm,1,77,frc7034,,,,,,,,,,,,,,,,,,,,,,,,,frc7034,frc2724,frc1369,frc7257,-1,frc8738,frc3256,-1
2025dal_qm77,qm,1,77,frc8738,,,,,,,,,,,,,,,,,,,,,,,,,frc7034,frc2724,frc1369,frc7257,-1,frc8738,frc3256,-1
2025dal_qm77,qm,1,77,frc3256,,,,,,,,,,,,,,,,,,,,,,,,,frc7034,frc2724,frc1369,frc7257,-1,frc8738,frc3256,-1
2025dal_qm77,qm,1,77,frc7257,,,,,,,,,,,,,,,,,,,,,,,,,frc7034,frc2724,frc1369,frc7257,-1,frc8738,frc3256,-1
2025dal_qm77,qm,1,77,frc2724,,,,,,,,,,,,,,,,,,,,,,,,,frc7034,frc2724,frc1369,frc7257,-1,frc8738,frc3256,-1
2025dal_qm77,qm,1,77,frc1369,,,,,,,,,,,,,,,,,,,,,,,,,frc7034,frc2724,frc1369,frc7257,-1,frc8738,frc3256,-1
2025dal_qm78,qm,1,78,frc3255,,,,,,,,,,,,,,,,,,,,,,,,,frc3255,frc4013,frc4415,frc4607,-1,frc10260,frc5968,-1
2025dal_qm78,qm,1,78,frc10260,,,,,,,,,,,,,,,,,,,,,,,,,frc3255,frc4013,frc4415,frc4607,-1,frc10260,frc5968,-1
2025dal_qm78,qm,1,78,frc5968,,,,,,,,,,,,,,,,,,,,,,,,,frc3255,frc4013,frc4415,frc4607,-1,frc10260,frc5968,-1
2025dal_qm78,qm,1,78,frc4607,,,,,,,,,,,,,,,,,,,,,,,,,frc3255,frc4013,frc4415,frc4607,-1,frc10260,frc5968,-1
2025dal_qm78,qm,1,78,frc4013,,,,,,,,,,,,,,,,,,,,,,,,,frc3255,frc4013,frc4415,frc4607,-1,frc10260,frc5968,-1
2025dal_qm78,qm,1,78,frc4415,,,,,,,,,,,,,,,,,,,,,,,,,frc3255,frc4013,frc4415,frc4607,-1,frc10260,frc5968,-1
2025dal_qm79,qm,1,79,frc6424,,,,,,,,,,,,,,,,,,,,,,,,,frc6424,frc6832,frc6146,frc4613,-1,frc3284,frc10291,-1
2025dal_qm79,qm,1,79,frc3284,,,,,,,,,,,,,,,,,,,,,,,,,frc6424,frc6832,frc6146,frc4613,-1,frc3284,frc10291,-1
2025dal_qm79,qm,1,79,frc10291,,,,,,,,,,,,,,,,,,,,,,,,,frc6424,frc6832,frc6146,frc4613,-1,frc3284,frc10291,-1
2025dal_qm79,qm,1,79,frc4613,,,,,,,,,,,,,,,,,,,,,,,,,frc6424,frc6832,frc6146,frc4613,-1,frc3284,frc10291,-1
2025dal_qm79,qm,1,79,frc6832,,,,,,,,,,,,,,,,,,,,,,,,,frc6424,frc6832,frc6146,frc4613,-1,frc3284,frc10291,-1
2025dal_qm79,qm,1,79,frc6146,,,,,,,,,,,,,,,,,,,,,,,,,frc6424,frc6832,frc6146,frc4613,-1,frc3284,frc10291,-1
2025dal_qm8,qm,1,8,frc7048,4,0,0,0,0,0,0,0,4,0,0,0,Park,0,"Missed the first coral place, and made the 2nd second coral place on l4.","Took a lot of time just to place one coral, only managed to place 4 coral on l4, and not do anything else.",0,DS,0,1,"Tried to deep climb, but lost time and ended with a park.",0,0,1,frc7048,frc4613,frc7034,frc4013,-1,frc6348,frc3173,-1
2025dal_qm8,qm,1,8,frc6348,3,0,0,0,0,0,0,0,2,0,0,1,Park,0,failed to score level four but did leave start zone ,Decent with coral but mediocre at best,0,np,0,0,Parked just fine,0,0,1,frc7048,frc4613,frc7034,frc4013,-1,frc6348,frc3173,-1
2025dal_qm8,qm,1,8,frc3173,1,0,0,0,0,3,2,0,6,3,0,1,Park,0,They missed their first two L4 autos ,They missed 2-3 corals on L3/4,0,SG,0,1,,0,0,1,frc7048,frc4613,frc7034,frc4013,-1,frc6348,frc3173,-1
2025dal_qm8,qm,1,8,frc4013,1,0,0,0,2,1,0,2,0,0,0,0,Park,9,They just moved forward  ,they focused on alage for most of the match but were only able to interact with 4 alage and they just scored 2 of them in the processor to get co op. they tried to station collect a coral at the end of they match but they were not able to collect it in the 30 seconds they had at the end of the match.  ,0,HD,0,0,ran out of time to climb,0,0,1,frc7048,frc4613,frc7034,frc4013,-1,frc6348,frc3173,-1
2025dal_qm8,qm,1,8,frc4613,3,0,0,0,0,2,1,0,0,3,4,0,Deep Climb,0,attempted net three but overshot,"incredibly Innacurate with both algae and coral, less innacurate wuth coral",3,aw,0,0,took awhile to climb,1,0,1,frc7048,frc4613,frc7034,frc4013,-1,frc6348,frc3173,-1
2025dal_qm8,qm,1,8,frc7034,4,0,0,0,0,0,0,0,7,3,0,0,Deep Climb,1,First L4 missed,got stick once but was pretty quickly saved by allied team,0,SF,0,2,climbed well with no rush,0,0,1,frc7048,frc4613,frc7034,frc4013,-1,frc6348,frc3173,-1
2025dal_qm80,qm,1,80,frc302,,,,,,,,,,,,,,,,,,,,,,,,,frc302,frc2630,frc4451,frc1507,-1,frc1833,frc8808,-1
2025dal_qm80,qm,1,80,frc1833,,,,,,,,,,,,,,,,,,,,,,,,,frc302,frc2630,frc4451,frc1507,-1,frc1833,frc8808,-1
2025dal_qm80,qm,1,80,frc8808,,,,,,,,,,,,,,,,,,,,,,,,,frc302,frc2630,frc4451,frc1507,-1,frc1833,frc8808,-1
2025dal_qm80,qm,1,80,frc1507,,,,,,,,,,,,,,,,,,,,,,,,,frc302,frc2630,frc4451,frc1507,-1,frc1833,frc8808,-1
2025dal_qm80,qm,1,80,frc2630,,,,,,,,,,,,,,,,,,,,,,,,,frc302,frc2630,frc4451,frc1507,-1,frc1833,frc8808,-1
2025dal_qm80,qm,1,80,frc4451,,,,,,,,,,,,,,,,,,,,,,,,,frc302,frc2630,frc4451,frc1507,-1,frc1833,frc8808,-1
2025dal_qm81,qm,1,81,frc10698,,,,,,,,,,,,,,,,,,,,,,,,,frc10698,frc900,frc9199,frc537,-1,frc4005,frc4786,-1
2025dal_qm81,qm,1,81,frc4005,,,,,,,,,,,,,,,,,,,,,,,,,frc10698,frc900,frc9199,frc537,-1,frc4005,frc4786,-1
2025dal_qm81,qm,1,81,frc4786,,,,,,,,,,,,,,,,,,,,,,,,,frc10698,frc900,frc9199,frc537,-1,frc4005,frc4786,-1
2025dal_qm81,qm,1,81,frc537,,,,,,,,,,,,,,,,,,,,,,,,,frc10698,frc900,frc9199,frc537,-1,frc4005,frc4786,-1
2025dal_qm81,qm,1,81,frc900,,,,,,,,,,,,,,,,,,,,,,,,,frc10698,frc900,frc9199,frc537,-1,frc4005,frc4786,-1
2025dal_qm81,qm,1,81,frc9199,,,,,,,,,,,,,,,,,,,,,,,,,frc10698,frc900,frc9199,frc537,-1,frc4005,frc4786,-1
2025dal_qm82,qm,1,82,frc418,,,,,,,,,,,,,,,,,,,,,,,,,frc418,frc2648,frc9484,frc3297,-1,frc3492,frc1796,-1
2025dal_qm82,qm,1,82,frc3492,,,,,,,,,,,,,,,,,,,,,,,,,frc418,frc2648,frc9484,frc3297,-1,frc3492,frc1796,-1
2025dal_qm82,qm,1,82,frc1796,,,,,,,,,,,,,,,,,,,,,,,,,frc418,frc2648,frc9484,frc3297,-1,frc3492,frc1796,-1
2025dal_qm82,qm,1,82,frc3297,,,,,,,,,,,,,,,,,,,,,,,,,frc418,frc2648,frc9484,frc3297,-1,frc3492,frc1796,-1
2025dal_qm82,qm,1,82,frc2648,,,,,,,,,,,,,,,,,,,,,,,,,frc418,frc2648,frc9484,frc3297,-1,frc3492,frc1796,-1
2025dal_qm82,qm,1,82,frc9484,,,,,,,,,,,,,,,,,,,,,,,,,frc418,frc2648,frc9484,frc3297,-1,frc3492,frc1796,-1
2025dal_qm83,qm,1,83,frc226,,,,,,,,,,,,,,,,,,,,,,,,,frc226,frc6348,frc9312,frc2056,-1,frc6995,frc9432,-1
2025dal_qm83,qm,1,83,frc6995,,,,,,,,,,,,,,,,,,,,,,,,,frc226,frc6348,frc9312,frc2056,-1,frc6995,frc9432,-1
2025dal_qm83,qm,1,83,frc9432,,,,,,,,,,,,,,,,,,,,,,,,,frc226,frc6348,frc9312,frc2056,-1,frc6995,frc9432,-1
2025dal_qm83,qm,1,83,frc2056,,,,,,,,,,,,,,,,,,,,,,,,,frc226,frc6348,frc9312,frc2056,-1,frc6995,frc9432,-1
2025dal_qm83,qm,1,83,frc6348,,,,,,,,,,,,,,,,,,,,,,,,,frc226,frc6348,frc9312,frc2056,-1,frc6995,frc9432,-1
2025dal_qm83,qm,1,83,frc9312,,,,,,,,,,,,,,,,,,,,,,,,,frc226,frc6348,frc9312,frc2056,-1,frc6995,frc9432,-1
2025dal_qm84,qm,1,84,frc3792,,,,,,,,,,,,,,,,,,,,,,,,,frc3792,frc1671,frc7197,frc3891,-1,frc179,frc694,-1
2025dal_qm84,qm,1,84,frc179,,,,,,,,,,,,,,,,,,,,,,,,,frc3792,frc1671,frc7197,frc3891,-1,frc179,frc694,-1
2025dal_qm84,qm,1,84,frc694,,,,,,,,,,,,,,,,,,,,,,,,,frc3792,frc1671,frc7197,frc3891,-1,frc179,frc694,-1
2025dal_qm84,qm,1,84,frc3891,,,,,,,,,,,,,,,,,,,,,,,,,frc3792,frc1671,frc7197,frc3891,-1,frc179,frc694,-1
2025dal_qm84,qm,1,84,frc1671,,,,,,,,,,,,,,,,,,,,,,,,,frc3792,frc1671,frc7197,frc3891,-1,frc179,frc694,-1
2025dal_qm84,qm,1,84,frc7197,,,,,,,,,,,,,,,,,,,,,,,,,frc3792,frc1671,frc7197,frc3891,-1,frc179,frc694,-1
2025dal_qm85,qm,1,85,frc1425,,,,,,,,,,,,,,,,,,,,,,,,,frc1425,frc6083,frc2438,frc6909,-1,frc1847,frc5660,-1
2025dal_qm85,qm,1,85,frc1847,,,,,,,,,,,,,,,,,,,,,,,,,frc1425,frc6083,frc2438,frc6909,-1,frc1847,frc5660,-1
2025dal_qm85,qm,1,85,frc5660,,,,,,,,,,,,,,,,,,,,,,,,,frc1425,frc6083,frc2438,frc6909,-1,frc1847,frc5660,-1
2025dal_qm85,qm,1,85,frc6909,,,,,,,,,,,,,,,,,,,,,,,,,frc1425,frc6083,frc2438,frc6909,-1,frc1847,frc5660,-1
2025dal_qm85,qm,1,85,frc6083,,,,,,,,,,,,,,,,,,,,,,,,,frc1425,frc6083,frc2438,frc6909,-1,frc1847,frc5660,-1
2025dal_qm85,qm,1,85,frc2438,,,,,,,,,,,,,,,,,,,,,,,,,frc1425,frc6083,frc2438,frc6909,-1,frc1847,frc5660,-1
2025dal_qm86,qm,1,86,frc6017,,,,,,,,,,,,,,,,,,,,,,,,,frc6017,frc649,frc78,frc1481,-1,frc7048,frc1731,-1
2025dal_qm86,qm,1,86,frc7048,,,,,,,,,,,,,,,,,,,,,,,,,frc6017,frc649,frc78,frc1481,-1,frc7048,frc1731,-1
2025dal_qm86,qm,1,86,frc1731,,,,,,,,,,,,,,,,,,,,,,,,,frc6017,frc649,frc78,frc1481,-1,frc7048,frc1731,-1
2025dal_qm86,qm,1,86,frc1481,,,,,,,,,,,,,,,,,,,,,,,,,frc6017,frc649,frc78,frc1481,-1,frc7048,frc1731,-1
2025dal_qm86,qm,1,86,frc649,,,,,,,,,,,,,,,,,,,,,,,,,frc6017,frc649,frc78,frc1481,-1,frc7048,frc1731,-1
2025dal_qm86,qm,1,86,frc78,,,,,,,,,,,,,,,,,,,,,,,,,frc6017,frc649,frc78,frc1481,-1,frc7048,frc1731,-1
2025dal_qm87,qm,1,87,frc494,,,,,,,,,,,,,,,,,,,,,,,,,frc494,frc9301,frc3173,frc4655,-1,frc1678,frc4967,-1
2025dal_qm87,qm,1,87,frc1678,,,,,,,,,,,,,,,,,,,,,,,,,frc494,frc9301,frc3173,frc4655,-1,frc1678,frc4967,-1
2025dal_qm87,qm,1,87,frc4967,,,,,,,,,,,,,,,,,,,,,,,,,frc494,frc9301,frc3173,frc4655,-1,frc1678,frc4967,-1
2025dal_qm87,qm,1,87,frc4655,,,,,,,,,,,,,,,,,,,,,,,,,frc494,frc9301,frc3173,frc4655,-1,frc1678,frc4967,-1
2025dal_qm87,qm,1,87,frc9301,,,,,,,,,,,,,,,,,,,,,,,,,frc494,frc9301,frc3173,frc4655,-1,frc1678,frc4967,-1
2025dal_qm87,qm,1,87,frc3173,,,,,,,,,,,,,,,,,,,,,,,,,frc494,frc9301,frc3173,frc4655,-1,frc1678,frc4967,-1
2025dal_qm88,qm,1,88,frc6911,,,,,,,,,,,,,,,,,,,,,,,,,frc6911,frc8738,frc6832,frc2129,-1,frc4068,frc10260,-1
2025dal_qm88,qm,1,88,frc4068,,,,,,,,,,,,,,,,,,,,,,,,,frc6911,frc8738,frc6832,frc2129,-1,frc4068,frc10260,-1
2025dal_qm88,qm,1,88,frc10260,,,,,,,,,,,,,,,,,,,,,,,,,frc6911,frc8738,frc6832,frc2129,-1,frc4068,frc10260,-1
2025dal_qm88,qm,1,88,frc2129,,,,,,,,,,,,,,,,,,,,,,,,,frc6911,frc8738,frc6832,frc2129,-1,frc4068,frc10260,-1
2025dal_qm88,qm,1,88,frc8738,,,,,,,,,,,,,,,,,,,,,,,,,frc6911,frc8738,frc6832,frc2129,-1,frc4068,frc10260,-1
2025dal_qm88,qm,1,88,frc6832,,,,,,,,,,,,,,,,,,,,,,,,,frc6911,frc8738,frc6832,frc2129,-1,frc4068,frc10260,-1
2025dal_qm89,qm,1,89,frc5968,,,,,,,,,,,,,,,,,,,,,,,,,frc5968,frc8575,frc302,frc2724,-1,frc9032,frc4613,-1
2025dal_qm89,qm,1,89,frc9032,,,,,,,,,,,,,,,,,,,,,,,,,frc5968,frc8575,frc302,frc2724,-1,frc9032,frc4613,-1
2025dal_qm89,qm,1,89,frc4613,,,,,,,,,,,,,,,,,,,,,,,,,frc5968,frc8575,frc302,frc2724,-1,frc9032,frc4613,-1
2025dal_qm89,qm,1,89,frc2724,,,,,,,,,,,,,,,,,,,,,,,,,frc5968,frc8575,frc302,frc2724,-1,frc9032,frc4613,-1
2025dal_qm89,qm,1,89,frc8575,,,,,,,,,,,,,,,,,,,,,,,,,frc5968,frc8575,frc302,frc2724,-1,frc9032,frc4613,-1
2025dal_qm89,qm,1,89,frc302,,,,,,,,,,,,,,,,,,,,,,,,,frc5968,frc8575,frc302,frc2724,-1,frc9032,frc4613,-1
2025dal_qm9,qm,1,9,frc9032,3,0,0,0,2,2,4,0,1,2,2,0,Park,0,"Scored one coral on l4, and removed an algae and put in the net, all reliably, almost got a second algae. ","Had efficient ground collect and placing, but focused more on algae, successfully removing 2 algae and ground collecting 2 algae, and put all 4 in the net. Really good with coral and algae.",1,DS,0,1,"Don't think they tried to climb, and parked instead.",1,0,1,frc9032,frc694,frc1481,frc1847,-1,frc1678,frc900,-1
2025dal_qm9,qm,1,9,frc1678,2,0,0,0,2,4,3,2,2,7,5,1,Park,0,great auto with ground collect and four coral,literally good at everything ,0,np,0,4,climbed quickly ,0,0,1,frc9032,frc694,frc1481,frc1847,-1,frc1678,frc900,-1
2025dal_qm9,qm,1,9,frc900,1,0,0,0,0,0,0,0,2,2,3,0,None,0,,Extremely bad. They missed around 7-8 attempts in coral. idk what the problem was cus they could intake fine but wasn't placing. when they scored they performed really well.,0,SG,0,0,,0,0,1,frc9032,frc694,frc1481,frc1847,-1,frc1678,frc900,-1
2025dal_qm9,qm,1,9,frc1847,4,0,0,0,0,0,0,0,2,3,3,3,Park,0,they had a decent auto but they missed one coral and ran out of time for a third,they were focused on coral this match. they were kind of slow at their cycles but they were consistent at placing and driving. their station collect was a little more inconsistent with a couple of delays.,0,HD,0,1,they tried to climb 3 times over end game but they failed to engage fully with the cage,0,0,1,frc9032,frc694,frc1481,frc1847,-1,frc1678,frc900,-1
2025dal_qm9,qm,1,9,frc694,2,0,0,0,0,1,1,0,6,4,4,0,Deep Climb,0,Attempt to place a forth coral ran out of time,Accurate and quick with coral unlike how it is with algae,0,aw,0,3,Twentyish seconds ,0,0,1,frc9032,frc694,frc1481,frc1847,-1,frc1678,frc900,-1
2025dal_qm9,qm,1,9,frc1481,3,0,0,0,0,0,0,0,1,4,0,1,Park,0,Barge shot missed,Reliable but slow coral,1,SF,0,1,Had battery issues,0,0,1,frc9032,frc694,frc1481,frc1847,-1,frc1678,frc900,-1
2025dal_qm90,qm,1,90,frc418,,,,,,,,,,,,,,,,,,,,,,,,,frc418,frc3256,frc4607,frc3284,-1,frc900,frc1507,-1
2025dal_qm90,qm,1,90,frc900,,,,,,,,,,,,,,,,,,,,,,,,,frc418,frc3256,frc4607,frc3284,-1,frc900,frc1507,-1
2025dal_qm90,qm,1,90,frc1507,,,,,,,,,,,,,,,,,,,,,,,,,frc418,frc3256,frc4607,frc3284,-1,frc900,frc1507,-1
2025dal_qm90,qm,1,90,frc3284,,,,,,,,,,,,,,,,,,,,,,,,,frc418,frc3256,frc4607,frc3284,-1,frc900,frc1507,-1
2025dal_qm90,qm,1,90,frc3256,,,,,,,,,,,,,,,,,,,,,,,,,frc418,frc3256,frc4607,frc3284,-1,frc900,frc1507,-1
2025dal_qm90,qm,1,90,frc4607,,,,,,,,,,,,,,,,,,,,,,,,,frc418,frc3256,frc4607,frc3284,-1,frc900,frc1507,-1
2025dal_qm91,qm,1,91,frc2056,,,,,,,,,,,,,,,,,,,,,,,,,frc2056,frc3255,frc4500,frc6424,-1,frc9484,frc537,-1
2025dal_qm91,qm,1,91,frc9484,,,,,,,,,,,,,,,,,,,,,,,,,frc2056,frc3255,frc4500,frc6424,-1,frc9484,frc537,-1
2025dal_qm91,qm,1,91,frc537,,,,,,,,,,,,,,,,,,,,,,,,,frc2056,frc3255,frc4500,frc6424,-1,frc9484,frc537,-1
2025dal_qm91,qm,1,91,frc6424,,,,,,,,,,,,,,,,,,,,,,,,,frc2056,frc3255,frc4500,frc6424,-1,frc9484,frc537,-1
2025dal_qm91,qm,1,91,frc3255,,,,,,,,,,,,,,,,,,,,,,,,,frc2056,frc3255,frc4500,frc6424,-1,frc9484,frc537,-1
2025dal_qm91,qm,1,91,frc4500,,,,,,,,,,,,,,,,,,,,,,,,,frc2056,frc3255,frc4500,frc6424,-1,frc9484,frc537,-1
2025dal_qm92,qm,1,92,frc6146,,,,,,,,,,,,,,,,,,,,,,,,,frc6146,frc4005,frc2630,frc1369,-1,frc3792,frc6348,-1
2025dal_qm92,qm,1,92,frc3792,,,,,,,,,,,,,,,,,,,,,,,,,frc6146,frc4005,frc2630,frc1369,-1,frc3792,frc6348,-1
2025dal_qm92,qm,1,92,frc6348,,,,,,,,,,,,,,,,,,,,,,,,,frc6146,frc4005,frc2630,frc1369,-1,frc3792,frc6348,-1
2025dal_qm92,qm,1,92,frc1369,,,,,,,,,,,,,,,,,,,,,,,,,frc6146,frc4005,frc2630,frc1369,-1,frc3792,frc6348,-1
2025dal_qm92,qm,1,92,frc4005,,,,,,,,,,,,,,,,,,,,,,,,,frc6146,frc4005,frc2630,frc1369,-1,frc3792,frc6348,-1
2025dal_qm92,qm,1,92,frc2630,,,,,,,,,,,,,,,,,,,,,,,,,frc6146,frc4005,frc2630,frc1369,-1,frc3792,frc6348,-1
2025dal_qm93,qm,1,93,frc1847,,,,,,,,,,,,,,,,,,,,,,,,,frc1847,frc7034,frc10291,frc8808,-1,frc2648,frc9432,-1
2025dal_qm93,qm,1,93,frc2648,,,,,,,,,,,,,,,,,,,,,,,,,frc1847,frc7034,frc10291,frc8808,-1,frc2648,frc9432,-1
2025dal_qm93,qm,1,93,frc9432,,,,,,,,,,,,,,,,,,,,,,,,,frc1847,frc7034,frc10291,frc8808,-1,frc2648,frc9432,-1
2025dal_qm93,qm,1,93,frc8808,,,,,,,,,,,,,,,,,,,,,,,,,frc1847,frc7034,frc10291,frc8808,-1,frc2648,frc9432,-1
2025dal_qm93,qm,1,93,frc7034,,,,,,,,,,,,,,,,,,,,,,,,,frc1847,frc7034,frc10291,frc8808,-1,frc2648,frc9432,-1
2025dal_qm93,qm,1,93,frc10291,,,,,,,,,,,,,,,,,,,,,,,,,frc1847,frc7034,frc10291,frc8808,-1,frc2648,frc9432,-1
2025dal_qm94,qm,1,94,frc1833,,,,,,,,,,,,,,,,,,,,,,,,,frc1833,frc78,frc6995,frc6083,-1,frc4786,frc179,-1
2025dal_qm94,qm,1,94,frc4786,,,,,,,,,,,,,,,,,,,,,,,,,frc1833,frc78,frc6995,frc6083,-1,frc4786,frc179,-1
2025dal_qm94,qm,1,94,frc179,,,,,,,,,,,,,,,,,,,,,,,,,frc1833,frc78,frc6995,frc6083,-1,frc4786,frc179,-1
2025dal_qm94,qm,1,94,frc6083,,,,,,,,,,,,,,,,,,,,,,,,,frc1833,frc78,frc6995,frc6083,-1,frc4786,frc179,-1
2025dal_qm94,qm,1,94,frc78,,,,,,,,,,,,,,,,,,,,,,,,,frc1833,frc78,frc6995,frc6083,-1,frc4786,frc179,-1
2025dal_qm94,qm,1,94,frc6995,,,,,,,,,,,,,,,,,,,,,,,,,frc1833,frc78,frc6995,frc6083,-1,frc4786,frc179,-1
2025dal_qm95,qm,1,95,frc3492,,,,,,,,,,,,,,,,,,,,,,,,,frc3492,frc9312,frc7257,frc4421,-1,frc4415,frc9301,-1
2025dal_qm95,qm,1,95,frc4415,,,,,,,,,,,,,,,,,,,,,,,,,frc3492,frc9312,frc7257,frc4421,-1,frc4415,frc9301,-1
2025dal_qm95,qm,1,95,frc9301,,,,,,,,,,,,,,,,,,,,,,,,,frc3492,frc9312,frc7257,frc4421,-1,frc4415,frc9301,-1
2025dal_qm95,qm,1,95,frc4421,,,,,,,,,,,,,,,,,,,,,,,,,frc3492,frc9312,frc7257,frc4421,-1,frc4415,frc9301,-1
2025dal_qm95,qm,1,95,frc9312,,,,,,,,,,,,,,,,,,,,,,,,,frc3492,frc9312,frc7257,frc4421,-1,frc4415,frc9301,-1
2025dal_qm95,qm,1,95,frc7257,,,,,,,,,,,,,,,,,,,,,,,,,frc3492,frc9312,frc7257,frc4421,-1,frc4415,frc9301,-1
2025dal_qm96,qm,1,96,frc1481,,,,,,,,,,,,,,,,,,,,,,,,,frc1481,frc494,frc4013,frc7197,-1,frc2438,frc1796,-1
2025dal_qm96,qm,1,96,frc2438,,,,,,,,,,,,,,,,,,,,,,,,,frc1481,frc494,frc4013,frc7197,-1,frc2438,frc1796,-1
2025dal_qm96,qm,1,96,frc1796,,,,,,,,,,,,,,,,,,,,,,,,,frc1481,frc494,frc4013,frc7197,-1,frc2438,frc1796,-1
2025dal_qm96,qm,1,96,frc7197,,,,,,,,,,,,,,,,,,,,,,,,,frc1481,frc494,frc4013,frc7197,-1,frc2438,frc1796,-1
2025dal_qm96,qm,1,96,frc494,,,,,,,,,,,,,,,,,,,,,,,,,frc1481,frc494,frc4013,frc7197,-1,frc2438,frc1796,-1
2025dal_qm96,qm,1,96,frc4013,,,,,,,,,,,,,,,,,,,,,,,,,frc1481,frc494,frc4013,frc7197,-1,frc2438,frc1796,-1
2025dal_qm97,qm,1,97,frc6909,,,,,,,,,,,,,,,,,,,,,,,,,frc6909,frc7048,frc3297,frc1678,-1,frc226,frc6911,-1
2025dal_qm97,qm,1,97,frc226,,,,,,,,,,,,,,,,,,,,,,,,,frc6909,frc7048,frc3297,frc1678,-1,frc226,frc6911,-1
2025dal_qm97,qm,1,97,frc6911,,,,,,,,,,,,,,,,,,,,,,,,,frc6909,frc7048,frc3297,frc1678,-1,frc226,frc6911,-1
2025dal_qm97,qm,1,97,frc1678,,,,,,,,,,,,,,,,,,,,,,,,,frc6909,frc7048,frc3297,frc1678,-1,frc226,frc6911,-1
2025dal_qm97,qm,1,97,frc7048,,,,,,,,,,,,,,,,,,,,,,,,,frc6909,frc7048,frc3297,frc1678,-1,frc226,frc6911,-1
2025dal_qm97,qm,1,97,frc3297,,,,,,,,,,,,,,,,,,,,,,,,,frc6909,frc7048,frc3297,frc1678,-1,frc226,frc6911,-1
2025dal_qm98,qm,1,98,frc4451,,,,,,,,,,,,,,,,,,,,,,,,,frc4451,frc5660,frc4068,frc9199,-1,frc4967,frc1731,-1
2025dal_qm98,qm,1,98,frc4967,,,,,,,,,,,,,,,,,,,,,,,,,frc4451,frc5660,frc4068,frc9199,-1,frc4967,frc1731,-1
2025dal_qm98,qm,1,98,frc1731,,,,,,,,,,,,,,,,,,,,,,,,,frc4451,frc5660,frc4068,frc9199,-1,frc4967,frc1731,-1
2025dal_qm98,qm,1,98,frc9199,,,,,,,,,,,,,,,,,,,,,,,,,frc4451,frc5660,frc4068,frc9199,-1,frc4967,frc1731,-1
2025dal_qm98,qm,1,98,frc5660,,,,,,,,,,,,,,,,,,,,,,,,,frc4451,frc5660,frc4068,frc9199,-1,frc4967,frc1731,-1
2025dal_qm98,qm,1,98,frc4068,,,,,,,,,,,,,,,,,,,,,,,,,frc4451,frc5660,frc4068,frc9199,-1,frc4967,frc1731,-1
2025dal_qm99,qm,1,99,frc2129,,,,,,,,,,,,,,,,,,,,,,,,,frc2129,frc1425,frc4655,frc3891,-1,frc9280,frc6017,-1
2025dal_qm99,qm,1,99,frc9280,,,,,,,,,,,,,,,,,,,,,,,,,frc2129,frc1425,frc4655,frc3891,-1,frc9280,frc6017,-1
2025dal_qm99,qm,1,99,frc6017,,,,,,,,,,,,,,,,,,,,,,,,,frc2129,frc1425,frc4655,frc3891,-1,frc9280,frc6017,-1
2025dal_qm99,qm,1,99,frc3891,,,,,,,,,,,,,,,,,,,,,,,,,frc2129,frc1425,frc4655,frc3891,-1,frc9280,frc6017,-1
2025dal_qm99,qm,1,99,frc1425,,,,,,,,,,,,,,,,,,,,,,,,,frc2129,frc1425,frc4655,frc3891,-1,frc9280,frc6017,-1
2025dal_qm99,qm,1,99,frc4655,,,,,,,,,,,,,,,,,,,,,,,,,frc2129,frc1425,frc4655,frc3891,-1,frc9280,frc6017,-1