key,comp_level,set_number,match_number,team_key,start_Pos_5isBlue,a_Proc,a_L4,a_L3,a_L2,a_L1,t_Defense,t_timeFrozen,t_reefAlgae,t_Net,t_Proc,t_L4,t_L3,t_L2,t_L1,end_Pos,t_Tipped,auto_Notes,tele_Notes,endgame_Notes,match_Scouter,a_Leave,a_Station,a_Net,a_reefAlgae,r1,b1,b2,b3,r2,r3,ba_bluescore,ba_redscore,ba_autoCoralCount,ba_autoCoralPoints,ba_autoLineRobot1,ba_autoLineRobot2,ba_autoLineRobot3,ba_autoMobilityPoints,ba_autoPoints,ba_bargeBonusAchieved,ba_coopertitionCriteriaMet,ba_coralBonusAchieved,ba_endGameBargePoints,ba_endGameRobot1,ba_endGameRobot2,ba_endGameRobot3,ba_foulCount,ba_foulPoints,ba_g206Penalty,ba_g410Penalty,ba_g418Penalty,ba_g428Penalty,ba_netAlgaeCount,ba_rp,ba_techFoulCount,ba_teleopCoralCount,ba_teleopCoralPoints,ba_teleopPoints,ba_totalPoints,ba_wallAlgaeCount,ba_algaePoints,ba_adjustPoints,ba_autoBonusAchieved,ba_winning_alliance
2025orore_qm1,qm,1,1,frc2471,1,0,0,0,0,0,0,4,0,0,0,1,0,0,1,Park,0,looked very unstable while elevator was fully retracted. coral placement is highly inaccurate on all levels.,highly inaccurate coral placement and accidentally placed on L1.,spun in circles and parked. incapable of climbing,naman,1,1,0,0,frc2471,frc1540,frc2898,frc5970,frc9430,frc2915,22,31,2,6,Yes,Yes,Yes,9,15,0,0,0,4,Parked,Parked,None,0,0,0,0,0,0,0,4,0,4,12,16,31,0,0,0,1,red
2025orore_qm1,qm,1,1,frc9430,1,0,0,1,0,0,0,0,0,0,0,0,2,1,0,Deep Climb,0,"Auto was slightly slow, their coral feed missed and was inaccurate, but made one l3.","Was moving at steady pace, scored a few on l3 and 2, but their feeding was slow, slightly unreliable, and shaky when holding coral.",was not fully off ground and looked a little weak,Dev Sharma ,1,0,0,0,frc2471,frc1540,frc2898,frc5970,frc9430,frc2915,22,31,2,6,Yes,Yes,Yes,9,15,0,0,0,4,Parked,Parked,None,0,0,0,0,0,0,0,4,0,4,12,16,31,0,0,0,1,red
2025orore_qm1,qm,1,1,frc2915,3,0,0,0,0,0,0,0,0,0,0,0,0,0,0,None,0,Attempt to put coral but missed,Overall moved quite slow as well as attempted multiple times to put coral on reef but missed multiple times attempted towards end but got pinned,Did not climb or park overall did not do well,Ave wilson,1,0,0,0,frc2471,frc1540,frc2898,frc5970,frc9430,frc2915,22,31,2,6,Yes,Yes,Yes,9,15,0,0,0,4,Parked,Parked,None,0,0,0,0,0,0,0,4,0,4,12,16,31,0,0,0,1,red
2025orore_qm1,qm,1,1,frc1540,3,0,0,0,0,1,1,0,1,1,0,0,0,0,0,Park,0,"Places preloaded in L1, grabs algae then places in processor","Did not have an efficient ground intake. Tried to collect coral but failed, grabbed algae and placed n barge, played great defense by ramming robots at coral station",Parked,Pranav ,1,0,0,1,frc2471,frc1540,frc2898,frc5970,frc9430,frc2915,22,31,1,3,Yes,Yes,Yes,9,12,0,0,0,4,Parked,None,Parked,0,0,0,0,0,0,1,1,0,1,2,10,22,0,4,0,1,red
2025orore_qm1,qm,1,1,frc2898,5,0,0,0,0,0,1,0,0,0,0,0,0,0,1,Park,0,,Grabbed a coral and attempted to put it on l4 but just kept holding it until the last minute before placing on the first level. Did defense,,,1,0,0,0,frc2471,frc1540,frc2898,frc5970,frc9430,frc2915,22,31,1,3,Yes,Yes,Yes,9,12,0,0,0,4,Parked,None,Parked,0,0,0,0,0,0,1,1,0,1,2,10,22,0,4,0,1,red
2025orore_qm1,qm,1,1,frc5970,4,0,0,0,0,0,0,10,0,0,0,0,0,0,0,Park,0,Got shoved over the line,froze and missed intakes,failed deep climb,Aa,1,0,0,0,frc2471,frc1540,frc2898,frc5970,frc9430,frc2915,22,31,1,3,Yes,Yes,Yes,9,12,0,0,0,4,Parked,None,Parked,0,0,0,0,0,0,1,1,0,1,2,10,22,0,4,0,1,red
2025orore_qm10,qm,1,10,frc957,4,0,2,0,0,0,0,0,0,0,0,4,0,0,0,Deep Climb,0,great automode but hada hiccup with intake,very efficient in terms of coral placement but narow intake causes difficulty in coral posession.,climb was very low,naman,1,1,0,0,frc957,frc2635,frc9446,frc2733,frc2915,frc1844,71,76,2,14,Yes,Yes,No,6,20,0,0,0,2,Parked,None,None,0,0,0,0,0,1,4,4,2,8,38,56,76,0,16,0,1,red
2025orore_qm10,qm,1,10,frc2915,2,0,0,0,0,0,0,40,0,0,0,0,0,1,0,Park,0,Was not very good and only moved forward,"only placed one coral on l2, feeding and placing was highly unreliable, and a major part of their robot broke","didn't park as they

Their robotstoed 



",Dev Sharma,1,0,0,0,frc957,frc2635,frc9446,frc2733,frc2915,frc1844,71,76,2,14,Yes,Yes,No,6,20,0,0,0,2,Parked,None,None,0,0,0,0,0,1,4,4,2,8,38,56,76,0,16,0,1,red
2025orore_qm10,qm,1,10,frc1844,4,0,0,0,0,0,,,,,,,,,,None,0,Bypassed,,,Aa,0,0,0,0,frc957,frc2635,frc9446,frc2733,frc2915,frc1844,71,76,2,14,Yes,Yes,No,6,20,0,0,0,2,Parked,None,None,0,0,0,0,0,1,4,4,2,8,38,56,76,0,16,0,1,red
2025orore_qm10,qm,1,10,frc2635,1,0,0,0,0,0,0,0,0,0,2,0,0,0,0,Deep Climb,0,No auto besides leave ,Little done in teleop. Has capability to collect algae at all levels but not so much score it. Never attempted coral.,Good deep cage climb.,Sam,1,0,0,0,frc957,frc2635,frc9446,frc2733,frc2915,frc1844,71,76,0,0,Yes,No,Yes,6,6,1,1,0,14,DeepCage,Parked,None,0,12,0,0,0,0,0,1,0,3,15,53,71,4,24,0,0,red
2025orore_qm10,qm,1,10,frc9446,3,0,0,0,0,0,1,0,0,0,0,0,0,0,0,Park,0,did nothing,Did literally nothing except slow driving.,"parked ig

Unless they improve massively, probably DNP",Michael,0,0,0,0,frc957,frc2635,frc9446,frc2733,frc2915,frc1844,71,76,0,0,Yes,No,Yes,6,6,1,1,0,14,DeepCage,Parked,None,0,12,0,0,0,0,0,1,0,3,15,53,71,4,24,0,0,red
2025orore_qm10,qm,1,10,frc2733,1,0,0,0,0,0,0,0,0,0,0,3,0,0,0,None,0,went straight forward and nothing else,Failed to put coral six times was able to three times ,did not make any attempt to climb instead kept trying to place coral,Ave wilson,1,0,0,0,frc957,frc2635,frc9446,frc2733,frc2915,frc1844,71,76,0,0,Yes,No,Yes,6,6,1,1,0,14,DeepCage,Parked,None,0,12,0,0,0,0,0,1,0,3,15,53,71,4,24,0,0,red
2025orore_qm11,qm,1,11,frc5975,3,0,0,0,0,0,0,0,0,0,0,0,0,0,0,Park,0,didnt leave start zone.,incapable of doing anything on the field just roamed in a 3 meter radius.,parked just fine,naman,0,0,0,0,frc5975,frc3636,frc2557,frc1425,frc9430,frc847,110,64,0,0,No,Yes,Yes,6,6,0,0,0,6,Parked,Parked,Parked,0,6,0,0,0,0,0,0,0,14,46,52,64,0,0,0,0,blue
2025orore_qm11,qm,1,11,frc9430,1,,,,,,,,,,,,,,,None,0,,,,,,,,,frc5975,frc3636,frc2557,frc1425,frc9430,frc847,110,64,0,0,No,Yes,Yes,6,6,0,0,0,6,Parked,Parked,Parked,0,6,0,0,0,0,0,0,0,14,46,52,64,0,0,0,0,blue
2025orore_qm11,qm,1,11,frc847,1,0,0,0,0,0,0,0,1,0,0,0,2,2,0,Park,0,Left start zone and nothing else,"Collection very inaccurate, takes many tries. Ran multiple cycles but not as fast bot. Place is accurate","Parked, attempted to climb but couldn't get high enough",Pranav,1,0,0,0,frc5975,frc3636,frc2557,frc1425,frc9430,frc847,110,64,0,0,No,Yes,Yes,6,6,0,0,0,6,Parked,Parked,Parked,0,6,0,0,0,0,0,0,0,14,46,52,64,0,0,0,0,blue
2025orore_qm11,qm,1,11,frc3636,5,0,0,0,0,0,0,0,1,0,0,1,1,0,0,None,0,,,Don't trust this cuz I wasn't watching,Unv,1,0,0,0,frc5975,frc3636,frc2557,frc1425,frc9430,frc847,110,64,2,14,Yes,Yes,Yes,9,23,0,0,1,6,Parked,Parked,Parked,0,0,0,0,0,0,0,5,1,24,81,87,110,0,0,0,1,blue
2025orore_qm11,qm,1,11,frc2557,3,0,0,0,0,0,0,0,0,0,0,0,0,0,3,Park,0,"Had drive forward auto, not very good auto","pretty good at l1, but cant really do anything else","they parked. 

not amazing overall, but definetly not bad. ",Michael,1,0,0,0,frc5975,frc3636,frc2557,frc1425,frc9430,frc847,110,64,2,14,Yes,Yes,Yes,9,23,0,0,1,6,Parked,Parked,Parked,0,0,0,0,0,0,0,5,1,24,81,87,110,0,0,0,1,blue
2025orore_qm11,qm,1,11,frc1425,1,0,2,0,0,0,0,0,2,0,0,2,2,3,1,Deep Climb,0,did quite well was able to place preloaded coral as well as a second one,consistently placed coral as well as was able to take algae off of reef,"Did well, was able to do the deep climb",Ave wilson,1,1,0,0,frc5975,frc3636,frc2557,frc1425,frc9430,frc847,110,64,2,14,Yes,Yes,Yes,9,23,0,0,1,6,Parked,Parked,Parked,0,0,0,0,0,0,0,5,1,24,81,87,110,0,0,0,1,blue
2025orore_qm12,qm,1,12,frc6696,1,0,0,0,0,0,0,0,0,0,0,3,2,4,0,None,0,"First coral hit the algae and then when did the station collect, coral went through the wheels and got spat out",Manual placement,didn't go for it,Marcellino ðŸ˜ŽðŸ‘Œ,1,1,0,0,frc6696,frc4662,frc3673,frc4043,frc4488,frc3663,-1,-1,,,,,,,,,,,,,,,,,,,,,,,,,,,,,,,,
2025orore_qm12,qm,1,12,frc4488,3,0,1,0,0,0,0,0,0,0,0,2,0,0,1,Park,0,went forward and placed,Had trouble with intaking coral as well as was unable to place the coral well,waited till last second quickly went to park,Ave wilson,1,0,0,0,frc6696,frc4662,frc3673,frc4043,frc4488,frc3663,-1,-1,,,,,,,,,,,,,,,,,,,,,,,,,,,,,,,,
2025orore_qm12,qm,1,12,frc3663,1,0,1,0,0,0,0,0,3,0,0,1,4,1,1,Deep Climb,0,"Missed one l4, made one l4",all levels are very reliable,"immediately climbed after bell rang, did it cry quickly",Aarush ,0,0,0,0,frc6696,frc4662,frc3673,frc4043,frc4488,frc3663,-1,-1,,,,,,,,,,,,,,,,,,,,,,,,,,,,,,,,
2025orore_qm12,qm,1,12,frc4662,1,0,0,0,0,0,0,0,0,0,0,1,0,0,0,Park,0,Leave only,L4 capable but is very very slow. like 20sec just to raise arm and align,"Made a dash, might have ran extended arm into barge?",Sam,1,0,0,0,frc6696,frc4662,frc3673,frc4043,frc4488,frc3663,-1,-1,,,,,,,,,,,,,,,,,,,,,,,,,,,,,,,,
2025orore_qm12,qm,1,12,frc3673,3,0,0,0,0,1,0,0,0,0,0,0,2,3,1,Park,0,"Auto is fine, center one coral. ","Pretty fast cycles, but seemingly cant do l4. A decent second pick (third team)","They parked. 

Overall not bad, but I cant say they are good. They had fast cycles and ",,1,0,0,0,frc6696,frc4662,frc3673,frc4043,frc4488,frc3663,-1,-1,,,,,,,,,,,,,,,,,,,,,,,,,,,,,,,,
2025orore_qm12,qm,1,12,frc4043,5,0,0,0,0,0,0,0,2,0,0,5,0,0,2,None,0,"Left start zone, did nothing else","Ran very fast cycles, removed a bunch of algae, good speedy bot with decent collection accuracy. High placement accuracy","Climbed but failed, climbed again and barely made barge RP. Tipped a lot during climb",Pranav,1,0,0,0,frc6696,frc4662,frc3673,frc4043,frc4488,frc3663,-1,-1,,,,,,,,,,,,,,,,,,,,,,,,,,,,,,,,
2025orore_qm13,qm,1,13,frc1844,5,0,0,0,0,0,0,150,0,0,0,0,0,0,0,None,0,"Didn't move, something is wrong with their robot.","Robot structure looks good, but it didn't move at all, due to some driver station or game pad or stopping issue.",Didn't climb because of connection or connection issue.,naman,0,0,0,0,frc1844,frc6443,frc957,frc6831,frc5970,frc2915,-1,-1,,,,,,,,,,,,,,,,,,,,,,,,,,,,,,,,
2025orore_qm13,qm,1,13,frc5970,1,0,0,0,0,0,0,0,0,0,0,0,0,0,2,Park,0,Left but did nothing else,it was Consistently placing coral till it seemed to be unable to dispense coral,It started quite early and tried to climb,Ave wilson,1,0,0,0,frc1844,frc6443,frc957,frc6831,frc5970,frc2915,-1,-1,,,,,,,,,,,,,,,,,,,,,,,,,,,,,,,,
2025orore_qm13,qm,1,13,frc2915,3,0,0,0,0,0,0,0,0,0,0,0,0,0,0,Park,0,"Went to the reef, the stoped",Coral placement is very slow and very unreliable. Robot moves very slow. Di nothing contribute to the team,parks immediately,Aarush,1,0,0,0,frc1844,frc6443,frc957,frc6831,frc5970,frc2915,-1,-1,,,,,,,,,,,,,,,,,,,,,,,,,,,,,,,,
2025orore_qm13,qm,1,13,frc6443,4,0,0,0,0,0,0,0,2,0,0,1,1,3,0,Park,0,Attempted to score L4 but missed. Coral fell on ground and blocked reef causing another bot to miss as well.,Fast reliable coral scoring. Can accept coral in different spots in collector,Latched on but didn't attempt climb further,Sam,1,0,0,0,frc1844,frc6443,frc957,frc6831,frc5970,frc2915,-1,-1,,,,,,,,,,,,,,,,,,,,,,,,,,,,,,,,
2025orore_qm13,qm,1,13,frc957,4,0,2,0,0,0,0,0,1,0,0,2,4,2,0,Deep Climb,0,"Very good, looked like 2.5, but they didnt drive far enough to collect it. ",Very fast cycles. I dont think I saw it miss. It got 8.5 cycles + climb. possibly first pick if we dont need an algae bot. ,"They can deep climb, but it takes ~5 secs longer than ours do. ",Michael,1,1,0,0,frc1844,frc6443,frc957,frc6831,frc5970,frc2915,-1,-1,,,,,,,,,,,,,,,,,,,,,,,,,,,,,,,,
2025orore_qm13,qm,1,13,frc6831,1,0,0,0,0,0,0,0,0,0,0,0,0,0,0,Park,0,"Left start zone, attempted to place, failed so not sure on which level","Seemed extremely confused throughout the match and was unable to do anything. Collection was very inaccurate, unable to place at all and failed at algae removal",Parked,Pranav,1,0,0,0,frc1844,frc6443,frc957,frc6831,frc5970,frc2915,-1,-1,,,,,,,,,,,,,,,,,,,,,,,,,,,,,,,,
2025orore_qm14,qm,1,14,frc2635,5,0,0,0,0,0,0,0,5,0,5,0,0,0,0,Park,0,left start zone,great algae removal and processing. quick and efficient cycles.,parked fine.,Naman Pradhan,1,0,0,0,frc2635,frc3812,frc6845,frc9446,frc2471,frc2898,-1,-1,,,,,,,,,,,,,,,,,,,,,,,,,,,,,,,,
2025orore_qm14,qm,1,14,frc2471,4,0,1,0,0,0,0,0,0,0,0,2,2,0,0,Deep Climb,0,Was able to place one and collect another,"was inconsistently able to place coral, often too much force and bad aim",Did well was able to successfully climb,Ave wilson,1,1,0,0,frc2635,frc3812,frc6845,frc9446,frc2471,frc2898,-1,-1,,,,,,,,,,,,,,,,,,,,,,,,,,,,,,,,
2025orore_qm14,qm,1,14,frc2898,1,0,0,0,0,0,0,20,0,0,1,0,0,0,0,None,0,Moved out and astoped,"Tried,to get l4 but failed after 30 seconds,of trying. Went to ge a coral, but coral got stuck inside. Estoped",n/a,AARUSH,1,0,0,0,frc2635,frc3812,frc6845,frc9446,frc2471,frc2898,-1,-1,,,,,,,,,,,,,,,,,,,,,,,,,,,,,,,,
2025orore_qm14,qm,1,14,frc3812,3,0,0,0,0,0,0,0,0,0,0,0,0,0,0,Park,0,leave only ,ejected a coral onto the ground immediately after auto. Then got a coral stuck in frame and didn't do anything after that.,"Attempted shallow cage, failed",Sam,1,0,0,0,frc2635,frc3812,frc6845,frc9446,frc2471,frc2898,-1,-1,,,,,,,,,,,,,,,,,,,,,,,,,,,,,,,,
2025orore_qm14,qm,1,14,frc6845,5,0,0,0,0,0,1,0,0,0,0,0,0,0,0,None,0,They moved.,"Their defense is not good, DNP for defense, many would do better","Parked.

Not a good bot. ",Michael,1,0,0,0,frc2635,frc3812,frc6845,frc9446,frc2471,frc2898,-1,-1,,,,,,,,,,,,,,,,,,,,,,,,,,,,,,,,
2025orore_qm14,qm,1,14,frc9446,0,,,,,,,,,,,,,,,None,0,No show,,,Pranav,,,,,frc2635,frc3812,frc6845,frc9446,frc2471,frc2898,-1,-1,,,,,,,,,,,,,,,,,,,,,,,,,,,,,,,,
2025orore_qm15,qm,1,15,frc7034,5,0,0,0,0,0,0,0,0,0,0,0,0,0,1,Deep Climb,0,"Auto was moving forward, place (L1 I think, couldn't tell), and attempted to collect coral from station, but unsuccessful collect and place.","Tried to place on L1 multiple times, but failed almost every single time, and human  feeding was somewhat unreliable.","Was able to climb deep climb well, and in time.",naman,1,0,0,0,frc7034,frc2733,frc9438,frc10444,frc3574,frc1540,-1,-1,,,,,,,,,,,,,,,,,,,,,,,,,,,,,,,,
2025orore_qm15,qm,1,15,frc3574,4,0,0,0,0,0,0,0,0,0,0,0,0,0,0,None,0,did nothing,seemed to be unable to place and outtake coral,Seemed to stop trying they might have not intended to,Ave wilson,0,0,0,0,frc7034,frc2733,frc9438,frc10444,frc3574,frc1540,-1,-1,,,,,,,,,,,,,,,,,,,,,,,,,,,,,,,,
2025orore_qm15,qm,1,15,frc1540,3,0,0,0,0,0,0,0,0,0,0,0,0,0,3,Deep Climb,0,"Removed 1 algae, paused","spun in circles for the majority of the match due to a coral stuck in the machine, but scored 3 on l1 ",deep climb is efficient and fast,Aarush V,1,0,0,1,frc7034,frc2733,frc9438,frc10444,frc3574,frc1540,-1,-1,,,,,,,,,,,,,,,,,,,,,,,,,,,,,,,,
2025orore_qm15,qm,1,15,frc2733,1,0,0,0,1,1,0,16,0,0,0,2,0,0,0,None,0,leave only,missed just about every L4 it attempted(probably 6 ish),"Ran out of time, prioritized scoring",Sam,1,0,0,0,frc7034,frc2733,frc9438,frc10444,frc3574,frc1540,-1,-1,,,,,,,,,,,,,,,,,,,,,,,,,,,,,,,,
2025orore_qm15,qm,1,15,frc9438,1,0,0,0,0,0,0,0,0,0,0,0,0,0,2,None,0,they moved,they tried,they didnt,Michael,1,0,0,0,frc7034,frc2733,frc9438,frc10444,frc3574,frc1540,-1,-1,,,,,,,,,,,,,,,,,,,,,,,,,,,,,,,,
2025orore_qm15,qm,1,15,frc10444,3,0,0,0,0,0,0,0,0,0,0,0,0,0,0,Park,0,Left start zone,"Tried to remove one specific algae the entire game. Failed, has an incredibly weird and highly inaccurate algae remover",Parked,Pranav,1,0,0,0,frc7034,frc2733,frc9438,frc10444,frc3574,frc1540,-1,-1,,,,,,,,,,,,,,,,,,,,,,,,,,,,,,,,
2025orore_qm16,qm,1,16,frc9430,4,0,0,0,0,0,0,0,2,0,0,0,3,0,0,Park,0,moved out of start zone,"very well rounded team as they were capable of both removing algae and placing coral, however, the cycles looked like they were stuttering and that combined with the high elevatorcouldberecipefordisas",parked,naman,1,0,0,0,frc9430,frc2915,frc4488,frc4662,frc2557,frc6831,-1,-1,,,,,,,,,,,,,,,,,,,,,,,,,,,,,,,,
2025orore_qm16,qm,1,16,frc2557,3,0,0,0,0,0,1,0,0,0,0,0,0,0,1,Park,0,Went forward,Very poorly did level 1 coral then eventually switched to defense via going to the other side and blocking the coral collect,Did not attempt climb,Ave wilson,1,0,0,0,frc9430,frc2915,frc4488,frc4662,frc2557,frc6831,-1,-1,,,,,,,,,,,,,,,,,,,,,,,,,,,,,,,,
2025orore_qm16,qm,1,16,frc6831,2,0,0,0,0,0,0,0,1,0,0,0,0,0,1,Park,0,Was attempting to place but aim was not good and missed and ended with u successfully collecting from the station,"was not very good either as human feeding was slow, and attempts to place on L1 were rickety, aimless, and unsuccessful/unreliable","just parked, and didn't try to climb",Dev Sharma ,1,1,0,1,frc9430,frc2915,frc4488,frc4662,frc2557,frc6831,-1,-1,,,,,,,,,,,,,,,,,,,,,,,,,,,,,,,,
2025orore_qm16,qm,1,16,frc2915,1,0,0,0,0,0,0,80,0,0,0,0,0,0,0,None,0,"Leave only, weird program. Robot drove all the way to end of field when it bumped up against DS wall, meaning it had to double back to score the preloaded coral(which missed anyways)","Intake broke, didn't score anything. Frozen for most of match.",Was disabled at endgame,Sam,1,0,0,0,frc9430,frc2915,frc4488,frc4662,frc2557,frc6831,-1,-1,,,,,,,,,,,,,,,,,,,,,,,,,,,,,,,,
2025orore_qm16,qm,1,16,frc4488,3,0,1,0,0,0,0,0,0,0,0,4,0,0,0,Park,0,pretty good. they have a l4 center auto. ,"Pretty fast, probably low-end first pick. ",I dont know if they can climb but they didnt. ,Michael,1,0,0,0,frc9430,frc2915,frc4488,frc4662,frc2557,frc6831,-1,-1,,,,,,,,,,,,,,,,,,,,,,,,,,,,,,,,
2025orore_qm16,qm,1,16,frc4662,4,0,0,0,0,0,0,0,0,0,0,3,0,0,0,None,0,"Left start, did nothing else","Fastish moving robot, extremely slow place sequence taking 10-15 seconds. Scored a few L4",Did not do anything,Pranav,1,0,0,0,frc9430,frc2915,frc4488,frc4662,frc2557,frc6831,-1,-1,,,,,,,,,,,,,,,,,,,,,,,,,,,,,,,,
2025orore_qm17,qm,1,17,frc6696,1,0,0,1,0,0,0,0,0,0,0,10,0,0,0,Park,0,great auto as they almost scored 2 coral,"great L4 coral placement and wide intake making it easier for human players. however, the cycles are very slow and shaky",parked just fine.,naman,1,1,0,0,frc6696,frc5970,frc3812,frc3673,frc9446,frc5975,-1,-1,,,,,,,,,,,,,,,,,,,,,,,,,,,,,,,,
2025orore_qm17,qm,1,17,frc9446,5,0,0,0,0,0,1,0,0,0,0,0,0,0,0,Park,0,Moved very slightly ,seemed to have trouble with coral intake and switched to defense,It just parked,Ave wilson,1,0,0,0,frc6696,frc5970,frc3812,frc3673,frc9446,frc5975,-1,-1,,,,,,,,,,,,,,,,,,,,,,,,,,,,,,,,
2025orore_qm17,qm,1,17,frc5975,0,,,,,,,,,,,,,,,None,0,No show,,,,,,,,frc6696,frc5970,frc3812,frc3673,frc9446,frc5975,-1,-1,,,,,,,,,,,,,,,,,,,,,,,,,,,,,,,,
2025orore_qm17,qm,1,17,frc5970,1,0,0,0,0,0,,,,,,,,,,Deep Climb,0,leave only,"immediately went to park, then climbed at endgame. never attempted scoring after initial failure, never attempted defense either",n/a,Sam,1,0,0,0,frc6696,frc5970,frc3812,frc3673,frc9446,frc5975,-1,-1,,,,,,,,,,,,,,,,,,,,,,,,,,,,,,,,
2025orore_qm17,qm,1,17,frc3812,4,0,0,0,0,0,0,0,0,0,0,0,0,0,0,Park,0,Just moved,"Got a coral stuck in bot, parked early. ","Just parked. 

I cant give a good bot reveiw with this info, but they did not look too good. Elevator was slow. ",Michael,1,0,0,0,frc6696,frc5970,frc3812,frc3673,frc9446,frc5975,-1,-1,,,,,,,,,,,,,,,,,,,,,,,,,,,,,,,,
2025orore_qm17,qm,1,17,frc3673,3,0,0,0,0,1,0,0,0,0,0,0,0,2,6,Park,0,Left start,"Ran fast cycles, always placed in L1 and L2. Decent accuracy, good collect","ATTEMPTED TO PLACE IN REEF L1, FAILED. PARKED",Pranav,1,0,0,0,frc6696,frc5970,frc3812,frc3673,frc9446,frc5975,-1,-1,,,,,,,,,,,,,,,,,,,,,,,,,,,,,,,,
2025orore_qm18,qm,1,18,frc6443,2,0,1,0,0,0,0,0,0,0,0,0,0,0,0,None,0,scored a coral,got a coral stuck in robot early on but quickly adapted by removing algae frequently,parked,naman,1,0,0,0,frc6443,frc3574,frc6845,frc1844,frc7034,frc4043,-1,-1,,,,,,,,,,,,,,,,,,,,,,,,,,,,,,,,
2025orore_qm18,qm,1,18,frc7034,3,0,1,0,0,0,0,0,0,0,0,1,0,0,1,Park,0,successfully placed 1 coral ,bad aim when placing coral okay intake,Attempted to but failed,Ave wilson,1,0,0,0,frc6443,frc3574,frc6845,frc1844,frc7034,frc4043,-1,-1,,,,,,,,,,,,,,,,,,,,,,,,,,,,,,,,
2025orore_qm18,qm,1,18,frc4043,5,0,0,0,0,0,0,0,0,0,0,4,0,0,2,Park,0,Moved a little bit,L4 not so reliable,barely made it to prk,Aarush V,1,0,0,0,frc6443,frc3574,frc6845,frc1844,frc7034,frc4043,-1,-1,,,,,,,,,,,,,,,,,,,,,,,,,,,,,,,,
2025orore_qm18,qm,1,18,frc3574,3,0,0,0,0,0,0,0,0,0,0,0,0,0,2,Park,0,Drove wrong way into barge?,Coral got suck in bot,park only,Sam,0,0,0,0,frc6443,frc3574,frc6845,frc1844,frc7034,frc4043,-1,-1,,,,,,,,,,,,,,,,,,,,,,,,,,,,,,,,
2025orore_qm18,qm,1,18,frc6845,5,0,0,0,0,0,1,0,0,0,0,0,0,0,0,None,0,,Just not good at defense. Probably DNP. ,,Michael,1,0,0,0,frc6443,frc3574,frc6845,frc1844,frc7034,frc4043,-1,-1,,,,,,,,,,,,,,,,,,,,,,,,,,,,,,,,
2025orore_qm18,qm,1,18,frc1844,5,0,0,0,0,0,0,0,0,0,0,0,0,0,0,Park,0,"Left, did nothing else",Failed to pick up or collect anything. Ground intake extremely inaccurate and bad,Parked,Pranav,1,0,0,0,frc6443,frc3574,frc6845,frc1844,frc7034,frc4043,-1,-1,,,,,,,,,,,,,,,,,,,,,,,,,,,,,,,,
2025orore_qm19,qm,1,19,frc2733,5,0,0,0,0,0,0,0,2,0,0,0,0,0,0,None,0,left starting zone,got stuck quite a few times on algae and are capable of efficient coral cycles,forgot to park,naman,1,0,0,0,frc2733,frc957,frc9438,frc3636,frc2898,frc1425,-1,-1,,,,,,,,,,,,,,,,,,,,,,,,,,,,,,,,
2025orore_qm19,qm,1,19,frc2898,3,0,0,0,0,0,0,51,0,0,0,1,0,0,0,None,0,"Went forward, hit reef","got coral in itself seemed to freeze, it was unmoving ",frozen,Ave wilson,1,0,0,0,frc2733,frc957,frc9438,frc3636,frc2898,frc1425,-1,-1,,,,,,,,,,,,,,,,,,,,,,,,,,,,,,,,
2025orore_qm19,qm,1,19,frc1425,1,0,2,0,0,0,0,0,2,0,0,2,5,0,0,Park,0,Go 2 on l4,Very reliable to score coral on L3-4. The said that their safety captain is really cool. His name is like Aarush Vegesna or something like that.,parked but unable to climb due to Cora stuck in robot,Aarush V,1,0,0,0,frc2733,frc957,frc9438,frc3636,frc2898,frc1425,-1,-1,,,,,,,,,,,,,,,,,,,,,,,,,,,,,,,,
2025orore_qm19,qm,1,19,frc957,5,0,2,0,0,1,0,0,0,0,0,1,2,2,1,Park,0,"Was very good and smooth, scored two on l4, and one on l1, was very smooth and well coordinated.","Was quite fast, scored mostly on l3 and l2, and one on l4 and l1. Was smooth at the beginning, but later began aimlessly missing l1 coral placement, but feeding was speedy, however alliance coordinati","had unsuccessful deep climb, and unbalanced weight distribution",Dev Sharma,1,0,0,0,frc2733,frc957,frc9438,frc3636,frc2898,frc1425,-1,-1,,,,,,,,,,,,,,,,,,,,,,,,,,,,,,,,
2025orore_qm19,qm,1,19,frc9438,3,0,0,0,0,0,0,0,2,0,0,0,0,0,0,Park,0,Moved,"basically just de-algaed, dont really have coral. ",parked,Michael,1,0,0,0,frc2733,frc957,frc9438,frc3636,frc2898,frc1425,-1,-1,,,,,,,,,,,,,,,,,,,,,,,,,,,,,,,,
2025orore_qm19,qm,1,19,frc3636,5,0,1,0,0,0,0,0,1,1,0,2,3,2,0,None,0,Placed preloaded grabbed another and missed place,"Ran tons of cycles, very fast robot but highly inaccurate place. Goes for quantity over quality. Works really well",Ran more cycles but didn't reach in time to park,Pranav,0,0,0,0,frc2733,frc957,frc9438,frc3636,frc2898,frc1425,-1,-1,,,,,,,,,,,,,,,,,,,,,,,,,,,,,,,,
2025orore_qm2,qm,1,2,frc5975,5,0,0,0,0,0,0,0,0,0,0,0,0,0,0,Park,0,didn't leave the start. ,drove around and didn't contribute however robots were experiencing connection issues.,"drove into other alliance, preventing climb",naman,0,0,0,0,frc5975,frc3574,frc6696,frc3812,frc10444,frc1425,54,15,0,0,No,Yes,No,3,3,0,0,0,4,Parked,None,Parked,0,8,0,0,0,0,0,0,0,0,0,4,15,0,0,0,0,blue
2025orore_qm2,qm,1,2,frc10444,2,0,0,0,0,0,0,0,1,0,0,0,0,0,0,None,0,Moved a foot,"tried to remove algea, but it got stuck inside the robot. Then their grabber fell of","N/a, E stoped",Aarush,1,0,0,0,frc5975,frc3574,frc6696,frc3812,frc10444,frc1425,54,15,0,0,No,Yes,No,3,3,0,0,0,4,Parked,None,Parked,0,8,0,0,0,0,0,0,0,0,0,4,15,0,0,0,0,blue
2025orore_qm2,qm,1,2,frc1425,3,0,0,0,0,0,0,84,0,0,0,0,0,0,0,Park,0,Seemed to make an attempt but was unable to move and frozen,was frozen for almost the whole time at some points it seemed to be able to move but very little towards the end it was able to slowly move and it went to climb area,It was able to make it inside of tape but not climb,Ave wilson,0,0,0,0,frc5975,frc3574,frc6696,frc3812,frc10444,frc1425,54,15,0,0,No,Yes,No,3,3,0,0,0,4,Parked,None,Parked,0,8,0,0,0,0,0,0,0,0,0,4,15,0,0,0,0,blue
2025orore_qm2,qm,1,2,frc3574,1,0,0,0,0,0,0,0,0,0,0,0,0,2,0,Park,0,Did not leave or do anything,"Did not pay much attention, too focused on our robot. Fairly slow but accurate bot, station collect and can place L1-L3",Parked,Pranav,0,0,0,0,frc5975,frc3574,frc6696,frc3812,frc10444,frc1425,54,15,0,0,No,Yes,No,3,3,0,0,0,4,Parked,None,Parked,1,0,0,0,0,0,0,3,1,10,47,51,54,0,0,0,0,blue
2025orore_qm2,qm,1,2,frc6696,1,0,0,0,0,0,0,0,0,0,0,10,0,0,0,Park,0,Tried scoring but missed,very fast and efficient. Cant ground collect,,Yaamini,1,0,0,0,frc5975,frc3574,frc6696,frc3812,frc10444,frc1425,54,15,0,0,No,Yes,No,3,3,0,0,0,4,Parked,None,Parked,1,0,0,0,0,0,0,3,1,10,47,51,54,0,0,0,0,blue
2025orore_qm2,qm,1,2,frc3812,3,0,0,0,0,0,1,0,0,0,0,0,0,0,0,Park,0,,sorry I didn't do a good job; I was so confused about what was going on,,michael,0,0,0,0,frc5975,frc3574,frc6696,frc3812,frc10444,frc1425,54,15,0,0,No,Yes,No,3,3,0,0,0,4,Parked,None,Parked,1,0,0,0,0,0,0,3,1,10,47,51,54,0,0,0,0,blue
2025orore_qm20,qm,1,20,frc3663,4,0,1,0,0,0,0,0,1,0,0,2,4,2,3,Park,0,great automode! were quick in cycles,"very efficient cycling, scoring coral in abundance on all levels",just parked,naman,1,1,0,0,frc3663,frc847,frc2635,frc1540,frc10444,frc2471,-1,-1,,,,,,,,,,,,,,,,,,,,,,,,,,,,,,,,
2025orore_qm20,qm,1,20,frc10444,3,0,0,0,0,0,0,16,1,0,0,0,0,0,0,Park,0,Dropped coral ,"stalled?, moved slowly went to other side did no defense",in last few seconds started,Ave wilson,1,0,0,0,frc3663,frc847,frc2635,frc1540,frc10444,frc2471,-1,-1,,,,,,,,,,,,,,,,,,,,,,,,,,,,,,,,
2025orore_qm20,qm,1,20,frc2471,2,0,0,0,0,0,0,0,0,0,0,3,1,2,1,Park,0,"Tried to get 1 on l4, but failed ","no the most reliable coral scoring, but still got a lot of coral on every level","no ability to climb, only park",Aarush V,1,0,0,0,frc3663,frc847,frc2635,frc1540,frc10444,frc2471,-1,-1,,,,,,,,,,,,,,,,,,,,,,,,,,,,,,,,
2025orore_qm20,qm,1,20,frc847,5,0,0,0,0,0,0,0,0,0,0,0,3,0,1,Park,0,"Was just moving and collecting coral, and didn't involve placing","Had slow cycles, and always scored on l3 and once on l1. However, human player feeding and collecting coral always took two tries, and wasted cycle time. Took a while for robot to place coral on the r","Climb was unsuccessful, but attempted unreliable deep cage climb",Dev Sharma,1,1,0,0,frc3663,frc847,frc2635,frc1540,frc10444,frc2471,-1,-1,,,,,,,,,,,,,,,,,,,,,,,,,,,,,,,,
2025orore_qm20,qm,1,20,frc2635,1,0,0,0,0,0,0,0,4,0,2,0,0,0,0,Park,0,moved,pretty good third pick if we need algae only. they can do processor and de-algae relatively quickly.,"Smart, as the reef gets entirely de algaed and then they go to climb with around 30 secs left. This would need to be cahnged for playoffs, but still pretty good. ",Michael,1,0,0,0,frc3663,frc847,frc2635,frc1540,frc10444,frc2471,-1,-1,,,,,,,,,,,,,,,,,,,,,,,,,,,,,,,,
2025orore_qm20,qm,1,20,frc1540,3,0,0,0,0,1,0,0,0,0,0,0,0,0,5,Park,0,"Left start, placed in L1, tried to do algae but failed","Ran very fast cycles on L1, ground intake very accurate and place fairly accurate. Tried l4 once but failed ",Parked,Pranav,1,0,0,0,frc3663,frc847,frc2635,frc1540,frc10444,frc2471,-1,-1,,,,,,,,,,,,,,,,,,,,,,,,,,,,,,,,
2025orore_qm21,qm,1,21,frc3574,1,0,0,0,0,0,0,0,0,0,0,0,0,0,0,None,0,Didn't move during auto mode,"Was unable to place anything during teleop, and tried one time to place coral on l1, but had to fiddle around a lot (move around a little bit) to get right angle for placing, and missed coral on L1","Just parked, and didn't climb",Dev Sharma,0,0,0,0,frc3574,frc2915,frc6845,frc7034,frc3673,frc2557,-1,-1,,,,,,,,,,,,,,,,,,,,,,,,,,,,,,,,
2025orore_qm21,qm,1,21,frc3673,1,,,,,,,,,,,,,,,None,0,,,,,,,,,frc3574,frc2915,frc6845,frc7034,frc3673,frc2557,-1,-1,,,,,,,,,,,,,,,,,,,,,,,,,,,,,,,,
2025orore_qm21,qm,1,21,frc2557,1,0,0,0,0,0,0,0,0,0,0,0,0,0,8,Park,0,Moved to reef,"only able to score on l1, almost always makes it. Able to collct of ground",unable to climb,Aarush Vegesna,1,0,0,0,frc3574,frc2915,frc6845,frc7034,frc3673,frc2557,-1,-1,,,,,,,,,,,,,,,,,,,,,,,,,,,,,,,,
2025orore_qm21,qm,1,21,frc2915,3,0,0,0,0,0,0,0,0,0,0,0,0,1,0,Park,0,left start zone and parked at face of reef,very slow cycles because of tiny intake. very inefficient,parked,naman,1,0,0,0,frc3574,frc2915,frc6845,frc7034,frc3673,frc2557,-1,-1,,,,,,,,,,,,,,,,,,,,,,,,,,,,,,,,
2025orore_qm21,qm,1,21,frc6845,1,0,0,0,0,0,1,0,0,0,0,0,0,0,0,Park,0,,not very good at defense probably DNP,parked,Michael,0,0,0,0,frc3574,frc2915,frc6845,frc7034,frc3673,frc2557,-1,-1,,,,,,,,,,,,,,,,,,,,,,,,,,,,,,,,
2025orore_qm21,qm,1,21,frc7034,1,,,,,,,,,,,,,,,None,0,,,,,,,,,frc3574,frc2915,frc6845,frc7034,frc3673,frc2557,-1,-1,,,,,,,,,,,,,,,,,,,,,,,,,,,,,,,,
2025orore_qm22,qm,1,22,frc9430,1,,,,,,,,,,,,,,,None,0,,,,,,,,,frc9430,frc9438,frc5970,frc5975,frc6443,frc2733,-1,-1,,,,,,,,,,,,,,,,,,,,,,,,,,,,,,,,
2025orore_qm22,qm,1,22,frc6443,,,,,,,,,,,,,,,,,,,,,,,,,,frc9430,frc9438,frc5970,frc5975,frc6443,frc2733,-1,-1,,,,,,,,,,,,,,,,,,,,,,,,,,,,,,,,
2025orore_qm22,qm,1,22,frc2733,1,,,,,,,,,,,,,,,None,0,,,,,,,,,frc9430,frc9438,frc5970,frc5975,frc6443,frc2733,-1,-1,,,,,,,,,,,,,,,,,,,,,,,,,,,,,,,,
2025orore_qm22,qm,1,22,frc9438,1,,,,,,,,,,,,,,,None,0,,,,,,,,,frc9430,frc9438,frc5970,frc5975,frc6443,frc2733,-1,-1,,,,,,,,,,,,,,,,,,,,,,,,,,,,,,,,
2025orore_qm22,qm,1,22,frc5970,,,,,,,,,,,,,,,,,,,,,,,,,,frc9430,frc9438,frc5970,frc5975,frc6443,frc2733,-1,-1,,,,,,,,,,,,,,,,,,,,,,,,,,,,,,,,
2025orore_qm22,qm,1,22,frc5975,,,,,,,,,,,,,,,,,,,,,,,,,,frc9430,frc9438,frc5970,frc5975,frc6443,frc2733,-1,-1,,,,,,,,,,,,,,,,,,,,,,,,,,,,,,,,
2025orore_qm23,qm,1,23,frc1425,1,,,,,,,,,,,,,,,None,0,,,,,,,,,frc1425,frc4043,frc4488,frc2635,frc1540,frc3812,-1,-1,,,,,,,,,,,,,,,,,,,,,,,,,,,,,,,,
2025orore_qm23,qm,1,23,frc1540,,,,,,,,,,,,,,,,,,,,,,,,,,frc1425,frc4043,frc4488,frc2635,frc1540,frc3812,-1,-1,,,,,,,,,,,,,,,,,,,,,,,,,,,,,,,,
2025orore_qm23,qm,1,23,frc3812,,,,,,,,,,,,,,,,,,,,,,,,,,frc1425,frc4043,frc4488,frc2635,frc1540,frc3812,-1,-1,,,,,,,,,,,,,,,,,,,,,,,,,,,,,,,,
2025orore_qm23,qm,1,23,frc4043,,,,,,,,,,,,,,,,,,,,,,,,,,frc1425,frc4043,frc4488,frc2635,frc1540,frc3812,-1,-1,,,,,,,,,,,,,,,,,,,,,,,,,,,,,,,,
2025orore_qm23,qm,1,23,frc4488,,,,,,,,,,,,,,,,,,,,,,,,,,frc1425,frc4043,frc4488,frc2635,frc1540,frc3812,-1,-1,,,,,,,,,,,,,,,,,,,,,,,,,,,,,,,,
2025orore_qm23,qm,1,23,frc2635,,,,,,,,,,,,,,,,,,,,,,,,,,frc1425,frc4043,frc4488,frc2635,frc1540,frc3812,-1,-1,,,,,,,,,,,,,,,,,,,,,,,,,,,,,,,,
2025orore_qm24,qm,1,24,frc3663,,,,,,,,,,,,,,,,,,,,,,,,,,frc3663,frc2898,frc1844,frc10444,frc3636,frc9446,-1,-1,,,,,,,,,,,,,,,,,,,,,,,,,,,,,,,,
2025orore_qm24,qm,1,24,frc3636,,,,,,,,,,,,,,,,,,,,,,,,,,frc3663,frc2898,frc1844,frc10444,frc3636,frc9446,-1,-1,,,,,,,,,,,,,,,,,,,,,,,,,,,,,,,,
2025orore_qm24,qm,1,24,frc9446,,,,,,,,,,,,,,,,,,,,,,,,,,frc3663,frc2898,frc1844,frc10444,frc3636,frc9446,-1,-1,,,,,,,,,,,,,,,,,,,,,,,,,,,,,,,,
2025orore_qm24,qm,1,24,frc2898,,,,,,,,,,,,,,,,,,,,,,,,,,frc3663,frc2898,frc1844,frc10444,frc3636,frc9446,-1,-1,,,,,,,,,,,,,,,,,,,,,,,,,,,,,,,,
2025orore_qm24,qm,1,24,frc1844,,,,,,,,,,,,,,,,,,,,,,,,,,frc3663,frc2898,frc1844,frc10444,frc3636,frc9446,-1,-1,,,,,,,,,,,,,,,,,,,,,,,,,,,,,,,,
2025orore_qm24,qm,1,24,frc10444,,,,,,,,,,,,,,,,,,,,,,,,,,frc3663,frc2898,frc1844,frc10444,frc3636,frc9446,-1,-1,,,,,,,,,,,,,,,,,,,,,,,,,,,,,,,,
2025orore_qm25,qm,1,25,frc2471,,,,,,,,,,,,,,,,,,,,,,,,,,frc2471,frc847,frc957,frc4662,frc6831,frc6696,-1,-1,,,,,,,,,,,,,,,,,,,,,,,,,,,,,,,,
2025orore_qm25,qm,1,25,frc6831,,,,,,,,,,,,,,,,,,,,,,,,,,frc2471,frc847,frc957,frc4662,frc6831,frc6696,-1,-1,,,,,,,,,,,,,,,,,,,,,,,,,,,,,,,,
2025orore_qm25,qm,1,25,frc6696,,,,,,,,,,,,,,,,,,,,,,,,,,frc2471,frc847,frc957,frc4662,frc6831,frc6696,-1,-1,,,,,,,,,,,,,,,,,,,,,,,,,,,,,,,,
2025orore_qm25,qm,1,25,frc847,,,,,,,,,,,,,,,,,,,,,,,,,,frc2471,frc847,frc957,frc4662,frc6831,frc6696,-1,-1,,,,,,,,,,,,,,,,,,,,,,,,,,,,,,,,
2025orore_qm25,qm,1,25,frc957,,,,,,,,,,,,,,,,,,,,,,,,,,frc2471,frc847,frc957,frc4662,frc6831,frc6696,-1,-1,,,,,,,,,,,,,,,,,,,,,,,,,,,,,,,,
2025orore_qm25,qm,1,25,frc4662,,,,,,,,,,,,,,,,,,,,,,,,,,frc2471,frc847,frc957,frc4662,frc6831,frc6696,-1,-1,,,,,,,,,,,,,,,,,,,,,,,,,,,,,,,,
2025orore_qm26,qm,1,26,frc4488,,,,,,,,,,,,,,,,,,,,,,,,,,frc4488,frc5975,frc3574,frc9430,frc1425,frc5970,-1,-1,,,,,,,,,,,,,,,,,,,,,,,,,,,,,,,,
2025orore_qm26,qm,1,26,frc1425,,,,,,,,,,,,,,,,,,,,,,,,,,frc4488,frc5975,frc3574,frc9430,frc1425,frc5970,-1,-1,,,,,,,,,,,,,,,,,,,,,,,,,,,,,,,,
2025orore_qm26,qm,1,26,frc5970,,,,,,,,,,,,,,,,,,,,,,,,,,frc4488,frc5975,frc3574,frc9430,frc1425,frc5970,-1,-1,,,,,,,,,,,,,,,,,,,,,,,,,,,,,,,,
2025orore_qm26,qm,1,26,frc5975,,,,,,,,,,,,,,,,,,,,,,,,,,frc4488,frc5975,frc3574,frc9430,frc1425,frc5970,-1,-1,,,,,,,,,,,,,,,,,,,,,,,,,,,,,,,,
2025orore_qm26,qm,1,26,frc3574,,,,,,,,,,,,,,,,,,,,,,,,,,frc4488,frc5975,frc3574,frc9430,frc1425,frc5970,-1,-1,,,,,,,,,,,,,,,,,,,,,,,,,,,,,,,,
2025orore_qm26,qm,1,26,frc9430,,,,,,,,,,,,,,,,,,,,,,,,,,frc4488,frc5975,frc3574,frc9430,frc1425,frc5970,-1,-1,,,,,,,,,,,,,,,,,,,,,,,,,,,,,,,,
2025orore_qm27,qm,1,27,frc2557,,,,,,,,,,,,,,,,,,,,,,,,,,frc2557,frc10444,frc6443,frc2635,frc2915,frc9438,-1,-1,,,,,,,,,,,,,,,,,,,,,,,,,,,,,,,,
2025orore_qm27,qm,1,27,frc2915,,,,,,,,,,,,,,,,,,,,,,,,,,frc2557,frc10444,frc6443,frc2635,frc2915,frc9438,-1,-1,,,,,,,,,,,,,,,,,,,,,,,,,,,,,,,,
2025orore_qm27,qm,1,27,frc9438,,,,,,,,,,,,,,,,,,,,,,,,,,frc2557,frc10444,frc6443,frc2635,frc2915,frc9438,-1,-1,,,,,,,,,,,,,,,,,,,,,,,,,,,,,,,,
2025orore_qm27,qm,1,27,frc10444,,,,,,,,,,,,,,,,,,,,,,,,,,frc2557,frc10444,frc6443,frc2635,frc2915,frc9438,-1,-1,,,,,,,,,,,,,,,,,,,,,,,,,,,,,,,,
2025orore_qm27,qm,1,27,frc6443,,,,,,,,,,,,,,,,,,,,,,,,,,frc2557,frc10444,frc6443,frc2635,frc2915,frc9438,-1,-1,,,,,,,,,,,,,,,,,,,,,,,,,,,,,,,,
2025orore_qm27,qm,1,27,frc2635,,,,,,,,,,,,,,,,,,,,,,,,,,frc2557,frc10444,frc6443,frc2635,frc2915,frc9438,-1,-1,,,,,,,,,,,,,,,,,,,,,,,,,,,,,,,,
2025orore_qm28,qm,1,28,frc3673,,,,,,,,,,,,,,,,,,,,,,,,,,frc3673,frc3636,frc4662,frc3812,frc2471,frc1844,-1,-1,,,,,,,,,,,,,,,,,,,,,,,,,,,,,,,,
2025orore_qm28,qm,1,28,frc2471,,,,,,,,,,,,,,,,,,,,,,,,,,frc3673,frc3636,frc4662,frc3812,frc2471,frc1844,-1,-1,,,,,,,,,,,,,,,,,,,,,,,,,,,,,,,,
2025orore_qm28,qm,1,28,frc1844,,,,,,,,,,,,,,,,,,,,,,,,,,frc3673,frc3636,frc4662,frc3812,frc2471,frc1844,-1,-1,,,,,,,,,,,,,,,,,,,,,,,,,,,,,,,,
2025orore_qm28,qm,1,28,frc3636,,,,,,,,,,,,,,,,,,,,,,,,,,frc3673,frc3636,frc4662,frc3812,frc2471,frc1844,-1,-1,,,,,,,,,,,,,,,,,,,,,,,,,,,,,,,,
2025orore_qm28,qm,1,28,frc4662,,,,,,,,,,,,,,,,,,,,,,,,,,frc3673,frc3636,frc4662,frc3812,frc2471,frc1844,-1,-1,,,,,,,,,,,,,,,,,,,,,,,,,,,,,,,,
2025orore_qm28,qm,1,28,frc3812,,,,,,,,,,,,,,,,,,,,,,,,,,frc3673,frc3636,frc4662,frc3812,frc2471,frc1844,-1,-1,,,,,,,,,,,,,,,,,,,,,,,,,,,,,,,,
2025orore_qm29,qm,1,29,frc1540,1,,,,,,,,,,,,,,,None,0,,,,,,,,,frc1540,frc6831,frc6696,frc4043,frc2733,frc6845,-1,-1,,,,,,,,,,,,,,,,,,,,,,,,,,,,,,,,
2025orore_qm29,qm,1,29,frc2733,,,,,,,,,,,,,,,,,,,,,,,,,,frc1540,frc6831,frc6696,frc4043,frc2733,frc6845,-1,-1,,,,,,,,,,,,,,,,,,,,,,,,,,,,,,,,
2025orore_qm29,qm,1,29,frc6845,,,,,,,,,,,,,,,,,,,,,,,,,,frc1540,frc6831,frc6696,frc4043,frc2733,frc6845,-1,-1,,,,,,,,,,,,,,,,,,,,,,,,,,,,,,,,
2025orore_qm29,qm,1,29,frc6831,,,,,,,,,,,,,,,,,,,,,,,,,,frc1540,frc6831,frc6696,frc4043,frc2733,frc6845,-1,-1,,,,,,,,,,,,,,,,,,,,,,,,,,,,,,,,
2025orore_qm29,qm,1,29,frc6696,,,,,,,,,,,,,,,,,,,,,,,,,,frc1540,frc6831,frc6696,frc4043,frc2733,frc6845,-1,-1,,,,,,,,,,,,,,,,,,,,,,,,,,,,,,,,
2025orore_qm29,qm,1,29,frc4043,,,,,,,,,,,,,,,,,,,,,,,,,,frc1540,frc6831,frc6696,frc4043,frc2733,frc6845,-1,-1,,,,,,,,,,,,,,,,,,,,,,,,,,,,,,,,
2025orore_qm3,qm,1,3,frc3636,4,0,1,0,0,0,0,0,3,1,0,5,1,0,1,None,0,efficient in coral placement.,efficient in coral placement an capable of moderate accuracy in the net.,incapable of climbing and failed to park.,naman,1,1,0,0,frc3636,frc6831,frc6443,frc4488,frc4043,frc7034,75,114,2,10,Yes,Yes,Yes,9,19,0,0,0,6,Parked,Parked,Parked,0,0,0,0,0,0,1,4,0,19,85,95,114,0,4,0,1,red
2025orore_qm3,qm,1,3,frc4043,3,0,0,0,0,0,0,0,1,0,0,0,5,0,1,Deep Climb,0,"Moved towards the reef, but stoped","good at scoring on 5, but very slow",goes in early and takes 30 secs to climb deep. Their robot is completely tipped over when on deep cage,Aarush,1,0,0,0,frc3636,frc6831,frc6443,frc4488,frc4043,frc7034,75,114,2,10,Yes,Yes,Yes,9,19,0,0,0,6,Parked,Parked,Parked,0,0,0,0,0,0,1,4,0,19,85,95,114,0,4,0,1,red
2025orore_qm3,qm,1,3,frc7034,4,0,0,0,0,0,0,0,0,0,0,5,2,0,0,Deep Climb,0,Attempted to place coral but missed as well as attempted to station collect but missed,was consistently collecting and placing coral with very few misses last 15 seconds started to climb,was able to climb,Ave wilson,1,0,0,0,frc3636,frc6831,frc6443,frc4488,frc4043,frc7034,75,114,2,10,Yes,Yes,Yes,9,19,0,0,0,6,Parked,Parked,Parked,0,0,0,0,0,0,1,4,0,19,85,95,114,0,4,0,1,red
2025orore_qm3,qm,1,3,frc6831,1,0,0,0,0,0,0,0,1,0,0,0,3,1,0,Park,0,"Left start, attempted to place preloaded in L1 but failed",Placed on all levels very consistently. Manual lineup on reef but very accurate. Not very fast but good bot,Parked,Pranav,1,0,0,0,frc3636,frc6831,frc6443,frc4488,frc4043,frc7034,75,114,1,7,Yes,Yes,Yes,9,16,1,0,0,16,Parked,DeepCage,Parked,0,0,0,0,0,0,0,2,0,10,43,59,75,0,0,0,1,red
2025orore_qm3,qm,1,3,frc6443,1,0,1,0,0,0,0,0,0,0,0,5,0,0,0,Deep Climb,0,,,,,1,0,0,0,frc3636,frc6831,frc6443,frc4488,frc4043,frc7034,75,114,1,7,Yes,Yes,Yes,9,16,1,0,0,16,Parked,DeepCage,Parked,0,0,0,0,0,0,0,2,0,10,43,59,75,0,0,0,1,red
2025orore_qm3,qm,1,3,frc4488,3,0,0,0,0,0,0,51,0,0,0,2,0,0,0,Park,0,tried to place but missed,Missed a bunch, ,Aa,1,0,0,0,frc3636,frc6831,frc6443,frc4488,frc4043,frc7034,75,114,1,7,Yes,Yes,Yes,9,16,1,0,0,16,Parked,DeepCage,Parked,0,0,0,0,0,0,0,2,0,10,43,59,75,0,0,0,1,red
2025orore_qm30,qm,1,30,frc2898,,,,,,,,,,,,,,,,,,,,,,,,,,frc2898,frc9446,frc847,frc7034,frc3663,frc957,-1,-1,,,,,,,,,,,,,,,,,,,,,,,,,,,,,,,,
2025orore_qm30,qm,1,30,frc3663,,,,,,,,,,,,,,,,,,,,,,,,,,frc2898,frc9446,frc847,frc7034,frc3663,frc957,-1,-1,,,,,,,,,,,,,,,,,,,,,,,,,,,,,,,,
2025orore_qm30,qm,1,30,frc957,,,,,,,,,,,,,,,,,,,,,,,,,,frc2898,frc9446,frc847,frc7034,frc3663,frc957,-1,-1,,,,,,,,,,,,,,,,,,,,,,,,,,,,,,,,
2025orore_qm30,qm,1,30,frc9446,,,,,,,,,,,,,,,,,,,,,,,,,,frc2898,frc9446,frc847,frc7034,frc3663,frc957,-1,-1,,,,,,,,,,,,,,,,,,,,,,,,,,,,,,,,
2025orore_qm30,qm,1,30,frc847,,,,,,,,,,,,,,,,,,,,,,,,,,frc2898,frc9446,frc847,frc7034,frc3663,frc957,-1,-1,,,,,,,,,,,,,,,,,,,,,,,,,,,,,,,,
2025orore_qm30,qm,1,30,frc7034,,,,,,,,,,,,,,,,,,,,,,,,,,frc2898,frc9446,frc847,frc7034,frc3663,frc957,-1,-1,,,,,,,,,,,,,,,,,,,,,,,,,,,,,,,,
2025orore_qm31,qm,1,31,frc5970,1,,,,,,,,,,,,,,,None,0,,,,,,,,,frc5970,frc10444,frc4488,frc3636,frc2635,frc3574,-1,-1,,,,,,,,,,,,,,,,,,,,,,,,,,,,,,,,
2025orore_qm31,qm,1,31,frc2635,,,,,,,,,,,,,,,,,,,,,,,,,,frc5970,frc10444,frc4488,frc3636,frc2635,frc3574,-1,-1,,,,,,,,,,,,,,,,,,,,,,,,,,,,,,,,
2025orore_qm31,qm,1,31,frc3574,,,,,,,,,,,,,,,,,,,,,,,,,,frc5970,frc10444,frc4488,frc3636,frc2635,frc3574,-1,-1,,,,,,,,,,,,,,,,,,,,,,,,,,,,,,,,
2025orore_qm31,qm,1,31,frc10444,,,,,,,,,,,,,,,,,,,,,,,,,,frc5970,frc10444,frc4488,frc3636,frc2635,frc3574,-1,-1,,,,,,,,,,,,,,,,,,,,,,,,,,,,,,,,
2025orore_qm31,qm,1,31,frc4488,,,,,,,,,,,,,,,,,,,,,,,,,,frc5970,frc10444,frc4488,frc3636,frc2635,frc3574,-1,-1,,,,,,,,,,,,,,,,,,,,,,,,,,,,,,,,
2025orore_qm31,qm,1,31,frc3636,,,,,,,,,,,,,,,,,,,,,,,,,,frc5970,frc10444,frc4488,frc3636,frc2635,frc3574,-1,-1,,,,,,,,,,,,,,,,,,,,,,,,,,,,,,,,
2025orore_qm32,qm,1,32,frc2471,,,,,,,,,,,,,,,,,,,,,,,,,,frc2471,frc1540,frc6831,frc2915,frc4662,frc6845,-1,-1,,,,,,,,,,,,,,,,,,,,,,,,,,,,,,,,
2025orore_qm32,qm,1,32,frc4662,,,,,,,,,,,,,,,,,,,,,,,,,,frc2471,frc1540,frc6831,frc2915,frc4662,frc6845,-1,-1,,,,,,,,,,,,,,,,,,,,,,,,,,,,,,,,
2025orore_qm32,qm,1,32,frc6845,,,,,,,,,,,,,,,,,,,,,,,,,,frc2471,frc1540,frc6831,frc2915,frc4662,frc6845,-1,-1,,,,,,,,,,,,,,,,,,,,,,,,,,,,,,,,
2025orore_qm32,qm,1,32,frc1540,,,,,,,,,,,,,,,,,,,,,,,,,,frc2471,frc1540,frc6831,frc2915,frc4662,frc6845,-1,-1,,,,,,,,,,,,,,,,,,,,,,,,,,,,,,,,
2025orore_qm32,qm,1,32,frc6831,,,,,,,,,,,,,,,,,,,,,,,,,,frc2471,frc1540,frc6831,frc2915,frc4662,frc6845,-1,-1,,,,,,,,,,,,,,,,,,,,,,,,,,,,,,,,
2025orore_qm32,qm,1,32,frc2915,,,,,,,,,,,,,,,,,,,,,,,,,,frc2471,frc1540,frc6831,frc2915,frc4662,frc6845,-1,-1,,,,,,,,,,,,,,,,,,,,,,,,,,,,,,,,
2025orore_qm33,qm,1,33,frc9446,,,,,,,,,,,,,,,,,,,,,,,,,,frc9446,frc9430,frc1425,frc957,frc3663,frc6443,-1,-1,,,,,,,,,,,,,,,,,,,,,,,,,,,,,,,,
2025orore_qm33,qm,1,33,frc3663,,,,,,,,,,,,,,,,,,,,,,,,,,frc9446,frc9430,frc1425,frc957,frc3663,frc6443,-1,-1,,,,,,,,,,,,,,,,,,,,,,,,,,,,,,,,
2025orore_qm33,qm,1,33,frc6443,,,,,,,,,,,,,,,,,,,,,,,,,,frc9446,frc9430,frc1425,frc957,frc3663,frc6443,-1,-1,,,,,,,,,,,,,,,,,,,,,,,,,,,,,,,,
2025orore_qm33,qm,1,33,frc9430,,,,,,,,,,,,,,,,,,,,,,,,,,frc9446,frc9430,frc1425,frc957,frc3663,frc6443,-1,-1,,,,,,,,,,,,,,,,,,,,,,,,,,,,,,,,
2025orore_qm33,qm,1,33,frc1425,,,,,,,,,,,,,,,,,,,,,,,,,,frc9446,frc9430,frc1425,frc957,frc3663,frc6443,-1,-1,,,,,,,,,,,,,,,,,,,,,,,,,,,,,,,,
2025orore_qm33,qm,1,33,frc957,,,,,,,,,,,,,,,,,,,,,,,,,,frc9446,frc9430,frc1425,frc957,frc3663,frc6443,-1,-1,,,,,,,,,,,,,,,,,,,,,,,,,,,,,,,,
2025orore_qm34,qm,1,34,frc3812,,,,,,,,,,,,,,,,,,,,,,,,,,frc3812,frc3673,frc7034,frc9438,frc1844,frc847,-1,-1,,,,,,,,,,,,,,,,,,,,,,,,,,,,,,,,
2025orore_qm34,qm,1,34,frc1844,,,,,,,,,,,,,,,,,,,,,,,,,,frc3812,frc3673,frc7034,frc9438,frc1844,frc847,-1,-1,,,,,,,,,,,,,,,,,,,,,,,,,,,,,,,,
2025orore_qm34,qm,1,34,frc847,,,,,,,,,,,,,,,,,,,,,,,,,,frc3812,frc3673,frc7034,frc9438,frc1844,frc847,-1,-1,,,,,,,,,,,,,,,,,,,,,,,,,,,,,,,,
2025orore_qm34,qm,1,34,frc3673,,,,,,,,,,,,,,,,,,,,,,,,,,frc3812,frc3673,frc7034,frc9438,frc1844,frc847,-1,-1,,,,,,,,,,,,,,,,,,,,,,,,,,,,,,,,
2025orore_qm34,qm,1,34,frc7034,,,,,,,,,,,,,,,,,,,,,,,,,,frc3812,frc3673,frc7034,frc9438,frc1844,frc847,-1,-1,,,,,,,,,,,,,,,,,,,,,,,,,,,,,,,,
2025orore_qm34,qm,1,34,frc9438,,,,,,,,,,,,,,,,,,,,,,,,,,frc3812,frc3673,frc7034,frc9438,frc1844,frc847,-1,-1,,,,,,,,,,,,,,,,,,,,,,,,,,,,,,,,
2025orore_qm35,qm,1,35,frc2733,,,,,,,,,,,,,,,,,,,,,,,,,,frc2733,frc2898,frc6696,frc2557,frc4043,frc5975,-1,-1,,,,,,,,,,,,,,,,,,,,,,,,,,,,,,,,
2025orore_qm35,qm,1,35,frc4043,,,,,,,,,,,,,,,,,,,,,,,,,,frc2733,frc2898,frc6696,frc2557,frc4043,frc5975,-1,-1,,,,,,,,,,,,,,,,,,,,,,,,,,,,,,,,
2025orore_qm35,qm,1,35,frc5975,,,,,,,,,,,,,,,,,,,,,,,,,,frc2733,frc2898,frc6696,frc2557,frc4043,frc5975,-1,-1,,,,,,,,,,,,,,,,,,,,,,,,,,,,,,,,
2025orore_qm35,qm,1,35,frc2898,,,,,,,,,,,,,,,,,,,,,,,,,,frc2733,frc2898,frc6696,frc2557,frc4043,frc5975,-1,-1,,,,,,,,,,,,,,,,,,,,,,,,,,,,,,,,
2025orore_qm35,qm,1,35,frc6696,,,,,,,,,,,,,,,,,,,,,,,,,,frc2733,frc2898,frc6696,frc2557,frc4043,frc5975,-1,-1,,,,,,,,,,,,,,,,,,,,,,,,,,,,,,,,
2025orore_qm35,qm,1,35,frc2557,,,,,,,,,,,,,,,,,,,,,,,,,,frc2733,frc2898,frc6696,frc2557,frc4043,frc5975,-1,-1,,,,,,,,,,,,,,,,,,,,,,,,,,,,,,,,
2025orore_qm36,qm,1,36,frc1540,,,,,,,,,,,,,,,,,,,,,,,,,,frc1540,frc10444,frc5970,frc6845,frc957,frc4488,-1,-1,,,,,,,,,,,,,,,,,,,,,,,,,,,,,,,,
2025orore_qm36,qm,1,36,frc957,,,,,,,,,,,,,,,,,,,,,,,,,,frc1540,frc10444,frc5970,frc6845,frc957,frc4488,-1,-1,,,,,,,,,,,,,,,,,,,,,,,,,,,,,,,,
2025orore_qm36,qm,1,36,frc4488,,,,,,,,,,,,,,,,,,,,,,,,,,frc1540,frc10444,frc5970,frc6845,frc957,frc4488,-1,-1,,,,,,,,,,,,,,,,,,,,,,,,,,,,,,,,
2025orore_qm36,qm,1,36,frc10444,,,,,,,,,,,,,,,,,,,,,,,,,,frc1540,frc10444,frc5970,frc6845,frc957,frc4488,-1,-1,,,,,,,,,,,,,,,,,,,,,,,,,,,,,,,,
2025orore_qm36,qm,1,36,frc5970,,,,,,,,,,,,,,,,,,,,,,,,,,frc1540,frc10444,frc5970,frc6845,frc957,frc4488,-1,-1,,,,,,,,,,,,,,,,,,,,,,,,,,,,,,,,
2025orore_qm36,qm,1,36,frc6845,,,,,,,,,,,,,,,,,,,,,,,,,,frc1540,frc10444,frc5970,frc6845,frc957,frc4488,-1,-1,,,,,,,,,,,,,,,,,,,,,,,,,,,,,,,,
2025orore_qm37,qm,1,37,frc6831,,,,,,,,,,,,,,,,,,,,,,,,,,frc6831,frc9446,frc1425,frc9438,frc847,frc3673,-1,-1,,,,,,,,,,,,,,,,,,,,,,,,,,,,,,,,
2025orore_qm37,qm,1,37,frc847,,,,,,,,,,,,,,,,,,,,,,,,,,frc6831,frc9446,frc1425,frc9438,frc847,frc3673,-1,-1,,,,,,,,,,,,,,,,,,,,,,,,,,,,,,,,
2025orore_qm37,qm,1,37,frc3673,,,,,,,,,,,,,,,,,,,,,,,,,,frc6831,frc9446,frc1425,frc9438,frc847,frc3673,-1,-1,,,,,,,,,,,,,,,,,,,,,,,,,,,,,,,,
2025orore_qm37,qm,1,37,frc9446,,,,,,,,,,,,,,,,,,,,,,,,,,frc6831,frc9446,frc1425,frc9438,frc847,frc3673,-1,-1,,,,,,,,,,,,,,,,,,,,,,,,,,,,,,,,
2025orore_qm37,qm,1,37,frc1425,,,,,,,,,,,,,,,,,,,,,,,,,,frc6831,frc9446,frc1425,frc9438,frc847,frc3673,-1,-1,,,,,,,,,,,,,,,,,,,,,,,,,,,,,,,,
2025orore_qm37,qm,1,37,frc9438,,,,,,,,,,,,,,,,,,,,,,,,,,frc6831,frc9446,frc1425,frc9438,frc847,frc3673,-1,-1,,,,,,,,,,,,,,,,,,,,,,,,,,,,,,,,
2025orore_qm38,qm,1,38,frc4662,,,,,,,,,,,,,,,,,,,,,,,,,,frc4662,frc1844,frc5975,frc6443,frc2898,frc3574,-1,-1,,,,,,,,,,,,,,,,,,,,,,,,,,,,,,,,
2025orore_qm38,qm,1,38,frc2898,,,,,,,,,,,,,,,,,,,,,,,,,,frc4662,frc1844,frc5975,frc6443,frc2898,frc3574,-1,-1,,,,,,,,,,,,,,,,,,,,,,,,,,,,,,,,
2025orore_qm38,qm,1,38,frc3574,,,,,,,,,,,,,,,,,,,,,,,,,,frc4662,frc1844,frc5975,frc6443,frc2898,frc3574,-1,-1,,,,,,,,,,,,,,,,,,,,,,,,,,,,,,,,
2025orore_qm38,qm,1,38,frc1844,,,,,,,,,,,,,,,,,,,,,,,,,,frc4662,frc1844,frc5975,frc6443,frc2898,frc3574,-1,-1,,,,,,,,,,,,,,,,,,,,,,,,,,,,,,,,
2025orore_qm38,qm,1,38,frc5975,,,,,,,,,,,,,,,,,,,,,,,,,,frc4662,frc1844,frc5975,frc6443,frc2898,frc3574,-1,-1,,,,,,,,,,,,,,,,,,,,,,,,,,,,,,,,
2025orore_qm38,qm,1,38,frc6443,,,,,,,,,,,,,,,,,,,,,,,,,,frc4662,frc1844,frc5975,frc6443,frc2898,frc3574,-1,-1,,,,,,,,,,,,,,,,,,,,,,,,,,,,,,,,
2025orore_qm39,qm,1,39,frc2635,,,,,,,,,,,,,,,,,,,,,,,,,,frc2635,frc7034,frc2557,frc2471,frc6696,frc3636,-1,-1,,,,,,,,,,,,,,,,,,,,,,,,,,,,,,,,
2025orore_qm39,qm,1,39,frc6696,,,,,,,,,,,,,,,,,,,,,,,,,,frc2635,frc7034,frc2557,frc2471,frc6696,frc3636,-1,-1,,,,,,,,,,,,,,,,,,,,,,,,,,,,,,,,
2025orore_qm39,qm,1,39,frc3636,,,,,,,,,,,,,,,,,,,,,,,,,,frc2635,frc7034,frc2557,frc2471,frc6696,frc3636,-1,-1,,,,,,,,,,,,,,,,,,,,,,,,,,,,,,,,
2025orore_qm39,qm,1,39,frc7034,,,,,,,,,,,,,,,,,,,,,,,,,,frc2635,frc7034,frc2557,frc2471,frc6696,frc3636,-1,-1,,,,,,,,,,,,,,,,,,,,,,,,,,,,,,,,
2025orore_qm39,qm,1,39,frc2557,,,,,,,,,,,,,,,,,,,,,,,,,,frc2635,frc7034,frc2557,frc2471,frc6696,frc3636,-1,-1,,,,,,,,,,,,,,,,,,,,,,,,,,,,,,,,
2025orore_qm39,qm,1,39,frc2471,,,,,,,,,,,,,,,,,,,,,,,,,,frc2635,frc7034,frc2557,frc2471,frc6696,frc3636,-1,-1,,,,,,,,,,,,,,,,,,,,,,,,,,,,,,,,
2025orore_qm4,qm,1,4,frc9438,3,0,0,0,0,0,0,0,0,0,0,0,0,0,0,Park,0,n/a(just left start zone),"failed to intake coral because intake was very ""jittery"" and was shifting rapidly up/down.",parked and are incapable of climbing,naman,1,0,0,0,frc9438,frc3673,frc957,frc3663,frc1844,frc2635,108,35,0,0,No,No,Yes,3,3,1,0,0,14,Parked,None,DeepCage,0,0,0,0,0,0,0,1,0,0,0,32,35,3,18,0,0,blue
2025orore_qm4,qm,1,4,frc1844,1,0,0,0,0,0,1,48,1,0,0,0,0,0,0,None,0,Went backwards,"removed 1 algea, tried to get a coral from dispenser, but failed. Went to opposite side to defense, but just stoped. Overall very discombobulated ",frozen,AARUSH,0,0,0,0,frc9438,frc3673,frc957,frc3663,frc1844,frc2635,108,35,0,0,No,No,Yes,3,3,1,0,0,14,Parked,None,DeepCage,0,0,0,0,0,0,0,1,0,0,0,32,35,3,18,0,0,blue
2025orore_qm4,qm,1,4,frc2635,5,0,0,0,0,0,1,0,1,0,3,0,0,0,0,Deep Climb,0,left but nothing else,Started by going immediately to other side and did lots of pinning then started to put algae in processer,Started 30 sec early was able to deep climb,Ave wilson,1,0,0,0,frc9438,frc3673,frc957,frc3663,frc1844,frc2635,108,35,0,0,No,No,Yes,3,3,1,0,0,14,Parked,None,DeepCage,0,0,0,0,0,0,0,1,0,0,0,32,35,3,18,0,0,blue
2025orore_qm4,qm,1,4,frc3673,3,0,0,0,0,0,0,32,0,0,0,0,0,2,0,Park,0,"Very fast, has an auto to place in L1 face 4","Very fast robot, accurate collect but not so accurate place. Attempted to place in L1 and L2 only, missed L1 frequently. Froze for 30 seconds, came back just before endgame",Parked,Pranav,1,0,0,0,frc9438,frc3673,frc957,frc3663,frc1844,frc2635,108,35,2,14,Yes,Yes,Yes,9,23,0,0,0,6,Parked,Parked,Parked,0,0,0,0,0,0,2,4,0,20,71,85,108,0,8,0,1,blue
2025orore_qm4,qm,1,4,frc957,4,0,1,0,0,0,0,0,0,0,0,5,2,1,0,Deep Climb,0,Auto missed going sll the way to collect with like 7 secs left.,"Got some defense, but even with no defense kinda bad at intaking coral. Very good bot. ","Went up with like 1 second left, only 80% sure they got it. ",Michael,1,0,0,0,frc9438,frc3673,frc957,frc3663,frc1844,frc2635,108,35,2,14,Yes,Yes,Yes,9,23,0,0,0,6,Parked,Parked,Parked,0,0,0,0,0,0,2,4,0,20,71,85,108,0,8,0,1,blue
2025orore_qm4,qm,1,4,frc3663,2,0,1,0,0,0,0,0,2,0,0,2,2,1,5,Park,0,missed preload,missed 2,ran out of time,Aa,1,0,0,0,frc9438,frc3673,frc957,frc3663,frc1844,frc2635,108,35,2,14,Yes,Yes,Yes,9,23,0,0,0,6,Parked,Parked,Parked,0,0,0,0,0,0,2,4,0,20,71,85,108,0,8,0,1,blue
2025orore_qm40,qm,1,40,frc3812,,,,,,,,,,,,,,,,,,,,,,,,,,frc3812,frc4043,frc9430,frc3663,frc2733,frc2915,-1,-1,,,,,,,,,,,,,,,,,,,,,,,,,,,,,,,,
2025orore_qm40,qm,1,40,frc2733,,,,,,,,,,,,,,,,,,,,,,,,,,frc3812,frc4043,frc9430,frc3663,frc2733,frc2915,-1,-1,,,,,,,,,,,,,,,,,,,,,,,,,,,,,,,,
2025orore_qm40,qm,1,40,frc2915,,,,,,,,,,,,,,,,,,,,,,,,,,frc3812,frc4043,frc9430,frc3663,frc2733,frc2915,-1,-1,,,,,,,,,,,,,,,,,,,,,,,,,,,,,,,,
2025orore_qm40,qm,1,40,frc4043,,,,,,,,,,,,,,,,,,,,,,,,,,frc3812,frc4043,frc9430,frc3663,frc2733,frc2915,-1,-1,,,,,,,,,,,,,,,,,,,,,,,,,,,,,,,,
2025orore_qm40,qm,1,40,frc9430,,,,,,,,,,,,,,,,,,,,,,,,,,frc3812,frc4043,frc9430,frc3663,frc2733,frc2915,-1,-1,,,,,,,,,,,,,,,,,,,,,,,,,,,,,,,,
2025orore_qm40,qm,1,40,frc3663,,,,,,,,,,,,,,,,,,,,,,,,,,frc3812,frc4043,frc9430,frc3663,frc2733,frc2915,-1,-1,,,,,,,,,,,,,,,,,,,,,,,,,,,,,,,,
2025orore_qm41,qm,1,41,frc4662,,,,,,,,,,,,,,,,,,,,,,,,,,frc4662,frc2898,frc9446,frc3673,frc1540,frc6443,-1,-1,,,,,,,,,,,,,,,,,,,,,,,,,,,,,,,,
2025orore_qm41,qm,1,41,frc1540,,,,,,,,,,,,,,,,,,,,,,,,,,frc4662,frc2898,frc9446,frc3673,frc1540,frc6443,-1,-1,,,,,,,,,,,,,,,,,,,,,,,,,,,,,,,,
2025orore_qm41,qm,1,41,frc6443,,,,,,,,,,,,,,,,,,,,,,,,,,frc4662,frc2898,frc9446,frc3673,frc1540,frc6443,-1,-1,,,,,,,,,,,,,,,,,,,,,,,,,,,,,,,,
2025orore_qm41,qm,1,41,frc2898,,,,,,,,,,,,,,,,,,,,,,,,,,frc4662,frc2898,frc9446,frc3673,frc1540,frc6443,-1,-1,,,,,,,,,,,,,,,,,,,,,,,,,,,,,,,,
2025orore_qm41,qm,1,41,frc9446,,,,,,,,,,,,,,,,,,,,,,,,,,frc4662,frc2898,frc9446,frc3673,frc1540,frc6443,-1,-1,,,,,,,,,,,,,,,,,,,,,,,,,,,,,,,,
2025orore_qm41,qm,1,41,frc3673,,,,,,,,,,,,,,,,,,,,,,,,,,frc4662,frc2898,frc9446,frc3673,frc1540,frc6443,-1,-1,,,,,,,,,,,,,,,,,,,,,,,,,,,,,,,,
2025orore_qm42,qm,1,42,frc2557,,,,,,,,,,,,,,,,,,,,,,,,,,frc2557,frc2471,frc5975,frc957,frc2635,frc10444,-1,-1,,,,,,,,,,,,,,,,,,,,,,,,,,,,,,,,
2025orore_qm42,qm,1,42,frc2635,,,,,,,,,,,,,,,,,,,,,,,,,,frc2557,frc2471,frc5975,frc957,frc2635,frc10444,-1,-1,,,,,,,,,,,,,,,,,,,,,,,,,,,,,,,,
2025orore_qm42,qm,1,42,frc10444,,,,,,,,,,,,,,,,,,,,,,,,,,frc2557,frc2471,frc5975,frc957,frc2635,frc10444,-1,-1,,,,,,,,,,,,,,,,,,,,,,,,,,,,,,,,
2025orore_qm42,qm,1,42,frc2471,,,,,,,,,,,,,,,,,,,,,,,,,,frc2557,frc2471,frc5975,frc957,frc2635,frc10444,-1,-1,,,,,,,,,,,,,,,,,,,,,,,,,,,,,,,,
2025orore_qm42,qm,1,42,frc5975,,,,,,,,,,,,,,,,,,,,,,,,,,frc2557,frc2471,frc5975,frc957,frc2635,frc10444,-1,-1,,,,,,,,,,,,,,,,,,,,,,,,,,,,,,,,
2025orore_qm42,qm,1,42,frc957,,,,,,,,,,,,,,,,,,,,,,,,,,frc2557,frc2471,frc5975,frc957,frc2635,frc10444,-1,-1,,,,,,,,,,,,,,,,,,,,,,,,,,,,,,,,
2025orore_qm43,qm,1,43,frc7034,,,,,,,,,,,,,,,,,,,,,,,,,,frc7034,frc5970,frc2733,frc6831,frc3812,frc3663,-1,-1,,,,,,,,,,,,,,,,,,,,,,,,,,,,,,,,
2025orore_qm43,qm,1,43,frc3812,,,,,,,,,,,,,,,,,,,,,,,,,,frc7034,frc5970,frc2733,frc6831,frc3812,frc3663,-1,-1,,,,,,,,,,,,,,,,,,,,,,,,,,,,,,,,
2025orore_qm43,qm,1,43,frc3663,,,,,,,,,,,,,,,,,,,,,,,,,,frc7034,frc5970,frc2733,frc6831,frc3812,frc3663,-1,-1,,,,,,,,,,,,,,,,,,,,,,,,,,,,,,,,
2025orore_qm43,qm,1,43,frc5970,,,,,,,,,,,,,,,,,,,,,,,,,,frc7034,frc5970,frc2733,frc6831,frc3812,frc3663,-1,-1,,,,,,,,,,,,,,,,,,,,,,,,,,,,,,,,
2025orore_qm43,qm,1,43,frc2733,,,,,,,,,,,,,,,,,,,,,,,,,,frc7034,frc5970,frc2733,frc6831,frc3812,frc3663,-1,-1,,,,,,,,,,,,,,,,,,,,,,,,,,,,,,,,
2025orore_qm43,qm,1,43,frc6831,,,,,,,,,,,,,,,,,,,,,,,,,,frc7034,frc5970,frc2733,frc6831,frc3812,frc3663,-1,-1,,,,,,,,,,,,,,,,,,,,,,,,,,,,,,,,
2025orore_qm44,qm,1,44,frc6845,,,,,,,,,,,,,,,,,,,,,,,,,,frc6845,frc4488,frc847,frc3574,frc4043,frc9438,-1,-1,,,,,,,,,,,,,,,,,,,,,,,,,,,,,,,,
2025orore_qm44,qm,1,44,frc4043,,,,,,,,,,,,,,,,,,,,,,,,,,frc6845,frc4488,frc847,frc3574,frc4043,frc9438,-1,-1,,,,,,,,,,,,,,,,,,,,,,,,,,,,,,,,
2025orore_qm44,qm,1,44,frc9438,,,,,,,,,,,,,,,,,,,,,,,,,,frc6845,frc4488,frc847,frc3574,frc4043,frc9438,-1,-1,,,,,,,,,,,,,,,,,,,,,,,,,,,,,,,,
2025orore_qm44,qm,1,44,frc4488,,,,,,,,,,,,,,,,,,,,,,,,,,frc6845,frc4488,frc847,frc3574,frc4043,frc9438,-1,-1,,,,,,,,,,,,,,,,,,,,,,,,,,,,,,,,
2025orore_qm44,qm,1,44,frc847,,,,,,,,,,,,,,,,,,,,,,,,,,frc6845,frc4488,frc847,frc3574,frc4043,frc9438,-1,-1,,,,,,,,,,,,,,,,,,,,,,,,,,,,,,,,
2025orore_qm44,qm,1,44,frc3574,,,,,,,,,,,,,,,,,,,,,,,,,,frc6845,frc4488,frc847,frc3574,frc4043,frc9438,-1,-1,,,,,,,,,,,,,,,,,,,,,,,,,,,,,,,,
2025orore_qm45,qm,1,45,frc1844,,,,,,,,,,,,,,,,,,,,,,,,,,frc1844,frc2915,frc1425,frc6696,frc3636,frc9430,-1,-1,,,,,,,,,,,,,,,,,,,,,,,,,,,,,,,,
2025orore_qm45,qm,1,45,frc3636,,,,,,,,,,,,,,,,,,,,,,,,,,frc1844,frc2915,frc1425,frc6696,frc3636,frc9430,-1,-1,,,,,,,,,,,,,,,,,,,,,,,,,,,,,,,,
2025orore_qm45,qm,1,45,frc9430,,,,,,,,,,,,,,,,,,,,,,,,,,frc1844,frc2915,frc1425,frc6696,frc3636,frc9430,-1,-1,,,,,,,,,,,,,,,,,,,,,,,,,,,,,,,,
2025orore_qm45,qm,1,45,frc2915,,,,,,,,,,,,,,,,,,,,,,,,,,frc1844,frc2915,frc1425,frc6696,frc3636,frc9430,-1,-1,,,,,,,,,,,,,,,,,,,,,,,,,,,,,,,,
2025orore_qm45,qm,1,45,frc1425,1,,,,,,,,,,,,,,,None,0,,,,,,,,,frc1844,frc2915,frc1425,frc6696,frc3636,frc9430,-1,-1,,,,,,,,,,,,,,,,,,,,,,,,,,,,,,,,
2025orore_qm45,qm,1,45,frc6696,,,,,,,,,,,,,,,,,,,,,,,,,,frc1844,frc2915,frc1425,frc6696,frc3636,frc9430,-1,-1,,,,,,,,,,,,,,,,,,,,,,,,,,,,,,,,
2025orore_qm46,qm,1,46,frc6443,,,,,,,,,,,,,,,,,,,,,,,,,,frc6443,frc9446,frc2471,frc5970,frc5975,frc3812,-1,-1,,,,,,,,,,,,,,,,,,,,,,,,,,,,,,,,
2025orore_qm46,qm,1,46,frc5975,,,,,,,,,,,,,,,,,,,,,,,,,,frc6443,frc9446,frc2471,frc5970,frc5975,frc3812,-1,-1,,,,,,,,,,,,,,,,,,,,,,,,,,,,,,,,
2025orore_qm46,qm,1,46,frc3812,,,,,,,,,,,,,,,,,,,,,,,,,,frc6443,frc9446,frc2471,frc5970,frc5975,frc3812,-1,-1,,,,,,,,,,,,,,,,,,,,,,,,,,,,,,,,
2025orore_qm46,qm,1,46,frc9446,,,,,,,,,,,,,,,,,,,,,,,,,,frc6443,frc9446,frc2471,frc5970,frc5975,frc3812,-1,-1,,,,,,,,,,,,,,,,,,,,,,,,,,,,,,,,
2025orore_qm46,qm,1,46,frc2471,,,,,,,,,,,,,,,,,,,,,,,,,,frc6443,frc9446,frc2471,frc5970,frc5975,frc3812,-1,-1,,,,,,,,,,,,,,,,,,,,,,,,,,,,,,,,
2025orore_qm46,qm,1,46,frc5970,,,,,,,,,,,,,,,,,,,,,,,,,,frc6443,frc9446,frc2471,frc5970,frc5975,frc3812,-1,-1,,,,,,,,,,,,,,,,,,,,,,,,,,,,,,,,
2025orore_qm47,qm,1,47,frc957,,,,,,,,,,,,,,,,,,,,,,,,,,frc957,frc7034,frc4662,frc6831,frc4043,frc2557,-1,-1,,,,,,,,,,,,,,,,,,,,,,,,,,,,,,,,
2025orore_qm47,qm,1,47,frc4043,,,,,,,,,,,,,,,,,,,,,,,,,,frc957,frc7034,frc4662,frc6831,frc4043,frc2557,-1,-1,,,,,,,,,,,,,,,,,,,,,,,,,,,,,,,,
2025orore_qm47,qm,1,47,frc2557,,,,,,,,,,,,,,,,,,,,,,,,,,frc957,frc7034,frc4662,frc6831,frc4043,frc2557,-1,-1,,,,,,,,,,,,,,,,,,,,,,,,,,,,,,,,
2025orore_qm47,qm,1,47,frc7034,,,,,,,,,,,,,,,,,,,,,,,,,,frc957,frc7034,frc4662,frc6831,frc4043,frc2557,-1,-1,,,,,,,,,,,,,,,,,,,,,,,,,,,,,,,,
2025orore_qm47,qm,1,47,frc4662,,,,,,,,,,,,,,,,,,,,,,,,,,frc957,frc7034,frc4662,frc6831,frc4043,frc2557,-1,-1,,,,,,,,,,,,,,,,,,,,,,,,,,,,,,,,
2025orore_qm47,qm,1,47,frc6831,,,,,,,,,,,,,,,,,,,,,,,,,,frc957,frc7034,frc4662,frc6831,frc4043,frc2557,-1,-1,,,,,,,,,,,,,,,,,,,,,,,,,,,,,,,,
2025orore_qm48,qm,1,48,frc6696,,,,,,,,,,,,,,,,,,,,,,,,,,frc6696,frc2915,frc3574,frc2733,frc10444,frc847,-1,-1,,,,,,,,,,,,,,,,,,,,,,,,,,,,,,,,
2025orore_qm48,qm,1,48,frc10444,,,,,,,,,,,,,,,,,,,,,,,,,,frc6696,frc2915,frc3574,frc2733,frc10444,frc847,-1,-1,,,,,,,,,,,,,,,,,,,,,,,,,,,,,,,,
2025orore_qm48,qm,1,48,frc847,,,,,,,,,,,,,,,,,,,,,,,,,,frc6696,frc2915,frc3574,frc2733,frc10444,frc847,-1,-1,,,,,,,,,,,,,,,,,,,,,,,,,,,,,,,,
2025orore_qm48,qm,1,48,frc2915,,,,,,,,,,,,,,,,,,,,,,,,,,frc6696,frc2915,frc3574,frc2733,frc10444,frc847,-1,-1,,,,,,,,,,,,,,,,,,,,,,,,,,,,,,,,
2025orore_qm48,qm,1,48,frc3574,,,,,,,,,,,,,,,,,,,,,,,,,,frc6696,frc2915,frc3574,frc2733,frc10444,frc847,-1,-1,,,,,,,,,,,,,,,,,,,,,,,,,,,,,,,,
2025orore_qm48,qm,1,48,frc2733,,,,,,,,,,,,,,,,,,,,,,,,,,frc6696,frc2915,frc3574,frc2733,frc10444,frc847,-1,-1,,,,,,,,,,,,,,,,,,,,,,,,,,,,,,,,
2025orore_qm49,qm,1,49,frc9438,,,,,,,,,,,,,,,,,,,,,,,,,,frc9438,frc1425,frc3673,frc2635,frc2898,frc4488,-1,-1,,,,,,,,,,,,,,,,,,,,,,,,,,,,,,,,
2025orore_qm49,qm,1,49,frc2898,,,,,,,,,,,,,,,,,,,,,,,,,,frc9438,frc1425,frc3673,frc2635,frc2898,frc4488,-1,-1,,,,,,,,,,,,,,,,,,,,,,,,,,,,,,,,
2025orore_qm49,qm,1,49,frc4488,,,,,,,,,,,,,,,,,,,,,,,,,,frc9438,frc1425,frc3673,frc2635,frc2898,frc4488,-1,-1,,,,,,,,,,,,,,,,,,,,,,,,,,,,,,,,
2025orore_qm49,qm,1,49,frc1425,,,,,,,,,,,,,,,,,,,,,,,,,,frc9438,frc1425,frc3673,frc2635,frc2898,frc4488,-1,-1,,,,,,,,,,,,,,,,,,,,,,,,,,,,,,,,
2025orore_qm49,qm,1,49,frc3673,,,,,,,,,,,,,,,,,,,,,,,,,,frc9438,frc1425,frc3673,frc2635,frc2898,frc4488,-1,-1,,,,,,,,,,,,,,,,,,,,,,,,,,,,,,,,
2025orore_qm49,qm,1,49,frc2635,,,,,,,,,,,,,,,,,,,,,,,,,,frc9438,frc1425,frc3673,frc2635,frc2898,frc4488,-1,-1,,,,,,,,,,,,,,,,,,,,,,,,,,,,,,,,
2025orore_qm5,qm,1,5,frc2733,4,0,0,0,0,0,0,0,2,0,0,0,3,0,0,None,0,left start zone,"frequetly attempted to place coral, however, was highly inaccurate. ",continued with teleop activities,naman,1,0,0,0,frc2733,frc2557,frc6845,frc847,frc9446,frc4662,22,42,0,0,Yes,No,Yes,6,6,1,0,0,4,None,Parked,Parked,0,12,0,0,0,0,0,4,1,7,20,24,42,0,0,0,0,red
2025orore_qm5,qm,1,5,frc9446,5,0,0,0,0,0,0,0,0,0,0,0,0,0,4,Park,0,Was just moving one inch,"had somewhat reliable coral feeding,and only placed on L1 4-5 times, but was still unreliable and shaky","just parked but I think tried to climb, but lost time, needs better step process for achieving shallow climb",Dev Sharma ,1,0,0,0,frc2733,frc2557,frc6845,frc847,frc9446,frc4662,22,42,0,0,Yes,No,Yes,6,6,1,0,0,4,None,Parked,Parked,0,12,0,0,0,0,0,4,1,7,20,24,42,0,0,0,0,red
2025orore_qm5,qm,1,5,frc4662,5,0,0,0,0,0,1,10,0,0,0,0,0,0,0,Park,0,Left but did nothing/attempted nothing else,confusing in what is did it went to the other side I'd assume for defense but did not do well it mostly stayed in on place the whole game near the coral collect but did not seem to be frozen,seemed to attempt to climb but was not able to,Ave wilson,1,0,0,0,frc2733,frc2557,frc6845,frc847,frc9446,frc4662,22,42,0,0,Yes,No,Yes,6,6,1,0,0,4,None,Parked,Parked,0,12,0,0,0,0,0,4,1,7,20,24,42,0,0,0,0,red
2025orore_qm5,qm,1,5,frc2557,0,,,,,,,,,,,,,,,None,0,No show,,,Pranav,,,,,frc2733,frc2557,frc6845,frc847,frc9446,frc4662,22,42,0,0,No,No,Yes,3,3,0,0,0,4,None,Parked,Parked,0,6,0,0,1,0,0,0,2,3,9,13,22,0,0,0,0,red
2025orore_qm5,qm,1,5,frc6845,5,0,0,0,0,0,1,0,0,0,0,0,0,0,0,Park,0,Went into the wall,"had decent defense, but who they were defending wasnt really smart and kept trying to push through the defense instead of going to the other station. ","looked like they tried to climb, but I wouldnt trust thier climb. Only pick as a defense bot.  ",Michael,0,0,0,0,frc2733,frc2557,frc6845,frc847,frc9446,frc4662,22,42,0,0,No,No,Yes,3,3,0,0,0,4,None,Parked,Parked,0,6,0,0,1,0,0,0,2,3,9,13,22,0,0,0,0,red
2025orore_qm5,qm,1,5,frc847,1,0,0,0,0,0,0,0,0,0,0,0,1,1,1,Park,0,Went into red cages,slow,failed deep climb,Aa,1,0,0,0,frc2733,frc2557,frc6845,frc847,frc9446,frc4662,22,42,0,0,No,No,Yes,3,3,0,0,0,4,None,Parked,Parked,0,6,0,0,1,0,0,0,2,3,9,13,22,0,0,0,0,red
2025orore_qm50,qm,1,50,frc6845,,,,,,,,,,,,,,,,,,,,,,,,,,frc6845,frc1844,frc3663,frc1540,frc9430,frc3636,-1,-1,,,,,,,,,,,,,,,,,,,,,,,,,,,,,,,,
2025orore_qm50,qm,1,50,frc9430,,,,,,,,,,,,,,,,,,,,,,,,,,frc6845,frc1844,frc3663,frc1540,frc9430,frc3636,-1,-1,,,,,,,,,,,,,,,,,,,,,,,,,,,,,,,,
2025orore_qm50,qm,1,50,frc3636,,,,,,,,,,,,,,,,,,,,,,,,,,frc6845,frc1844,frc3663,frc1540,frc9430,frc3636,-1,-1,,,,,,,,,,,,,,,,,,,,,,,,,,,,,,,,
2025orore_qm50,qm,1,50,frc1844,,,,,,,,,,,,,,,,,,,,,,,,,,frc6845,frc1844,frc3663,frc1540,frc9430,frc3636,-1,-1,,,,,,,,,,,,,,,,,,,,,,,,,,,,,,,,
2025orore_qm50,qm,1,50,frc3663,,,,,,,,,,,,,,,,,,,,,,,,,,frc6845,frc1844,frc3663,frc1540,frc9430,frc3636,-1,-1,,,,,,,,,,,,,,,,,,,,,,,,,,,,,,,,
2025orore_qm50,qm,1,50,frc1540,,,,,,,,,,,,,,,,,,,,,,,,,,frc6845,frc1844,frc3663,frc1540,frc9430,frc3636,-1,-1,,,,,,,,,,,,,,,,,,,,,,,,,,,,,,,,
2025orore_qm51,qm,1,51,frc847,,,,,,,,,,,,,,,,,,,,,,,,,,frc847,frc10444,frc2915,frc9446,frc5970,frc4043,-1,-1,,,,,,,,,,,,,,,,,,,,,,,,,,,,,,,,
2025orore_qm51,qm,1,51,frc5970,,,,,,,,,,,,,,,,,,,,,,,,,,frc847,frc10444,frc2915,frc9446,frc5970,frc4043,-1,-1,,,,,,,,,,,,,,,,,,,,,,,,,,,,,,,,
2025orore_qm51,qm,1,51,frc4043,,,,,,,,,,,,,,,,,,,,,,,,,,frc847,frc10444,frc2915,frc9446,frc5970,frc4043,-1,-1,,,,,,,,,,,,,,,,,,,,,,,,,,,,,,,,
2025orore_qm51,qm,1,51,frc10444,,,,,,,,,,,,,,,,,,,,,,,,,,frc847,frc10444,frc2915,frc9446,frc5970,frc4043,-1,-1,,,,,,,,,,,,,,,,,,,,,,,,,,,,,,,,
2025orore_qm51,qm,1,51,frc2915,,,,,,,,,,,,,,,,,,,,,,,,,,frc847,frc10444,frc2915,frc9446,frc5970,frc4043,-1,-1,,,,,,,,,,,,,,,,,,,,,,,,,,,,,,,,
2025orore_qm51,qm,1,51,frc9446,,,,,,,,,,,,,,,,,,,,,,,,,,frc847,frc10444,frc2915,frc9446,frc5970,frc4043,-1,-1,,,,,,,,,,,,,,,,,,,,,,,,,,,,,,,,
2025orore_qm52,qm,1,52,frc1425,,,,,,,,,,,,,,,,,,,,,,,,,,frc1425,frc5975,frc2733,frc2898,frc6831,frc2471,-1,-1,,,,,,,,,,,,,,,,,,,,,,,,,,,,,,,,
2025orore_qm52,qm,1,52,frc6831,,,,,,,,,,,,,,,,,,,,,,,,,,frc1425,frc5975,frc2733,frc2898,frc6831,frc2471,-1,-1,,,,,,,,,,,,,,,,,,,,,,,,,,,,,,,,
2025orore_qm52,qm,1,52,frc2471,,,,,,,,,,,,,,,,,,,,,,,,,,frc1425,frc5975,frc2733,frc2898,frc6831,frc2471,-1,-1,,,,,,,,,,,,,,,,,,,,,,,,,,,,,,,,
2025orore_qm52,qm,1,52,frc5975,,,,,,,,,,,,,,,,,,,,,,,,,,frc1425,frc5975,frc2733,frc2898,frc6831,frc2471,-1,-1,,,,,,,,,,,,,,,,,,,,,,,,,,,,,,,,
2025orore_qm52,qm,1,52,frc2733,,,,,,,,,,,,,,,,,,,,,,,,,,frc1425,frc5975,frc2733,frc2898,frc6831,frc2471,-1,-1,,,,,,,,,,,,,,,,,,,,,,,,,,,,,,,,
2025orore_qm52,qm,1,52,frc2898,,,,,,,,,,,,,,,,,,,,,,,,,,frc1425,frc5975,frc2733,frc2898,frc6831,frc2471,-1,-1,,,,,,,,,,,,,,,,,,,,,,,,,,,,,,,,
2025orore_qm53,qm,1,53,frc3663,,,,,,,,,,,,,,,,,,,,,,,,,,frc3663,frc4488,frc2557,frc1844,frc9438,frc3574,-1,-1,,,,,,,,,,,,,,,,,,,,,,,,,,,,,,,,
2025orore_qm53,qm,1,53,frc9438,,,,,,,,,,,,,,,,,,,,,,,,,,frc3663,frc4488,frc2557,frc1844,frc9438,frc3574,-1,-1,,,,,,,,,,,,,,,,,,,,,,,,,,,,,,,,
2025orore_qm53,qm,1,53,frc3574,,,,,,,,,,,,,,,,,,,,,,,,,,frc3663,frc4488,frc2557,frc1844,frc9438,frc3574,-1,-1,,,,,,,,,,,,,,,,,,,,,,,,,,,,,,,,
2025orore_qm53,qm,1,53,frc4488,,,,,,,,,,,,,,,,,,,,,,,,,,frc3663,frc4488,frc2557,frc1844,frc9438,frc3574,-1,-1,,,,,,,,,,,,,,,,,,,,,,,,,,,,,,,,
2025orore_qm53,qm,1,53,frc2557,,,,,,,,,,,,,,,,,,,,,,,,,,frc3663,frc4488,frc2557,frc1844,frc9438,frc3574,-1,-1,,,,,,,,,,,,,,,,,,,,,,,,,,,,,,,,
2025orore_qm53,qm,1,53,frc1844,,,,,,,,,,,,,,,,,,,,,,,,,,frc3663,frc4488,frc2557,frc1844,frc9438,frc3574,-1,-1,,,,,,,,,,,,,,,,,,,,,,,,,,,,,,,,
2025orore_qm54,qm,1,54,frc2635,,,,,,,,,,,,,,,,,,,,,,,,,,frc2635,frc3636,frc1540,frc6696,frc3812,frc957,-1,-1,,,,,,,,,,,,,,,,,,,,,,,,,,,,,,,,
2025orore_qm54,qm,1,54,frc3812,,,,,,,,,,,,,,,,,,,,,,,,,,frc2635,frc3636,frc1540,frc6696,frc3812,frc957,-1,-1,,,,,,,,,,,,,,,,,,,,,,,,,,,,,,,,
2025orore_qm54,qm,1,54,frc957,,,,,,,,,,,,,,,,,,,,,,,,,,frc2635,frc3636,frc1540,frc6696,frc3812,frc957,-1,-1,,,,,,,,,,,,,,,,,,,,,,,,,,,,,,,,
2025orore_qm54,qm,1,54,frc3636,,,,,,,,,,,,,,,,,,,,,,,,,,frc2635,frc3636,frc1540,frc6696,frc3812,frc957,-1,-1,,,,,,,,,,,,,,,,,,,,,,,,,,,,,,,,
2025orore_qm54,qm,1,54,frc1540,,,,,,,,,,,,,,,,,,,,,,,,,,frc2635,frc3636,frc1540,frc6696,frc3812,frc957,-1,-1,,,,,,,,,,,,,,,,,,,,,,,,,,,,,,,,
2025orore_qm54,qm,1,54,frc6696,,,,,,,,,,,,,,,,,,,,,,,,,,frc2635,frc3636,frc1540,frc6696,frc3812,frc957,-1,-1,,,,,,,,,,,,,,,,,,,,,,,,,,,,,,,,
2025orore_qm55,qm,1,55,frc3673,,,,,,,,,,,,,,,,,,,,,,,,,,frc3673,frc4662,frc7034,frc9430,frc6443,frc6845,-1,-1,,,,,,,,,,,,,,,,,,,,,,,,,,,,,,,,
2025orore_qm55,qm,1,55,frc6443,,,,,,,,,,,,,,,,,,,,,,,,,,frc3673,frc4662,frc7034,frc9430,frc6443,frc6845,-1,-1,,,,,,,,,,,,,,,,,,,,,,,,,,,,,,,,
2025orore_qm55,qm,1,55,frc6845,,,,,,,,,,,,,,,,,,,,,,,,,,frc3673,frc4662,frc7034,frc9430,frc6443,frc6845,-1,-1,,,,,,,,,,,,,,,,,,,,,,,,,,,,,,,,
2025orore_qm55,qm,1,55,frc4662,,,,,,,,,,,,,,,,,,,,,,,,,,frc3673,frc4662,frc7034,frc9430,frc6443,frc6845,-1,-1,,,,,,,,,,,,,,,,,,,,,,,,,,,,,,,,
2025orore_qm55,qm,1,55,frc7034,,,,,,,,,,,,,,,,,,,,,,,,,,frc3673,frc4662,frc7034,frc9430,frc6443,frc6845,-1,-1,,,,,,,,,,,,,,,,,,,,,,,,,,,,,,,,
2025orore_qm55,qm,1,55,frc9430,,,,,,,,,,,,,,,,,,,,,,,,,,frc3673,frc4662,frc7034,frc9430,frc6443,frc6845,-1,-1,,,,,,,,,,,,,,,,,,,,,,,,,,,,,,,,
2025orore_qm56,qm,1,56,frc6831,,,,,,,,,,,,,,,,,,,,,,,,,,frc6831,frc2557,frc3663,frc2733,frc3574,frc9446,-1,-1,,,,,,,,,,,,,,,,,,,,,,,,,,,,,,,,
2025orore_qm56,qm,1,56,frc3574,,,,,,,,,,,,,,,,,,,,,,,,,,frc6831,frc2557,frc3663,frc2733,frc3574,frc9446,-1,-1,,,,,,,,,,,,,,,,,,,,,,,,,,,,,,,,
2025orore_qm56,qm,1,56,frc9446,,,,,,,,,,,,,,,,,,,,,,,,,,frc6831,frc2557,frc3663,frc2733,frc3574,frc9446,-1,-1,,,,,,,,,,,,,,,,,,,,,,,,,,,,,,,,
2025orore_qm56,qm,1,56,frc2557,,,,,,,,,,,,,,,,,,,,,,,,,,frc6831,frc2557,frc3663,frc2733,frc3574,frc9446,-1,-1,,,,,,,,,,,,,,,,,,,,,,,,,,,,,,,,
2025orore_qm56,qm,1,56,frc3663,,,,,,,,,,,,,,,,,,,,,,,,,,frc6831,frc2557,frc3663,frc2733,frc3574,frc9446,-1,-1,,,,,,,,,,,,,,,,,,,,,,,,,,,,,,,,
2025orore_qm56,qm,1,56,frc2733,,,,,,,,,,,,,,,,,,,,,,,,,,frc6831,frc2557,frc3663,frc2733,frc3574,frc9446,-1,-1,,,,,,,,,,,,,,,,,,,,,,,,,,,,,,,,
2025orore_qm57,qm,1,57,frc957,,,,,,,,,,,,,,,,,,,,,,,,,,frc957,frc4043,frc1844,frc2898,frc1540,frc10444,-1,-1,,,,,,,,,,,,,,,,,,,,,,,,,,,,,,,,
2025orore_qm57,qm,1,57,frc1540,,,,,,,,,,,,,,,,,,,,,,,,,,frc957,frc4043,frc1844,frc2898,frc1540,frc10444,-1,-1,,,,,,,,,,,,,,,,,,,,,,,,,,,,,,,,
2025orore_qm57,qm,1,57,frc10444,,,,,,,,,,,,,,,,,,,,,,,,,,frc957,frc4043,frc1844,frc2898,frc1540,frc10444,-1,-1,,,,,,,,,,,,,,,,,,,,,,,,,,,,,,,,
2025orore_qm57,qm,1,57,frc4043,,,,,,,,,,,,,,,,,,,,,,,,,,frc957,frc4043,frc1844,frc2898,frc1540,frc10444,-1,-1,,,,,,,,,,,,,,,,,,,,,,,,,,,,,,,,
2025orore_qm57,qm,1,57,frc1844,,,,,,,,,,,,,,,,,,,,,,,,,,frc957,frc4043,frc1844,frc2898,frc1540,frc10444,-1,-1,,,,,,,,,,,,,,,,,,,,,,,,,,,,,,,,
2025orore_qm57,qm,1,57,frc2898,,,,,,,,,,,,,,,,,,,,,,,,,,frc957,frc4043,frc1844,frc2898,frc1540,frc10444,-1,-1,,,,,,,,,,,,,,,,,,,,,,,,,,,,,,,,
2025orore_qm58,qm,1,58,frc9430,,,,,,,,,,,,,,,,,,,,,,,,,,frc9430,frc847,frc3636,frc6443,frc3673,frc4488,-1,-1,,,,,,,,,,,,,,,,,,,,,,,,,,,,,,,,
2025orore_qm58,qm,1,58,frc3673,,,,,,,,,,,,,,,,,,,,,,,,,,frc9430,frc847,frc3636,frc6443,frc3673,frc4488,-1,-1,,,,,,,,,,,,,,,,,,,,,,,,,,,,,,,,
2025orore_qm58,qm,1,58,frc4488,,,,,,,,,,,,,,,,,,,,,,,,,,frc9430,frc847,frc3636,frc6443,frc3673,frc4488,-1,-1,,,,,,,,,,,,,,,,,,,,,,,,,,,,,,,,
2025orore_qm58,qm,1,58,frc847,,,,,,,,,,,,,,,,,,,,,,,,,,frc9430,frc847,frc3636,frc6443,frc3673,frc4488,-1,-1,,,,,,,,,,,,,,,,,,,,,,,,,,,,,,,,
2025orore_qm58,qm,1,58,frc3636,,,,,,,,,,,,,,,,,,,,,,,,,,frc9430,frc847,frc3636,frc6443,frc3673,frc4488,-1,-1,,,,,,,,,,,,,,,,,,,,,,,,,,,,,,,,
2025orore_qm58,qm,1,58,frc6443,,,,,,,,,,,,,,,,,,,,,,,,,,frc9430,frc847,frc3636,frc6443,frc3673,frc4488,-1,-1,,,,,,,,,,,,,,,,,,,,,,,,,,,,,,,,
2025orore_qm59,qm,1,59,frc6845,,,,,,,,,,,,,,,,,,,,,,,,,,frc6845,frc9438,frc3812,frc2471,frc2915,frc5975,-1,-1,,,,,,,,,,,,,,,,,,,,,,,,,,,,,,,,
2025orore_qm59,qm,1,59,frc2915,,,,,,,,,,,,,,,,,,,,,,,,,,frc6845,frc9438,frc3812,frc2471,frc2915,frc5975,-1,-1,,,,,,,,,,,,,,,,,,,,,,,,,,,,,,,,
2025orore_qm59,qm,1,59,frc5975,,,,,,,,,,,,,,,,,,,,,,,,,,frc6845,frc9438,frc3812,frc2471,frc2915,frc5975,-1,-1,,,,,,,,,,,,,,,,,,,,,,,,,,,,,,,,
2025orore_qm59,qm,1,59,frc9438,,,,,,,,,,,,,,,,,,,,,,,,,,frc6845,frc9438,frc3812,frc2471,frc2915,frc5975,-1,-1,,,,,,,,,,,,,,,,,,,,,,,,,,,,,,,,
2025orore_qm59,qm,1,59,frc3812,,,,,,,,,,,,,,,,,,,,,,,,,,frc6845,frc9438,frc3812,frc2471,frc2915,frc5975,-1,-1,,,,,,,,,,,,,,,,,,,,,,,,,,,,,,,,
2025orore_qm59,qm,1,59,frc2471,,,,,,,,,,,,,,,,,,,,,,,,,,frc6845,frc9438,frc3812,frc2471,frc2915,frc5975,-1,-1,,,,,,,,,,,,,,,,,,,,,,,,,,,,,,,,
2025orore_qm6,qm,1,6,frc4488,3,0,0,0,0,0,0,0,0,0,0,1,0,0,0,Park,0,attempted L4 in auto but missed,inaccurate in coral placement and intake is inefficient.,parked at the last moment,naman,1,0,0,0,frc4488,frc3812,frc10444,frc9430,frc5975,frc7034,14,52,0,0,Yes,No,Yes,6,6,0,0,0,6,Parked,Parked,Parked,0,6,0,0,0,0,0,3,0,8,34,40,52,0,0,0,0,red
2025orore_qm6,qm,1,6,frc5975,1,0,0,0,0,0,0,0,0,0,0,0,0,0,0,Park,0,They did not move,just moved in circles aimlessly and did not contribute to alliance scoring,just parked aimlessly,Dev Sharma ,0,0,0,0,frc4488,frc3812,frc10444,frc9430,frc5975,frc7034,14,52,0,0,Yes,No,Yes,6,6,0,0,0,6,Parked,Parked,Parked,0,6,0,0,0,0,0,3,0,8,34,40,52,0,0,0,0,red
2025orore_qm6,qm,1,6,frc7034,1,0,1,0,0,0,0,0,0,0,0,3,0,0,0,Park,0,Would have been a two coral L4 but first coral missed,alignment seems to be slow and manual. Will miss if bumped even a little.,Attempts see cage bit ran pit o Tim before starting ascent. Didn't get out of contact with ground.,Sam,1,0,0,0,frc4488,frc3812,frc10444,frc9430,frc5975,frc7034,14,52,0,0,Yes,No,Yes,6,6,0,0,0,6,Parked,Parked,Parked,0,6,0,0,0,0,0,3,0,8,34,40,52,0,0,0,0,red
2025orore_qm6,qm,1,6,frc3812,3,0,0,0,0,0,1,0,0,0,0,0,0,0,0,None,0,"Left, did nothing else","Played defense the whole game on 7034 at coral station. Was not good at it, left many openings. Slow bot",Started stuttering and moved incredibly slowly during endgame. Did not reach barge zone,Pranav ,1,0,0,0,frc4488,frc3812,frc10444,frc9430,frc5975,frc7034,14,52,0,0,Yes,No,Yes,6,6,0,0,0,4,None,Parked,Parked,0,0,0,0,0,0,0,0,1,1,4,8,14,0,0,0,0,red
2025orore_qm6,qm,1,6,frc10444,2,0,0,0,0,0,0,0,1,0,0,0,0,0,0,Park,0,"Didnt have a great auto, but they got across the line","kept trying to get algae off of the reef, and in thier intake, but it wasnt working right. ",Didnt seem to have a climb. Honestly overall pretty bad. ,Michael,1,0,0,0,frc4488,frc3812,frc10444,frc9430,frc5975,frc7034,14,52,0,0,Yes,No,Yes,6,6,0,0,0,4,None,Parked,Parked,0,0,0,0,0,0,0,0,1,1,4,8,14,0,0,0,0,red
2025orore_qm6,qm,1,6,frc9430,4,0,0,0,0,0,0,0,0,0,0,0,3,0,0,Park,0,,possible Tr_3 pick,Hit chain on deep climb,Aa,1,0,0,0,frc4488,frc3812,frc10444,frc9430,frc5975,frc7034,14,52,0,0,Yes,No,Yes,6,6,0,0,0,4,None,Parked,Parked,0,0,0,0,0,0,0,0,1,1,4,8,14,0,0,0,0,red
2025orore_qm60,qm,1,60,frc6696,,,,,,,,,,,,,,,,,,,,,,,,,,frc6696,frc1425,frc2635,frc4662,frc7034,frc5970,-1,-1,,,,,,,,,,,,,,,,,,,,,,,,,,,,,,,,
2025orore_qm60,qm,1,60,frc7034,,,,,,,,,,,,,,,,,,,,,,,,,,frc6696,frc1425,frc2635,frc4662,frc7034,frc5970,-1,-1,,,,,,,,,,,,,,,,,,,,,,,,,,,,,,,,
2025orore_qm60,qm,1,60,frc5970,,,,,,,,,,,,,,,,,,,,,,,,,,frc6696,frc1425,frc2635,frc4662,frc7034,frc5970,-1,-1,,,,,,,,,,,,,,,,,,,,,,,,,,,,,,,,
2025orore_qm60,qm,1,60,frc1425,,,,,,,,,,,,,,,,,,,,,,,,,,frc6696,frc1425,frc2635,frc4662,frc7034,frc5970,-1,-1,,,,,,,,,,,,,,,,,,,,,,,,,,,,,,,,
2025orore_qm60,qm,1,60,frc2635,,,,,,,,,,,,,,,,,,,,,,,,,,frc6696,frc1425,frc2635,frc4662,frc7034,frc5970,-1,-1,,,,,,,,,,,,,,,,,,,,,,,,,,,,,,,,
2025orore_qm60,qm,1,60,frc4662,,,,,,,,,,,,,,,,,,,,,,,,,,frc6696,frc1425,frc2635,frc4662,frc7034,frc5970,-1,-1,,,,,,,,,,,,,,,,,,,,,,,,,,,,,,,,
2025orore_qm7,qm,1,7,frc3574,1,0,0,0,0,0,1,0,0,0,0,0,0,0,0,Park,0,left start zone,"great at defense. not sure if they're capable of anything else. however, first robot i've seen tha is primarily a defense robot.",incapable of climbing,naman,1,0,0,0,frc3574,frc4043,frc2471,frc1540,frc3636,frc3673,97,102,1,7,No,Yes,No,3,10,0,0,0,4,Parked,Parked,None,2,14,0,0,0,0,2,3,0,18,66,78,102,0,8,0,0,red
2025orore_qm7,qm,1,7,frc3636,1,0,1,0,0,0,0,0,2,2,0,7,0,0,0,Park,0,"Autovwas really smooth, placed coral on l4, and removed an algae relatively smoothly","Good with placing on l4, removing and reliably throwing algae in the net. However at first they picked up coral well, but then lost it when driving at a fast speed",barely parked unsure if they can climb,Dev sharma ,1,0,0,2,frc3574,frc4043,frc2471,frc1540,frc3636,frc3673,97,102,1,7,No,Yes,No,3,10,0,0,0,4,Parked,Parked,None,2,14,0,0,0,0,2,3,0,18,66,78,102,0,8,0,0,red
2025orore_qm7,qm,1,7,frc3673,3,0,0,0,0,0,0,0,0,0,0,0,1,4,6,None,0,Only left. Bumped into alliance  partner.,Very fast L1 scoring. Everything else was a bit slow.,Didn't attempt climb. Prioritized scoring.,Sam,1,0,0,0,frc3574,frc4043,frc2471,frc1540,frc3636,frc3673,97,102,1,7,No,Yes,No,3,10,0,0,0,4,Parked,Parked,None,2,14,0,0,0,0,2,3,0,18,66,78,102,0,8,0,0,red
2025orore_qm7,qm,1,7,frc4043,5,0,0,0,0,0,0,0,0,0,0,6,2,0,0,None,0,"Left start zone in random direction, not sure why. Had preloaded","Extremely fast robot, very accurate and really good. Uses manual place but lines up well every time. Good place speed as well, scored primarily on L4",Seemed to be very confused ,,1,0,0,0,frc3574,frc4043,frc2471,frc1540,frc3636,frc3673,97,102,1,7,Yes,Yes,Yes,9,16,0,0,0,4,None,Parked,Parked,1,4,0,0,0,0,0,1,2,19,73,77,97,0,0,0,1,red
2025orore_qm7,qm,1,7,frc2471,5,0,1,0,0,0,0,0,0,0,0,2,2,0,1,Deep Climb,0,"missed intaking for auto, has two coral it looks like","not very good at lining up, and pretty tippy. definetly very good, but somewhat inconsistent. ","Climbs very fast and good. Overall very good, but inconsistent enough not to be very high. ",Michael ,1,0,0,0,frc3574,frc4043,frc2471,frc1540,frc3636,frc3673,97,102,1,7,Yes,Yes,Yes,9,16,0,0,0,4,None,Parked,Parked,1,4,0,0,0,0,0,1,2,19,73,77,97,0,0,0,1,red
2025orore_qm7,qm,1,7,frc1540,5,0,0,0,0,0,0,0,2,0,0,0,0,0,4,Park,0,missed intake,something broke so they only did l1 likely Tr_3,failed deep climb,Aa,1,0,0,0,frc3574,frc4043,frc2471,frc1540,frc3636,frc3673,97,102,1,7,Yes,Yes,Yes,9,16,0,0,0,4,None,Parked,Parked,1,4,0,0,0,0,0,1,2,19,73,77,97,0,0,0,1,red
2025orore_qm8,qm,1,8,frc5970,4,0,0,0,0,0,0,0,0,0,0,0,0,0,0,Park,0,didn't score but left start zone,"very ""off task"" randomly spun in circles and highly inaccurate. only attempted L1 and missed all attempts.",parked,naman,1,0,0,0,frc5970,frc3663,frc847,frc1425,frc4662,frc2557,106,10,0,0,Yes,Yes,No,6,6,0,0,0,4,Parked,Parked,None,0,0,0,0,0,0,0,0,2,0,0,4,10,0,0,0,0,blue
2025orore_qm8,qm,1,8,frc4662,1,,,,,,,,,,,,,,,None,0,,,,,,,,,frc5970,frc3663,frc847,frc1425,frc4662,frc2557,106,10,0,0,Yes,Yes,No,6,6,0,0,0,4,Parked,Parked,None,0,0,0,0,0,0,0,0,2,0,0,4,10,0,0,0,0,blue
2025orore_qm8,qm,1,8,frc2557,0,,,,,,,,,,,,,,,None,0,No show,no show,no show,OLivia,,,,,frc5970,frc3663,frc847,frc1425,frc4662,frc2557,106,10,0,0,Yes,Yes,No,6,6,0,0,0,4,Parked,Parked,None,0,0,0,0,0,0,0,0,2,0,0,4,10,0,0,0,0,blue
2025orore_qm8,qm,1,8,frc3663,1,0,0,0,0,0,0,0,0,0,0,2,3,2,3,Park,0,"Attempted to run auto but failed. Ran forward, missed L4, grabbed coral and missed place again","Very fast placing and accuracy, really speedy movement and able to run cycles well. Scored in all levels successfully, including L1. Ran cycles throughout","Ran L1 cycles in the end to get coral RP, parked at last second",Pranav,1,0,0,0,frc5970,frc3663,frc847,frc1425,frc4662,frc2557,106,10,1,7,Yes,No,Yes,6,13,1,0,1,16,Parked,DeepCage,Parked,0,12,0,0,0,0,0,5,0,19,65,81,106,0,0,0,0,blue
2025orore_qm8,qm,1,8,frc847,3,0,0,0,0,0,0,0,1,0,0,0,0,1,0,Deep Climb,0,"didnt have auto, which sucked bc it would have been 6 rps","not very good at placing, but did well so cpr and us could go to the other station w/o defense","clutched up with the deep climb, getting us 5 rps, but overall not a very good bot. ",Michael,0,0,0,0,frc5970,frc3663,frc847,frc1425,frc4662,frc2557,106,10,1,7,Yes,No,Yes,6,13,1,0,1,16,Parked,DeepCage,Parked,0,12,0,0,0,0,0,5,0,19,65,81,106,0,0,0,0,blue
2025orore_qm8,qm,1,8,frc1425,1,0,1,0,0,0,0,0,1,0,0,2,1,2,2,Park,0,was able to successfully place a coral attempted to collect another but unable to,consistently placed coral as well as was able to take 1 algae off,seemed to attempt to climb but did not,Ave wilson,0,0,0,0,frc5970,frc3663,frc847,frc1425,frc4662,frc2557,106,10,1,7,Yes,No,Yes,6,13,1,0,1,16,Parked,DeepCage,Parked,0,12,0,0,0,0,0,5,0,19,65,81,106,0,0,0,0,blue
2025orore_qm9,qm,1,9,frc6845,2,0,0,0,0,0,1,0,0,0,0,0,0,0,0,None,0, started out of start zone,looks like primarily a defense bot and didn't attempt anything else.,"attempted to park but failed? not sure what happened there as they drove towards the park zone, they paused for a few secs and resumed but it was too late",naman,1,0,0,0,frc6845,frc6443,frc9438,frc6696,frc6831,frc2898,76,23,1,4,No,Yes,No,3,7,0,0,0,2,None,None,Parked,0,0,0,0,0,0,0,0,1,4,14,16,23,0,0,0,0,blue
2025orore_qm9,qm,1,9,frc6831,1,,,,,,,,,,,,,,,None,0,,,,,,,,,frc6845,frc6443,frc9438,frc6696,frc6831,frc2898,76,23,1,4,No,Yes,No,3,7,0,0,0,2,None,None,Parked,0,0,0,0,0,0,0,0,1,4,14,16,23,0,0,0,0,blue
2025orore_qm9,qm,1,9,frc2898,3,0,0,0,0,0,0,135,0,0,0,0,0,0,0,Park,0,,,,Aa,0,0,0,0,frc6845,frc6443,frc9438,frc6696,frc6831,frc2898,76,23,1,4,No,Yes,No,3,7,0,0,0,2,None,None,Parked,0,0,0,0,0,0,0,0,1,4,14,16,23,0,0,0,0,blue
2025orore_qm9,qm,1,9,frc6443,4,0,0,0,0,1,0,0,0,0,0,2,2,1,2,Park,0,Only left in auto.,More reliable at lower levels-- arm is very spindly.,Attached to cage but didn't actually deep climb. Looked like it had time? no clue why they didn't climb.,Sam,0,0,0,0,frc6845,frc6443,frc9438,frc6696,frc6831,frc2898,76,23,1,3,Yes,Yes,Yes,9,12,0,0,0,4,Parked,Parked,None,0,6,0,0,0,0,0,4,0,14,54,58,76,0,0,0,1,blue
2025orore_qm9,qm,1,9,frc9438,3,0,0,0,0,0,0,0,2,0,0,0,0,0,1,Park,0,"had a ""move forward"" auto at least","really slow, basically could only remove algae and were kinda bad at like everything

","They parked, but overall not very good. Probably dont pick

",Michael,1,0,0,0,frc6845,frc6443,frc9438,frc6696,frc6831,frc2898,76,23,1,3,Yes,Yes,Yes,9,12,0,0,0,4,Parked,Parked,None,0,6,0,0,0,0,0,4,0,14,54,58,76,0,0,0,1,blue
2025orore_qm9,qm,1,9,frc6696,2,0,0,0,0,0,0,0,0,0,0,0,1,2,0,None,0,I accidentally watched the wrong robot during Auto so I'm not sure,attempted to place in coral was able to about half the time missed the other half ,did not make any attempt to climb instead continued to attempt to place coral,Ave wilson,1,0,0,0,frc6845,frc6443,frc9438,frc6696,frc6831,frc2898,76,23,1,3,Yes,Yes,Yes,9,12,0,0,0,4,Parked,Parked,None,0,6,0,0,0,0,0,4,0,14,54,58,76,0,0,0,1,blue