rank,teamnumber,nickname,picknotes,,rank,nickname,teamnumber,picknotes,,,,,TOTAL_POINTS_noEndgame,,,TOTAL_GAME_PIECES,TOTAL_ALGAE,TOTAL_CORAL,total_alg_removed,total_net,end_Pos,db_type,a_total_coral,t_total_coral,total_L1_coral,total_L2_coral,total_L3_coral,total_L4_coral,TOTAL_ALGAE_POINTS,TOTAL_CORAL_POINTS,a_TOTAL_POINTS,auto_Notes,t_timeFrozen,t_TOTAL_POINTS,tele_Notes,t_Tipped,t_Defense,no_show,endgame_Notes,pit_auto_place,pit_Scout_Notes,a_L4,a_L3,a_L2,a_L1,t_L4,t_L3,t_L2,t_L1,t_Proc,t_Net
1,10444,Ursa Major,,invalid field,1,Ursa Major,10444,,invalid field,invalid field,invalid field,invalid field,24.028571428571425,invalid field,invalid field,5.285714285714286,2.5714285714285716,2.7142857142857144,2.2857142857142856,0.14285714285714285,None 14.29%/Park 71.43%/Shallow Climb 14.29%,Mecanum,1.8571428571428572,0.8571428571428571,0,0.2857142857142857,1,1.4285714285714284,6.171428571428572,15.714285714285714,17.514285714285712,"didnt do anything in auto except leave 14.29%/Moved but thats it 14.29%/managed to place a few algae on l4 14.29%/moved out of starting box 14.29%/Was able to get a lot of coral on L3 14.29%/Auto was moving around aimlessly, opened their algae mechanism and moved around with it. 14.29%/Auto was just removing algae 14.29%",17.142857142857142,6.514285714285714,"they seamed to be an algae and processor robot. they died for 50 seconds 14.29%/could only take off algae, didn't shoot 14.29%/frozen for many secs 14.29%/just remove alg and did processor consistently but slowly 14.29%/Was able to get some algae  14.29%/Was able to remove 3 algae, and put 2 of them in the processor, but was slow, and looked wobbly when removing. 14.29%/Only removed one more algae, and placed both in processor. Mechanism looked somewhat reliable, but was frozen for almost a minute. 14.29%",0,0,0,"they died 14.29%/couldn't climb 14.29%/shallow climbed 14.29%/Parked 14.29%/ 14.29%/Parked, but touched the cage 14.29%/Parked, and didn't attempt to climb 14.29%",0,Seems like can't score coral but said can out it near troph,1.1428571428571428,0.7142857142857143,0,0,0.2857142857142857,0.2857142857142857,0.2857142857142857,0,1.2857142857142858,0
2,1359,Scalawags,,invalid field,2,Scalawags,1359,,invalid field,invalid field,invalid field,invalid field,3.4285714285714284,invalid field,invalid field,0.2857142857142857,0,0.2857142857142857,0,0,None 37.5%/Deep Climb 50%/Park 12.5%,Swerve,0,0.2857142857142857,0,0.2857142857142857,0,0,0,0.8571428571428571,2.571428571428571,Slow leave 12.5%/Moved a foot 12.5%/Nothing more than leave 12.5%/Just left start 12.5%/moved a couple feet from start 12.5%/ 25%/Went forward 12.5%,0,0.8571428571428571,"Extremely slow drive and inaccurate intaking of coral. Highly expect low rank due to poor cycling 12.5%/Very very very very very very very very unreliable coral collection. Tried 13 times and failed each time. Their grabber is the exact circumference of the coral. Seriously wouldn't recommend selecting. 12.5%/only ever played defense 12.5%/Didn't do much the whole match. Incredibly slow robot, at moving, moving elevator up and placing. Placing very inaccurate, tried cycles but never made it in. 12.5%/went straight to defense, was not very active on defense 12.5%/ 25%/had trouble with intake, slow 12.5%",0,0.2857142857142857,0.125,"able to climb, Priortity is climb rather than cycle times of algae and coral 12.5%/went early and took a longtime to deep climb 12.5%/Climb took 15ish sec to line up, started before 20 sec warning 12.5%/Deep climbed pretty quickly 12.5%/made it to deep cage with about twenty seconds left 12.5%/ 25%/attempt to but failed  12.5%",0,Doesn't do algae,0,0,0,0,0,0,0.2857142857142857,0,0,0
3,1425,Error Code Xero,,invalid field,3,Error Code Xero,1425,,invalid field,invalid field,invalid field,invalid field,46.5,invalid field,invalid field,8.875,0.25,8.625,0.875,0.125,Shallow Climb 11.11%/Deep Climb 33.33%/Park 33.33%/None 22.22%,Swerve,2.25,6.375,0.25,1,2,5.375,1,42.875,18.75,"was able to score on l4 con 11.11%/Attempted Net score 11.11%/ 22.22%/Auto was quick, placed twice on l4, and collected one coral from station 11.11%/3 CORAL AUTO!!!! 11.11%/so they missed a coral... 11.11%/Coral got stuck inside of bot 11.11%/Auto was just moving forward 11.11%",0,27.75,"able to score a lot even in autnomus mode  11.11%/11 coral cycles, Efficient, highly recommend for alliance selection ;) 11.11%/the best robot 11.11%/Cycles were fast, human feeding was reliable, placing was quick, and scored in barge 11.11%/I heard the safety captain is a really hot guy. His name was like Aarush or something 11.11%/they took a little bit of time to place just 2 coral 11.11%/I believe we encountered some technical issues however we bounced back with some great defense 11.11%/ 11.11%/Defense, and was really good and effective  11.11%",0,0.25,0,"able to deep climb  11.11%/Triple deep climb 11.11%/hit algae 11.11%/Climb was quick, and reliably cleared the ground with deep climb. This is a really good team! 11.11%/ 22.22%/climbed last minute, but we still carried 11.11%/parked 11.11%/Parked 11.11%",1,,2.125,0.125,0,0,3.25,1.875,1,0.25,0,0.125
4,1540,Flaming Chickens,,invalid field,4,Flaming Chickens,1540,,invalid field,invalid field,invalid field,invalid field,32.31428571428571,invalid field,invalid field,8.142857142857142,2,6.142857142857142,1.1428571428571428,0.42857142857142855,Park 25%/Deep Climb 50%/None 25%,Swerve,0.5714285714285714,5.571428571428571,1.7142857142857142,0.5714285714285714,2,1.8571428571428572,6.171428571428571,23.57142857142857,9.657142857142857,"got stuck on the reef, sble to free itself in teleop 12.5%/ 37.5%/MISSED 2 CORAL PLACEMENTS 12.5%/auto mode attempted to do two coral but intaked two and only shot one 12.5%/Decent auto 12.5%/Auto was just moving forward and removing algae 12.5%",0,22.657142857142855,"They have the ability to score higher than L1, but only scored L1 using their intake rather than their elevator grabber system. 12.5%/Kept trying to score algae in the net but kept missing  12.5%/PLACEMENT WAS QUITE SMOOTH AND VERY EFFICIENT. SATISFYING TO WATCH AND OBSERVE 12.5%/ 25%/great contributor with efficient coral placement 12.5%/specialized in algae this match with some attempts in coral that ultimately missed 12.5%/Teleop was quick and efficient, and was mostly l1, l2 and l3 placing. Had ground collect and fast transition into placing. 12.5%",0,0,0,Aggressive climb attempt 12.5%/ 37.5%/3 SECOND CLIMB TIME 12.5%/capable of deep climb 25%/Just parked 12.5%,1,,0.5714285714285714,0,0,0,1.2857142857142858,2,0.5714285714285714,1.7142857142857142,0.5714285714285714,0.42857142857142855
5,1595,The Dragons,,invalid field,5,The Dragons,1595,,invalid field,invalid field,invalid field,invalid field,10.799999999999999,invalid field,invalid field,3.142857142857143,2,1.1428571428571428,0.7142857142857142,0,Park 85.71%/Shallow Climb 14.29%,Swerve,0.14285714285714285,0.9999999999999999,0.2857142857142857,0.5714285714285714,0,0.2857142857142857,4.8,3.8571428571428563,4.9714285714285715,removed algae 28.57%/Their auto was really nothing. They just moved forward a little bit. 14.29%/did nothing  14.29%/starts in the center and drives straight out to the face closest to the barge 14.29%/ 14.29%/Only leave 14.29%,4.285714285714286,5.828571428571427,"was frozen for five secs 14.29%/at the begining they were just standing stil. Then they unfroze and then tried to score a coral but it was unsuccessful. They mainly focused on algae, they got 1 of and took a long time to score it p  14.29%/scored some processer but did awesome defense 14.29%/Aggressive defense... angry short people vibes 14.29%/Not sure they cAn score
Defense only 14.29%/inserted algae into the net 14.29%/Slow at coral, mostly good at algae 14.29%",0,0.42857142857142855,0,"parked 14.29%/For they endgame they finished with a  algae and then went to the barge and parked, could potentially climb? To small and inificent to be useful  14.29%/parked  14.29%/Attempted to deep climb... ended up parking 14.29%/ 14.29%/shallow climb 14.29%/try to climb but fail 14.29%",0,says they can possibly remove algae from reef in teleopbut unsure andL4 placement breaks their robot so not consistent,0,0,0,0.14285714285714285,0.2857142857142857,0,0.5714285714285714,0.14285714285714285,1,0
6,1844,The Eggineers,,invalid field,6,The Eggineers,1844,,invalid field,invalid field,invalid field,invalid field,10.685714285714283,invalid field,invalid field,1.857142857142857,0.2857142857142857,1.5714285714285714,0,0,Park 57.14%/Deep Climb 14.29%/None 28.57%,Swerve,0.5714285714285714,1,0.2857142857142857,0.14285714285714285,0,1.1428571428571428,0.6857142857142856,7.857142857142857,6.485714285714285,just moved out for auto  14.29%/this team was able to score on l4 and l3  14.29%/5 second pause before leave 14.29%/Moved a foot 14.29%/Left didn't dp anything aftwr 14.29%/only leave 14.29%/ 14.29%,0,4.199999999999999,"went straight to defense did a great job blocking coral from going to opposing team
 14.29%/scored some alage on the reef  14.29%/Defence, not super effective 14.29%/Literally just spun in circles the entire time 14.29%/excellent defense 14.29%/Ok at defense, 14.29%/ 14.29%",0,0.5714285714285714,0.14285714285714285,they play defense to the last second then parked 14.29%/able to deep climb  14.29%/In the way 14.29%/Still spinning  14.29%/parked 14.29%/Park 14.29%/ 14.29%,0,,0.5714285714285714,0,0,0,0.5714285714285714,0,0.14285714285714285,0.2857142857142857,0.14285714285714285,0
7,2374,Jesuit Robotics,,invalid field,7,Jesuit Robotics,2374,,invalid field,invalid field,invalid field,invalid field,43,invalid field,invalid field,8.285714285714285,0.2857142857142857,8,0.5714285714285714,0.14285714285714285,Park 71.43%/None 28.57%,Swerve,1,7,0,0.2857142857142857,1.8571428571428572,5.857142857142858,1.1428571428571428,39.28571428571429,9.285714285714285,"the autonomus mode of the robot was able to get coral on l3 and then got 1 alage in the reef  14.29%/1 coral auto, failed 14.29%/Single coral auto 14.29%/Placed on level four 14.29%/Decent auto mode with two coral 14.29%/Decent auto almost expired two 14.29%/Attempted lvl4 but missed 14.29%",0,33.714285714285715,"got 6 coral on l4 and one coral on  14.29%/about 70% reliable, moderately fast cycle time, and able to make algea in net, but unreliable 14.29%/Slow but reliable coral placement 14.29%/very tasty and efficient cycle times. Nevertheless cycle times could be greater because of small intake and robot is very slow when placing. Capable of removing algae with ease 14.29%/Extremely versatile with both a plethora of algae and coral capabilities 14.29%/efficient coral on level four 14.29%/Nonreliable intake 14.29%",0,0,0,"only able to park  14.29%/parked early, and wasted the rest of the time 14.29%/Kept scoring and swiped into park last minute 14.29%/parked at last moment 14.29%/failed to park however were very contributing in teams of algae and coral 14.29%/parked 14.29%/Robots in the way 14.29%",1,Net scoring is unpreferable and they are practing knocking algae off in practice field so unsure about consistency,0.7142857142857143,0,0.2857142857142857,0,5.142857142857143,1.8571428571428572,0,0,0,0.14285714285714285
8,2471,Team Mean Machine,,invalid field,8,Team Mean Machine,2471,,invalid field,invalid field,invalid field,invalid field,43.125,invalid field,invalid field,8.625,0.5,8.125,1.875,0.25,Shallow Climb 25%/None 25%/Park 25%/Deep Climb 25%,Swerve,1.5,6.625,0.25,0.5,2.75,4.625,2,38.875,12.875,was able to score a lot on l3 and l4  12.5%/ 25%/Missed one coral 12.5%/in the start the coral fell out so they had To go straight to the source and then place one level four coral 12.5%/removed algae from the station 12.5%/Great auto but last coral was missed 12.5%/left the start zone and attempted to score on L4 coral. 12.5%,0,30.25,"in the teleop mode the robot was able to score a lot 12.5%/misses places 12.5%/Could collect from ground and station, a coral got stuck in it so they switched to doing the algae 12.5%/missed 4 coral on L4,not fully accurate  12.5%/coral collect on the robot was a little clunky coral could fall out. but it placed on all the levels fast and reliably  12.5%/defended 12.5%/great and efficient cycle times 12.5%/very inconsistent with scoring on L4 coral, but good at scoring on L3 and removing algae. 12.5%",0,0.125,0,able to shallow climb  12.5%/Tried climb but but touching ground 12.5%/Had a ball in it so couldn't climb 12.5%/deep cage 12.5%/missed a coral and made it late for park 12.5%/shallow climbed 12.5%/Capable of deep climb 12.5%/attempted to climb but wasn't able to. 12.5%,1,Really cool,1.25,0,0.125,0.125,3.375,2.75,0.375,0.125,0,0.25
9,2521,SERT,,invalid field,9,SERT,2521,,invalid field,invalid field,invalid field,invalid field,53.51428571428572,invalid field,invalid field,12.857142857142858,0.5714285714285714,12.285714285714286,0,0,None 42.86%/Park 57.14%,Swerve,2.4285714285714284,9.857142857142858,3,2.2857142857142856,2.2857142857142856,4.7142857142857135,1.3714285714285712,50.42857142857143,19.400000000000002,"L4,Missed L1 causing the miss of another cycle 14.29%/Scored their first coral station collected 2 more coral, attempted L1 twice missed both times 14.29%/Station collected twice but dropped the last one 14.29%/No auto 14.29%/Really good, quick reliable placing, and scored 3 on l4 comfortably 14.29%/Auto was really smooth and fast, and scored 3 coral 14.29%/Did good in auto with scoring corals in L4 14.29%",0.8571428571428571,34.114285714285714,"Fast cycles, alage removal and coral placement 14.29%/they are a very good coral robot, was able to score on all levels. Good station collect and were able to place Coistently. Would recommend. 14.29%/Their coral wasn't working so they switched to algae bit could only process 14.29%/very good at level one 14.29%/Really good, quick cycle time and highly reliable station collect. Placed 3 on l4, 5 on l3,3 on l2, and 2 on l1. Has good ground collect for l1 as well, being able to score on all 4 levels 14.29%/Teleop was half ground collect and half direct station collect. Scored reliably on L1 5 times, and scored twice on l3. Placing was relatively reliable 14.29%/scored a lot of L4 and the L3 14.29%",0,0,0,"Did not attempt barge park 14.29%/did not try to park or climb, only kept scoring 14.29%/ 14.29%/went to park 14.29%/Didn't climb or park, tried to place another coral 14.29%/Just parked 14.29%/Tried to score in the L3 but was out of time   14.29%",1,They have a 3.5 note where they place 3 and collect one. They have a passive mechanism to knock algae. ,2.4285714285714284,0,0,0,2.2857142857142856,2.2857142857142856,2.2857142857142856,3,0.2857142857142857,0
10,2550,Skynet,,invalid field,10,Skynet,2550,,invalid field,invalid field,invalid field,invalid field,21.228571428571428,invalid field,invalid field,5,2,3,0.2857142857142857,0,None 28.57%/Park 28.57%/Deep Climb 42.86%,Swerve,0.5714285714285714,2.4285714285714284,0.42857142857142855,0,0,2.571428571428571,4.8,14.714285714285714,7.542857142857143,"scored a lot on level 4 coral (1540) 14.29%/Attempted L4 14.29%/scored in the L4. Tried to get from the source but was unable to 14.29%/No auto at all 14.29%/Auto was just leaving and trying to place L4, but missed. Mechanism looked somewhat smooth 14.29%/Missed all 14.29%/Not accurate auto 14.29%",0,13.685714285714285,"got stuck in the reef for some seconds then got unstuck  14.29%/Multiple missed L4 14.29%/Scored a lot of point in the L4. Sometimes fumbled while collecting form the source and was slow to collect 14.29%/Very slow and unreliable L4, robot is spindly and placement is manual 14.29%/Teleop was mostly placing algae in the processor, and can only collect ground algae, but collecting and placing mechanism for it wasn't very reliable. Scored 1 in red processor, and 2 in the blue proc 14.29%/very slow collecting and placing coral, no algae 14.29%/relentless in coral placement however extremely inaccurate because of mechanism that holds coral 14.29%",0,0,0,"did not climb or park  14.29%/Missed deep cage climb, missed connection 14.29%/It deep climbed but take a long time 14.29%/Climb worked well but they took probably 10 sec just to line up 14.29%/Just parked, maybe was going to climb, but time ran out. 14.29%/parked 14.29%/capable of deep climb 14.29%",0,"Approx. 30sec climb time, pneumatics",0.42857142857142855,0,0,0.14285714285714285,2.142857142857143,0,0,0.2857142857142857,1,0
11,2733,Pigmice,,invalid field,11,Pigmice,2733,,invalid field,invalid field,invalid field,invalid field,26.285714285714285,invalid field,invalid field,5.285714285714286,0,5.285714285714286,0.7142857142857142,0,None 42.86%/Park 57.14%,Swerve,0.14285714285714285,5.142857142857142,0,0.2857142857142857,2,3,0,24.142857142857142,3.142857142857143,"Auto was just leaving, and attempting to place one coral on l4, which missed 14.29%/left the start zone and attempted to score. 14.29%/For auto went forward,then placed a coral, it barely missed going in.1 coral 14.29%/no auto 14.29%/No auto at all 14.29%/Didn't do anything but move 14.29%/got one Level 4 14.29%",0.5714285714285714,23.142857142857142,"Cycle time was slow, as human feeding/station collecting was highly unreliable. Placing was wobbly, manual, and unreliable. Had an innovative collecting and placing mechanism however. 14.29%/good at scoring coral and worked quickly and efficiently. 14.29%/Had algae capability, but focused the coral, they took 10-15 seconds per cycle. They took a lot of time to get coral from the Coral station ad it took time for them place the coral without missing it. 14.29%/took lots of time for each cycle 14.29%/L4 scoring is unreliable, tended to drop coral when manual alignment wasn't 100% perfect 14.29%/station collected pretty quick but took a while to line it up 14.29%/had trouble lining up for level 4 coral. coral fell out of intake. coral placement was slow 14.29%",0,0,0,"Didn't do anything, tried to place 14.29%/kept scoring coral throughout endgame. 14.29%/Tried to keep scoring but were to slow to score, attempted to park but did not. Climb, maybe? 14.29%/rushed to park last second 14.29%/Scored an extra L3, parked at the very last second 14.29%/ 14.29%/dashed to park in the last seconds 14.29%",1,"L1 scoring inconsistent, unsure if they can score in net and algae ""intake"" Method is not traditional ask suhaani",0.14285714285714285,0,0,0,2.857142857142857,2,0.2857142857142857,0,0,0
12,2811,StormBots,,invalid field,12,StormBots,2811,,invalid field,invalid field,invalid field,invalid field,47.59285714285714,invalid field,invalid field,10.071428571428571,0.5,9.571428571428571,0.5,0.42857142857142855,Deep Climb 44.44%/Shallow Climb 11.11%/None 33.33%/Park 11.11%,Swerve,1.5714285714285716,8,0.6428571428571428,1.1428571428571428,2.25,5.535714285714286,1.2,44.25,12.742857142857142,"attempted three coral auto made the first missed second and collected and got close to the last coral on 11.11%/the robot was able to score on level 3 and level 4  11.11%/Good auto missed first L4 station collected twice and if they had 2 more seconds they would have scored another coral 11.11%/Seemed that they weren't aligned at the start so both coral missed 11.11%/After auto they had 1 coral ready in robot, accurate auto 11.11%/2 coral L4 (If successful) 11.11%/Fast auto, didn't miss anything it tried 11.11%/ 11.11%/did extremly well scored 1 coral in the L4 11.11%",0.25,34.85,"just did level four coral missed collecting from the source a few times almost fell 11.11%/when the robot was in teleop they had same amount on l3 and l4m  11.11%/okay algae were able to remove fast but it took a lot of time to score in the processor their coral was pretty good, they were able to station collect fast, they were consistent at scoring coral, medi 11.11%/ 22.22%/very accurate when they auto align,  11.11%/good cycles, not the fastest 11.11%/Fast cycles on all levels 11.11%/scored a lot of corals in l4 and l3 11.11%",0,0,0,"climbed deep in under fifteen seconds. 11.11%/was able to shallow climb  11.11%/was able to deep climb, very fast 11.11%/ 22.22%/Deep cage 11.11%/Attempted deep climb 11.11%/Not 100% that it deep climbed, might have just been park 11.11%/climbed the deep cage 11.11%",1,"can score L1 but take a long time, 12 coral cycles and 3 algae, robots name is skipper",1.2857142857142858,0,0.14285714285714285,0.14285714285714285,4.25,2.25,1,0.5,0.25,0
13,2915,Pandamonium,,invalid field,13,Pandamonium,2915,,invalid field,invalid field,invalid field,invalid field,6.571428571428571,invalid field,invalid field,0.8571428571428571,0,0.8571428571428571,0,0,Park 62.5%/None 37.5%,Swerve,0,0.8571428571428571,0,0.2857142857142857,0.14285714285714285,0.42857142857142855,0,3.5714285714285716,3,tried to do the coral in auto but was not able to  12.5%/left the start zone but didn't make an effort to score. 12.5%/Just left 12.5%/stopped in auto 12.5%/left 12.5%/ 25%/just leave 12.5%,6.428571428571429,3.5714285714285716,"did comparatavely well but only scored 2 teleop point  12.5%/couldn't grab coral peices or score them on the reef, so it went to the other side to play defense. 12.5%/Not a very good bot. Unable to hold coral or place it accurately. Very bad coral holding system, slight movement dislodges and elevator is incredibly slow. Tried placing in L2 and 3 all match but fail 12.5%/played defense for the start and then stopped 12.5%/defence, temporary disabled for ~45 sec 12.5%/ 25%/really slow at coral, missed 3 L4, if you bump into them while they try to place the lose the coral 12.5%",0,0.5714285714285714,0,"parked, tried to climb but did not have enough time 12.5%/attempted to climb but didn't succeed. 12.5%/ 50%/E stop 12.5%/park 12.5%",0,,0,0,0,0,0.42857142857142855,0.14285714285714285,0.2857142857142857,0,0,0
14,3024,My Favorite Team,,invalid field,14,My Favorite Team,3024,,invalid field,invalid field,invalid field,invalid field,17.275,invalid field,invalid field,4.375,3.25,1.125,2.875,1.125,Deep Climb 50%/None 25%/Park 25%,Swerve,0.125,1,0.5,0.25,0.125,0.25,11.4,3.625,8.325,"no auto 12.5%/didn't move during auto 12.5%/Launched coral at L4 height into L.. Idk 12.5%/MISSED L4 CORAL... EXTREMELY SLOW ELEVATOR 12.5%/only left 12.5%/Moved forward, and tried to shoot out coral from 3 feet away, and missed, looked wobbly. 12.5%/ 25%",10.25,8.95,"Missed processes, very slow with algae, no cycles of coral 12.5%/wandered around for twenty seconds then removed two alg then didn't move for the rest of the game 12.5%/Multiple algae cycles 12.5%/ 25%/algae removal and coral score, eh overall ok 12.5%/Consisted of removing algae (4), and placing it in the barge (placed 3/4 algae collected), however cycle time looked slow between reef collecting and placing in the barge, and looked wobbly as well. 12.5%/inconsistent with scoring on the reef, had a hard time scoring coral on the reef. 12.5%",0,0.125,0,"climbs pretty fast 12.5%/ 25%/Looked like attempted deep climb, no visible climber 12.5%/SUCCESSFUL DEEP CLIMB... THEN FELL 12.5%/high deep age climb 12.5%/Climbed deep cage, but didn't make it in time. 12.5%/Good at climbing and was stable. 12.5%",0,"auto alignment for score/ball, pink string used to keep algae intake within the perimeter at the start of match... Untested autos Intentionally loose chain to reduce vibrations",0,0,0,0.125,0.25,0.125,0.25,0.375,0.5,1.125
15,3636,Generals,,invalid field,15,Generals,3636,,invalid field,invalid field,invalid field,invalid field,62.571428571428555,invalid field,invalid field,13.142857142857142,1.1428571428571428,12,1.2857142857142856,0.5714285714285714,None 75%/Park 25%,Swerve,1.1428571428571428,10.857142857142858,0.7142857142857142,0.8571428571428571,2.7142857142857144,7.7142857142857135,4.571428571428571,55.428571428571416,11.714285714285712,"attempted and fail a level four then made a level four. 12.5%/2 coral auto, only got one 12.5%/ 25%/Not reliable, just got 1 coral out of 4 on l4, but the rest fell to l1 12.5%/Possible 3 coral auto, slow intake time (Human error) 12.5%/Great auto with one level four 12.5%/Missed all 3 coral 12.5%",0,50.85714285714285,"missed another level four then consistently made coral where ever needed 12.5%/really fast cycle time, really reliable coral placement and net placement. 12.5%/Missed L3 every time 12.5%/the have a really fast cycle time, and sometimes knocks off an algea 12.5%/Fast L4-2 cycles, barge score. Winner of Clackamas event, highly recommend 12.5%/Very tasty cycle times however at times coral placement accuracy was questionable 12.5%/ 12.5%/fast at cycles, and accurate  12.5%",0,0,0,"instead of parking they tried to stay to get the coral ranking 12.5%/just kept scoring algea 12.5%/didn't try climbing 12.5%/Kept scoring coral 12.5%/None 12.5%/parked at last moment 12.5%/ 12.5%/hit a robot that was climbed, parked 12.5%",1,said they have a 3.5 auto and score algae in barge during auto,0.8571428571428571,0,0,0.2857142857142857,6.857142857142857,2.7142857142857144,0.8571428571428571,0.42857142857142855,0,0.5714285714285714
16,3673,C.Y.B.O.R.G. Seagulls,,invalid field,16,C.Y.B.O.R.G. Seagulls,3673,,invalid field,invalid field,invalid field,invalid field,18.428571428571427,invalid field,invalid field,4.857142857142857,0.5714285714285714,4.285714285714286,2,0.2857142857142857,Deep Climb 12.5%/Park 37.5%/Shallow Climb 12.5%/None 37.5%,Swerve,0.42857142857142855,3.8571428571428568,1.2857142857142856,1.4285714285714286,1.5714285714285714,0,2.2857142857142856,13.57142857142857,5,"n/a 12.5%/Just moved forward 12.5%/Attempted to score L0, failed 12.5%/Scored l1 then sounded in a singular circle 12.5%/Was able to get a lot of coral in the amount of time  12.5%/did one level one slowly 12.5%/went for one l1 and succeeded  12.5%/ 12.5%",1.5714285714285714,13.428571428571427,"good at l2 bad at others  12.5%/Their telop could be good, they were able to remove a algae, station collect fast and move decently. They did struggle though with placing coral, they were sussucful less than half the times and L1, L 12.5%/Alignment to reef appears manual and is very slow and tedious. Even a small bump by a partner required a total reset. 12.5%/tried to do coral, but there was heavy defense from blue 12.5%/was able to drive really fast  12.5%/missed the first level one coral but then slowly did more level one and two twos. 12.5%/very slow but reliable auto 12.5%/ 12.5%",0,0,0,"good, attempted and succeeded  12.5%/they tried to continue scoring, but then did not try and climb, may not be able to climb 12.5%/Tried to get in one last coral, abandoned effort with no time to attempt climb 12.5%/parked just in time after clearing algea 12.5%/Was able to shallow climb and was the 1st to do it  12.5%/Froze at the last ten seconds and didn't park 12.5%/kept scoring 12.5%/ 12.5%",0,"Consistent L1 auto, first time swerve, 11-13 coral per match, experienced DT, can play defense, ",0,0,0,0.42857142857142855,0,1.5714285714285714,1.4285714285714286,0.8571428571428571,0,0.2857142857142857
17,3674,CloverBots,,invalid field,17,CloverBots,3674,,invalid field,invalid field,invalid field,invalid field,45.71428571428571,invalid field,invalid field,9.857142857142858,0,9.857142857142858,0.8571428571428571,0,Deep Climb 50%/Park 25%/None 25%,Swerve,1.2857142857142856,8.571428571428571,0.2857142857142857,2.2857142857142856,3.142857142857143,4.142857142857142,0,43.14285714285714,11," 37.5%/missed two note auto 12.5%/Auto was swift, scored one coral on l4, collected from station and scored that too. Almost scored 3 coral on l4, really good automode. 12.5%/Almost had a three coral auto 12.5%/was 3 coral but  only made 1 12.5%/Auto was pretty quick, and scored one coral on l4, 12.5%",0,34.71428571428571,"Very reliable scoring coral 12.5%/had really good l3 also was really good st geffjng algsi 12.5%/ 25%/Ran coral cycles the whole time, really efficient, station collect was quick, and placed reliably on l4, and l3, as well as l2. Placing mechanism was innovative and fast/reliable. 12.5%/relentless in coral placement with an abundance of coral on the reef 12.5%/missed some coral for L4  12.5%/Had quick cycle time, scored 9 coral, 5 on l3 and 4 on l2. Had reliable station collect and quick placing.  12.5%",0,0,0," 37.5%/scored two more l4then parked 12.5%/Climbed somewhat early, and quick for deep climb, and cleared ground easily 12.5%/parked successfully 12.5%/climbed fast 12.5%/Did deep climb in around 5-6 seconds, but didn't count as teammate came in at the last second and hit them,  12.5%",1,L1 scoring is inconsistent rest are consistent,1.1428571428571428,0,0,0.14285714285714285,3,3.142857142857143,2.2857142857142856,0.14285714285714285,0,0
18,4043,NerdHerd,,invalid field,18,NerdHerd,4043,,invalid field,invalid field,invalid field,invalid field,51.28571428571429,invalid field,invalid field,10,0,10,0.5714285714285714,0,Deep Climb 71.43%/Shallow Climb 14.29%/Park 14.29%,Swerve,2,8,0.7142857142857142,0.5714285714285714,1,7.7142857142857135,0,49.57142857142858,15.142857142857142,"Removed algae as they moved up to place, ran 2 algae cycles 14.29%/decent auto, missed levels 14.29%/Missed auto. Review vids. Left start 14.29%/Was able to score a lot on 4 14.29%/scored 1 coral in L4, took another coral from the source 14.29%/Auto was good, placed one coral on L4, collected one from the station, but missed the second l4 place. 14.29%/Decent auto 14.29%",0,36.142857142857146,"Really fast robot, very accurate and able to place on l2-l4 very consistently. Ran multiple cycles and continued to place and collect 14.29%/Multiple missed coral. Final score 179 14.29%/Ran fast and consistent cycles, missed on L4 frequently but not that bad. Speedy bot and fairly accurate. Had problems with placing 14.29%/Had trouble getting coral on level 3  14.29%/Scored a lot of corals in L4, somethimes those coral fell into L1 14.29%/Cycles were relatively quick, human feeding and station collect was pretty reliable, placed 5 on l4, 2 on l3, and 1 unintentionally on L1. However, placing was shaky and took a little time to position 14.29%/relentless with accurate coral placement and kinda carried the team 14.29%",0,0,0,"Climbed deep climb 14.29%/Effficient climb, slow start tho 14.29%/Deep climbed at the end with all alliance members climbed. All 3 red robots climbed deep 14.29%/Robot was able to deep climb for 6643 14.29%/Deep climbed 14.29%/Positioned, and climbed swiftly 14.29%/parked 14.29%",1,"8sec total climb time, 8 sec cycle time, ",1.8571428571428572,0,0,0.14285714285714285,5.857142857142857,1,0.5714285714285714,0.5714285714285714,0,0
19,4488,Shockwave,,invalid field,19,Shockwave,4488,,invalid field,invalid field,invalid field,invalid field,27.142857142857142,invalid field,invalid field,5.285714285714286,0,5.285714285714286,0.42857142857142855,0,Park 71.43%/Deep Climb 28.57%,Swerve,0.42857142857142855,4.857142857142857,0.14285714285714285,0.5714285714285714,0.7142857142857143,3.8571428571428568,0,25,5.142857142857142,"left the start zone, scored coral and went to the station to collect another piece but ran out of time. 14.29%/Attempted L1 14.29%/Went for level four but ultimately missed 14.29%/1 coral and collect 14.29%/ 14.29%/did nothong 14.29%/Rotated and aligned for auto score, no elevator function 14.29%",12.714285714285714,22,"very consistent in scoring coral on L4. 14.29%/Slow cycle times, Possible manual coral placement 14.29%/amazing and pretty satisfying level for placement but cycle times are very slow because of small intake preventing fastest cycle times 14.29%/Fairly reliable coral scoring in all levels 14.29%/A little slow to collect algae 14.29%/Walked around and then froze 14.29%/Good algae removal and coral score, no consistent with cycle times 14.29%",0,0.14285714285714285,0,"attempted to climb but wasn't able to. 14.29%/Love the rainbow, quick park 14.29%/parked 14.29%/ 14.29%/Climbed fairly easily 14.29%/parked  14.29%/Climb ability, missed climb oppurtunity 14.29%",1,,0.42857142857142855,0,0,0,3.4285714285714284,0.7142857142857143,0.5714285714285714,0.14285714285714285,0,0
20,4662,Byte Sized Robotics,,invalid field,20,Byte Sized Robotics,4662,,invalid field,invalid field,invalid field,invalid field,20.57142857142857,invalid field,invalid field,3.8571428571428568,0,3.8571428571428568,0.7142857142857143,0,None 71.43%/Park 28.57%,Swerve,0,3.8571428571428568,0,0.14285714285714285,0.5714285714285714,3.142857142857143,0,18.428571428571427,2.142857142857143,"leave 14.29%/didn't move during auto 14.29%/Auto was set up wrong, went toward edge of field 14.29%/had a coral but did nothing with it 14.29%/ 14.29%/nothing special 14.29%/got out of the way from 2471 14.29%",0,18.428571428571427,"slow at coral, takes a long time to place 14.29%/had trouble getting level four coral but did it slowly. removed one alg ant then did two level threes pretty easly 14.29%/Slow but fairly consistent scoring coral 14.29%/Scored all the coral in L4 and did it good. But the source  collecting takes time. 14.29%/ 14.29%/coral stuck in bot with 50 sec left 14.29%/very slow at coral and algae 14.29%",0,0,0.14285714285714285,no park or climb 14.29%/Parked in the last seconds 14.29%/ 28.57%/tried to score in the reef but were unable to  14.29%/no park 14.29%/park 14.29%,0,"Max 5 coral and 1 algae in match, 25 cycle time, ",0,0,0,0,3.142857142857143,0.5714285714285714,0.14285714285714285,0,0,0
21,4692,Metal Mallards,,invalid field,21,Metal Mallards,4692,,invalid field,invalid field,invalid field,invalid field,37.57142857142857,invalid field,invalid field,6.857142857142857,0,6.857142857142857,0.5714285714285714,0,None 71.43%/Deep Climb 14.29%/Park 14.29%,Swerve,1.2857142857142856,5.571428571428571,0,0.42857142857142855,1,5.428571428571429,0,35,11.285714285714285,"Auto missed the L4 placement 14.29%/one note auto 14.29%/Auto is simple, after scoring by driving straight forwar, they spin back to prime for teleop. 14.29%/Slowly did one level four didn't even make it to station before auto ended 14.29%/moved slowly got one level 4 coral 14.29%/the robot mostly scored on level 4 but also on level 4 14.29%/slow but accurate  14.29%",0,26.28571428571429," 14.29%/good l4 but slow 14.29%/Is very wobbly at L4 height. And they like to extend immediately after collecting and drive like that, they nearly tipped over a couple of times. 14.29%/slowly did five level four corals and almost fell ovr 14.29%/slow to aline to place but never missed out of the 7 coral placed 14.29%/did not procress the algae none did on red alliance  14.29%/slow, takes a while to line up to place coral 14.29%",0,0,0,didn't attempt climb 14.29%/no park 14.29%/Tried to get in one last L4 instead of parking or climbing. I think it missed? 14.29%/Left no time to park  14.29%/no time to park 14.29%/able to deep climb and was able to climb  14.29%/did not make attempt 14.29%,0,,1,0.2857142857142857,0,0,4.428571428571429,0.7142857142857143,0.42857142857142855,0,0,0
22,5468,Chaos Theory,,invalid field,22,Chaos Theory,5468,,invalid field,invalid field,invalid field,invalid field,62.57142857142857,invalid field,invalid field,13.571428571428573,0,13.571428571428573,0.5714285714285714,0,Deep Climb 71.43%/Shallow Climb 28.57%,Swerve,1.857142857142857,11.714285714285715,0.14285714285714285,3.2857142857142856,4,6.142857142857143,0,60.42857142857143,14.571428571428571, 14.29%/during the robot auto the robot was able to score on L1 and L2  14.29%/Moved to the collection station but didn't get anything 14.29%/When trying to collect the source position was off 14.29%/2 coral auto 14.29%/3 l4 coral auto 14.29%/Great three coral auto 14.29%,0,48,"Consistent coral scoring 14.29%/was able to  14.29%/super speedy with the coral 14.29%/really fast and very accurate  14.29%/Fast cycles, one of the best robots I've seen, highly recommend 14.29%/ scored 13 coral on all levels, very fast and reliable. Strongly recommended  selecting for alience 14.29%/super satisfying cycles that were very efficient 14.29%",0,0,0, 28.57%/easily climbed 14.29%/fast climb 14.29%/Deep cage 14.29%/deep climbed quickly 14.29%/climbed with deep climb 14.29%,1,"7s cycle, 15s climb time, extremely accomadative auto!!! L1 not as reliable, robust elevator, experienced DT, ",1.7142857142857142,0,0,0.14285714285714285,4.428571428571429,4,3.2857142857142856,0,0,0
23,5970,Beavertronics,,invalid field,23,Beavertronics,5970,,invalid field,invalid field,invalid field,invalid field,5.428571428571428,invalid field,invalid field,1,0,1,0.14285714285714285,0,None 37.5%/Park 37.5%/Deep Climb 25%,Tank,0.42857142857142855,0.5714285714285714,0.8571428571428571,0,0,0.14285714285714285,0,2.8571428571428568,3.8571428571428568,Left 12.5%/ 37.5%/only scored on the L1 12.5%/Consisted of slowly moving forward and placing on L1 12.5%/Moved 12.5%/went forward  12.5%,9.285714285714286,1.5714285714285712,"Defended poorly against our alliance 12.5%/ 25%/Lowk fire defense 12.5%/Only played defense during the while match 12.5%/Had somewhat reliable L1 placing (3), however cycle time was slow 12.5%/Got coral stuck 12.5%/frozen till 50 seconds left of teleop 12.5%",0,0.5714285714285714,0,"No park 12.5%/STRUGGLED TO CATCH ONTO THE CAGE FOR DEEP CLIMB 12.5%/Grabbed the chain thing but couldn't pull up 12.5%/deep climbed 12.5%/Tried grabbing onto the cage, not sure if they were trying to climb or not, parked. 12.5%/climbed 12.5%/ 12.5%/attempt to climb  12.5%",0,"""deep is really reliable""",0,0,0,0.42857142857142855,0.14285714285714285,0,0,0.42857142857142855,0,0
24,5975,Beta Blues,,invalid field,24,Beta Blues,5975,,invalid field,invalid field,invalid field,invalid field,5,invalid field,invalid field,1,0,1,0,0,Park 62.5%/None 37.5%,Swerve,0,1,1,0,0,0,0,2,3,"They left but didn't do anything after that 12.5%/ 50%/Left start, didn't do anything else 12.5%/Moved forward 2 feet 12.5%/Auto was just them moving 3 feet with no preloaded coral 12.5%",0,2,"they only scored one in l1 so poor performance  12.5%/looks like they are only able to score on L1 12.5%/Didn't do much the entire match. Grabbed coral from station twice and tried to place in L1 but failed. Very slow bot, wandered aimlessly around the field and seemed very confused. Constantly in way 12.5%/DNP 12.5%/Played really good defense, knocked a robot over, and parked at the 1 minute mark and e stoped 12.5%/They moved around in circles a lot, and barely collected any coral (3), tried to place L1 but missed and didn't score anything. Highly unreliable. 12.5%/ 25%",0.125,0.125,0,"climbed but didn't quite make it 12.5%/ 12.5%/Parked at the end 12.5%/Failed climb 12.5%/parked at the 1 minute mark and e stoped 12.5%/Parked, and didn't attempt to climb 12.5%/BEGAN CLIMBING AT 45 SECONDS 12.5%/35 SECOND CLIMBING TIME 12.5%",0,"pneumatics, first time swerve, ",0,0,0,0,0,0,0,1,0,0
25,6343,Steel Ridge,,invalid field,25,Steel Ridge,6343,,invalid field,invalid field,invalid field,invalid field,32.57142857142857,invalid field,invalid field,6.053571428571429,0,6.053571428571429,0.8571428571428571,0,None 62.5%/Park 37.5%,Swerve,0.625,5.428571428571429,0,0.14285714285714285,1.2857142857142858,4.625,0,29.94642857142857,7,"Attempted to score preloaded on L4 but missed, grabbed coral from a lollipop with ground intake, attempted L4 but missed 12.5%/Missed coral 12.5%/Auto moves a bit slow. Nothing spectacular 12.5%/Nothing special about their auto 12.5%/Decent auto mode with one coral 12.5%/moved  then when straight to defense 12.5%/ 12.5%/Auto mode was efficient 12.5%",0,25.57142857142857,"Ran consistent L4 cycles, always grabbed from station, sometimes tried ground but inaccurate, great at placing L4, not very accurate or good at lower levels. Fast cycle times 12.5%/inacurrate with placing  12.5%/Station collect is very unreliable. would spit out 2 or 3 coral in a row before reverting to ground collect. Ground collect and L4 scoring are pretty reliable though. 12.5%/Maybe the station collection spitting is intentional? So they can just ground collect quickly? 12.5%/very versatile and arguably underrated with efficient coral scoring 12.5%/when straight to defense was semi effective on defense  12.5%/ 12.5%/Great and efficient cycles. Loved to see that although coral placement accuracy was a bit shaky at times 12.5%",0,0.14285714285714285,0,"Continued to try placing coral on reef 12.5%/no attempt to climb 12.5%/Prioritized scoring, missed last L4 and wound up running out of time to park. 12.5%/Parked at last second. Managed to avoid smashing into us as we climbed which was good 12.5%/failed to park 12.5%/went to park with time to spare 12.5%/ 12.5%/parked at least moment 12.5%",1,,0.625,0,0,0,4,1.2857142857142858,0.14285714285714285,0,0,0
26,6443,AEMBOT,,invalid field,26,AEMBOT,6443,,invalid field,invalid field,invalid field,invalid field,27.875,invalid field,invalid field,6.25,0,6.25,0.125,0,Park 62.5%/Deep Climb 37.5%,Swerve,0.375,5.875,1.625,1,0.25,3.375,0,24.875,5.625,"Missed auto because flag waving but I know they left start 12.5%/Left and prepared for l4 score 12.5%/auto was pretty accurate  12.5%/Attempted a second L4 but missed as scoring depends on location of coral within their grabber. 12.5%/Both L4 auto attempts failed 12.5%/ 12.5%/moved a foot 12.5%/Auto was quick, placed one on l4, and collected one coral from station. 12.5%",0,22.25,"Scored consistently and well on L2, good speedy bot and able to score well. Continued to run only L2 cycles all matches 12.5%/Coral collection was not consistant, needs to be perfectly straight to score l4 12.5%/slow at placing coral, no algae 12.5%/Appeared to have issues with telescoping arm, couldn't get anything done. never attempted defense either before climbing. 12.5%/Scoring was improved from last match. Because of the design of their grabber, if a coral goes in at any slightly bad angle the only thing they can hope to do with it is L1. 12.5%/MANUAL PLACEMENT... MISSED A HANDFUL OF CORAL 12.5%/very slow but reliable coral scoring 12.5%/Teleop was quick, had efficient station collect, placed 1-2 coral on each level, and removed one algae. 12.5%",0,0,0,"Tried deep climb but failed 12.5%/ 25%/Late climb but made it 12.5%/Climb worked 12.5%/Ran out of time to climb 12.5%/deep climbed early took along time 12.5%/Just parked, but attempted to climb 12.5%",1,"7-10s cycle, 12 sec climb time, looks like Thora hammer, experienced DT, ",0.375,0,0,0,3,0.25,1,1.625,0,0
27,6696,Cardinal Dynamics,,invalid field,27,Cardinal Dynamics,6696,,invalid field,invalid field,invalid field,invalid field,52.285714285714285,invalid field,invalid field,11.571428571428571,5.142857142857143,6.428571428571429,2.857142857142857,2.5714285714285716,Park 66.67%/None 33.33%,Swerve,0.7142857142857143,5.714285714285714,0,0.8571428571428571,2.2857142857142856,3.285714285714286,20.571428571428573,29.57142857142857,17.42857142857143,"Decent auto with one coral 11.11%/Attempted station collect, and got 1 coral 11.11%/did not to that good wasn't fast enough 11.11%/ 33.33%/Got a coral on and got another one but missed 11.11%/Leave, missed the coral  11.11%/Left start zone and placed one in L4 11.11%",0,34.857142857142854,"very well rounded robot as it is extremely capable of scoring in barge with eight percent success rate and can also consistently score coral 11.11%/for telop they first focused algae on the reef can not ground collect algae, were able to score on net. Could also score coral good, could station collect fast and were okay at placing them 11.11%/It did good in the start but fumbled and stopped at the end 11.11%/ 33.33%/Could basically do everything well 11.11%/very accurate for 4-2 11.11%/Really fast and accurate bot, able to run multiple cycles quickly and score on at least L2-L4. Seemed a little lost for a bit but also able to remove algae. Not sure if it can score though 11.11%",0,0,0,parked 11.11%/just parked no attempt to climb. 11.11%/Got stuck while getting from the source 11.11%/ 44.44%/park 11.11%/Parked at the last second. Good speed 11.11%,1,,0.7142857142857143,0,0,0,2.5714285714285716,2.2857142857142856,0.8571428571428571,0,0,2.5714285714285716
28,6831,A-05 Annex,,invalid field,28,A-05 Annex,6831,,invalid field,invalid field,invalid field,invalid field,18.857142857142858,invalid field,invalid field,5,0,5,1.7142857142857144,0,Park 50%/None 50%,Swerve,0.2857142857142857,4.714285714285714,1.1428571428571428,1.2857142857142858,2.5714285714285716,0,0,16.714285714285715,3,scored one level one coral then wandered around 12.5%/Only moved to the coral 12.5%/ 37.5%/Tried removing algae? 12.5%/Did well 12.5%/Auto has removing an algae a little late 12.5%,2.857142857142857,15.857142857142858,"almost fell over attempted to removed all before successfully removing 12.5%/mainly just level 3 12.5%/Tipped over lol at 1 minute and 40 seconds left  12.5%/Defended 10sec, stuck on algae 12.5%/missed one l2 and l3 12.5%/consistent 12.5%/ 12.5%/great level one placement but intake was a little confusing for human player because coral kept falling out 12.5%",0.125,0,0,park at the last minute 12.5%/ 37.5%/attempted park. missed cycle 12.5%/Park 12.5%/No attempt 12.5%/parked 12.5%,1,"7s cycle, can play defense, experienced DT",0,0,0,0.2857142857142857,0,2.5714285714285716,1.2857142857142858,0.8571428571428571,0,0
29,753,High Desert Droids,,invalid field,29,High Desert Droids,753,,invalid field,invalid field,invalid field,invalid field,26.700000000000003,invalid field,invalid field,5.375,0.5,4.875,1.25,0,Park 55.56%/Deep Climb 33.33%/None 11.11%,Swerve,0.375,4.5,0.25,0.25,1,3.375,1.2,22.875,5.475,"They moved around sporadically for a short period of time, then A-stopped. 11.11%/their auto was okay, the attempted to score a coral but were unsucesful 11.11%/the robot was able to score on l3 and l2  11.11%/Attempted L4, failed 11.11%/placed a coral to the L4  11.11%/did a little move forward  11.11%/Not the most accurate auto mode 11.11%/their auto was boring they just moved forward and that was it. 11.11%/ 11.11%",0,21.225,"Cycles were solid and somewhat efficient, their collecting was relatively reliable, and placed 4 coral on L4,and one on L3 and L2. 11.11%/they were only able to remove alage and not collect them, were a okay coral robot, so etimes station collect was slow, other cycles, they whiffed the coral. About a 30-40% success rate 11.11%/in teleop the robot was able to  11.11%/Could be a good hybrid bot for algae and coral, not really fast with either though 11.11%/Placed a lot of coral at L4 and some at L1 11.11%/inaccurate with coral placing 11.11%/relentless in terms of coral placement however accuracy was questionable 11.11%/they were a slow robot, they focused on coral. They were slow about scoring coral and took a long time per cycle. it took  lot of time for them to  11.11%/ 11.11%",0,0,0,"Tried to do deep cage climb, but didn't quite get up. 11.11%/Attempted to climb, but was obstructed by a coral that fell in the robot 11.11%/robot only parked and ran out of time to park  11.11%/Deep climb cycled and failed eventually 11.11%/parked 11.11%/started in like last five seconds 11.11%/capable of deep climb 11.11%/ 22.22%",0,,0,0.375,0,0,3.375,0.625,0.25,0.25,0.25,0
30,9430,CTEC Robotics,,invalid field,30,CTEC Robotics,9430,,invalid field,invalid field,invalid field,invalid field,17.428571428571427,invalid field,invalid field,4.142857142857142,0,4.142857142857142,1.8571428571428572,0,Park 42.86%/Shallow Climb 28.57%/None 14.29%/Deep Climb 14.29%,Swerve,0.14285714285714285,3.9999999999999996,0.14285714285714285,1.4285714285714286,2,0.5714285714285714,0,15.714285714285714,2.7142857142857144,Drove towards source as if they were about to intake but didn't do anything 14.29%/scored a lot in level 3 and level 4  14.29%/Missed L2 preloaded place went to station but didnt grab 14.29%/missed place 14.29%/Was 2 coral but missed both and didn't collect 2nd one 14.29%/attempted 2 coral auto 14.29%/left the start zone but didn't make any other moves. 14.29%,0,14.714285714285714,"played effective defense majority of time 14.29%/red got 58 points and won  14.29%/Kind of fast bot but not very good. Collection and place is not very accurate and misses consistently. Doesn't hold coral very well and slips out easily. Tried running L3 and L2 constant but made few 14.29%/ 14.29%/not fully accurate missed a few coral 14.29%/slow cycles, cant hold on to coral 14.29%/had a hard time grabbing coral pieces to put on the reef.  14.29%",0,0.14285714285714285,0,parked just fine 14.29%/was able to climb a little bit but not able to deep climb  14.29%/Climbed deep immediately 14.29%/ 28.57%/park 14.29%/last second park 14.29%,1,"7-10 coral match,20s climb, experience DT,",0.14285714285714285,0,0,0,0.42857142857142855,2,1.4285714285714286,0.14285714285714285,0,0
31,9567,StormBreakers,,invalid field,31,StormBreakers,9567,,invalid field,invalid field,invalid field,invalid field,NaN,invalid field,invalid field,0 33.33%/1 66.67%0 100%0 100%3 16.67%/0 83.33%0 100%0 66.67%/3 16.67%/2 16.67%2 16.67%/0 16.67%/1 16.67%/5 16.67%/3 16.67%/4 16.67%2 16.67%/0 83.33%3 16.67%/0 83.33%2 16.67%/0 83.33%0 100%0 66.67%/3 16.67%/2 16.67%,0 100%0 66.67%/3 16.67%/2 16.67%0 100%0 66.67%/3 16.67%/2 16.67%,0 33.33%/1 66.67%0 100%0 100%3 16.67%/0 83.33%2 16.67%/0 16.67%/1 16.67%/5 16.67%/3 16.67%/4 16.67%2 16.67%/0 83.33%3 16.67%/0 83.33%2 16.67%/0 83.33%,1 16.67%/0 83.33%0 100%,0 100%0 100%,None 28.57%/Deep Climb 28.57%/Park 14.29%/Shallow Climb 28.57%,Tank,0 33.33%/1 66.67%0 100%0 100%3 16.67%/0 83.33%,2 16.67%/0 16.67%/1 16.67%/5 16.67%/3 16.67%/4 16.67%2 16.67%/0 83.33%3 16.67%/0 83.33%2 16.67%/0 83.33%,0 33.33%/1 66.67%2 16.67%/0 16.67%/1 16.67%/5 16.67%/3 16.67%/4 16.67%,0 100%2 16.67%/0 83.33%,0 100%3 16.67%/0 83.33%,3 16.67%/0 83.33%2 16.67%/0 83.33%,NaN,NaN,NaN, 14.29%/in the automode the robot was able to score on l4  14.29%/Auto was simple- moving forward and placing L1 (robot can only place L1) 14.29%/Scored L1 in auto 14.29%/Got 1 l1 14.29%/moved out of start zone did one level one then stopped 14.29%/just leave 14.29%,0 100%,NaN," 14.29%/during the teleop mode was able to score on l3 and l4  14.29%/Teleop was defense, and their robot moved slowly, and was constantly wobbling and tipping over. However, they did play somewhat effective defense 14.29%/Scored L1's first but later it got stuck and was unable to score anything so started to play defense 14.29%/just built the robot starter kit, and they are only able to score l1. Very slow but reliable 14.29%/did 3 level ones then did 3 processers movement was choppy 14.29%/ok at picking up algae from ground, L1 only, slow at coral 14.29%",0,0 66.67%/1 33.33%,0, 14.29%/was able to deep climb  14.29%/Didn't park or climb 14.29%/parked  14.29%/deep climb took 15 sec 14.29%/went to shallow change and climbed with 20 seconds left 14.29%/shallow climbed 14.29%,0,they can remove or intake algae but if partner robot Knicks it on the ground they can intake it and score in processir,3 16.67%/0 83.33%,0 100%,0 100%,0 33.33%/1 66.67%,2 16.67%/0 83.33%,3 16.67%/0 83.33%,2 16.67%/0 83.33%,2 16.67%/0 16.67%/1 16.67%/5 16.67%/3 16.67%/4 16.67%,0 66.67%/3 16.67%/2 16.67%,0 100%
32,957,SWARM - South and West Albany Robotics Maniacs,,invalid field,32,SWARM - South and West Albany Robotics Maniacs,957,,invalid field,invalid field,invalid field,invalid field,48.142857142857146,invalid field,invalid field,9.428571428571429,0,9.428571428571429,0.2857142857142857,0,Park 25%/Deep Climb 50%/None 25%,Swerve,1.4285714285714286,8,0.14285714285714285,1.2857142857142858,1.8571428571428572,6.142857142857143,0,45.142857142857146,13,"Ran a 3 coral auto, placed all on L4. REWATCH MATCH 12.5%/A stoped for half the time period 12.5%/2 Coral auto 12.5%/ 25%/Auto started off pretty smooth with placing one coral on l4, but when collecting from station, human player missed multiple times. 12.5%/was a 3 coral but didn't have enough time  12.5%/Good but could be better 12.5%",0,35.142857142857146,"Very fast, very consistent and very accurate bot. Able to run cycles on all levels, never saw L1... Ran really good cycles and help fill up multiple levels, including all L4 12.5%/really fast and reliable cycle time, scored 9 12.5%/fast and reliable coral placement, just got defended well 12.5%/Good 12.5%/Quick cycle times, scoring mostly on l3 (6), and l4(4), placing was reliable and effective 12.5%/very accurate, algae reef knockoff is weird  12.5%/ 12.5%/good speed. Scored in l4 and L 3 12.5%",0,0,0,"Tried to climb but fell. Side note, REWATCH!!!! Best match I've ever seen 12.5%/Went in early on and climbed in 10 sec 12.5%/reliable and fast deep climb 12.5%/ 25%/Climbed pretty quick, deep climb, and cleared the floor well 12.5%/Fast deep climb 12.5%/Deep climbed 12.5%",0,,1.4285714285714286,0,0,0,4.714285714285714,1.8571428571428572,1.2857142857142858,0.14285714285714285,0,0
33,9600,X-Flare Robotics,,invalid field,33,X-Flare Robotics,9600,,invalid field,invalid field,invalid field,invalid field,33.224999999999994,invalid field,invalid field,12.625,9,3.625,0.25,0,Deep Climb 50%/Park 37.5%/Shallow Climb 12.5%,Swerve,1.375,2.25,3.375,0,0.125,0.125,21.599999999999998,9.375,17.549999999999997,"Successful with placing preloaded coral, attempt to collect 2 more but left station too quick 12.5%/Was able to score in L1, Can only score on L1 12.5%/ 12.5%/inserted algae into the processor 12.5%/great automode with a three coral auto on level one 12.5%/Waits then scores L1 12.5%/attempted 3 coral auto 12.5%/Tried to score in l1 but was able to 12.5%",0,15.674999999999999,"very algae focused 12.5%/Did not focus coral are a weak bot coral wise. They focused on algae were pretty good at getting them out of the way and scoring in the processor. Good algae bot were pretty fast at moving 12.5%/Goes to other side for algae, only processes 12.5%/put algae into l4 12.5%/very efficient algae processing and only capable of scoring on level one 12.5%/very good at processing, L1 only, missed 1 L1 12.5%/slow cycles, unable to score high than L1... 12.5%/scored consistely in processor and L 4 12.5%",0,0,0,I'm not sure weather shallow or deep 12.5%/went and parked did not attempt to climb. 12.5%/ 12.5%/shallow climb 12.5%/parked 12.5%/deep cage 12.5%/Succssesful deep 12.5%/climbed the deep cage 12.5%,0,,0,0.125,0,1.25,0.125,0,0,2.125,4.5,0
34,997,Spartan Robotics,,invalid field,34,Spartan Robotics,997,,invalid field,invalid field,invalid field,invalid field,29.971428571428568,invalid field,invalid field,6,0.2857142857142857,5.7142857142857135,0.42857142857142855,0,Park 71.43%/None 28.57%,Swerve,0.5714285714285714,5.142857142857142,0.14285714285714285,0.2857142857142857,1.5714285714285714,3.714285714285714,0.6857142857142856,27.142857142857142,6.3428571428571425,"For this match they just moved forward to get leave points, maybe intentional  14.29%/Left start, placed in L4 but just barely because alliance robot got stuck in front of them 14.29%/Got a high one 14.29%/Did not move in auto 14.29%/ 14.29%/Didn't cross the line 14.29%/Was not able to be fast enough  14.29%",1.4285714285714286,23.628571428571426,"focused on coral was able to collect and move good, but was more shakky with placing the coral, the driver had to manually one it up which could be time counsuming 14.29%/Ran good, fast cycles from station to reef, place is slow but accurate enough, takes time to line up. Able to move fast and well. Didn't manipulate algae but has mech 14.29%/it mostly just went for level four and had about a 75% success rate 14.29%/Tried to scored in l4 and L3 but was slow 14.29%/unstable 14.29%/pretty accurate, missed one L4,  14.29%/only got 13 points 14.29%",0,0,0,"Kept on going and scoring coral, then at the end burst in, climb? Maybe 14.29%/Parked with few seconds to spare, was trying to run more cycles 14.29%/ 28.57%/Parked with a coral 14.29%/no climb or park 14.29%/not able to climb and instead parked  14.29%",0,,0.42857142857142855,0.14285714285714285,0,0,3.2857142857142856,1.4285714285714286,0.2857142857142857,0.14285714285714285,0.14285714285714285,0