key,comp_level,set_number,match_number,team_key,r1,r2,r3,b1,b2,b3,alliance,a_Proc,a_Net,did_procSide_Auto,did_frontAuto,did_Side_auto,did_Back_auto,a_L4,a_Alg_remove,a_L3,a_L1,a_L2,t_L3,t_L2,t_L1,t_Net,t_L4,t_Incap_time,t_Proc,t_Alg_ground_intake,t_Alg_remove,Climb_status,Match_notes,Scouter_Initials,ba_redscore,ba_score,ba_bluescore,ba_winning_alliance,ba_adjustPoints,ba_algaePoints,ba_autoBonusAchieved,ba_autoCoralCount,ba_autoCoralPoints,ba_autoLineRobot1,ba_autoLineRobot2,ba_autoLineRobot3,ba_autoMobilityPoints,ba_autoPoints,ba_bargeBonusAchieved,ba_coopertitionCriteriaMet,ba_coralBonusAchieved,ba_endGameBargePoints,ba_endGameRobot1,ba_endGameRobot2,ba_endGameRobot3,ba_foulCount,ba_foulPoints,ba_g206Penalty,ba_g410Penalty,ba_g418Penalty,ba_g428Penalty,ba_netAlgaeCount,ba_rp,ba_techFoulCount,ba_teleopCoralCount,ba_teleopCoralPoints,ba_teleopPoints,ba_totalPoints,ba_wallAlgaeCount
2025wass_qm1,qm,1,1,frc6465,frc6465,frc2811,frc9998,frc1425,frc4488,frc9450,red,0,0,0,0,0,0,0,0,0,0,0,5,3,0,0,0,0,0,0,2,parked,"Slow and steady, completely frozen during auto and didnt try to go for any l3's ",EM,110,110,148,blue,0,4,0,2,14,No,Yes,Yes,6,20,1,0,0,16,Parked,DeepCage,Parked,0,0,0,0,0,0,1,1,0,20,70,90,110,0
2025wass_qm1,qm,1,1,frc2811,frc6465,frc2811,frc9998,frc1425,frc4488,frc9450,red,0,0,1,0,0,0,2,0,0,0,0,2,1,1,0,3,0,0,0,1,none,They had a very consistant auto but only got 2 coral. Their pace overall felt slow but it didn't really drop many coral.,RP,110,110,148,blue,0,4,0,2,14,No,Yes,Yes,6,20,1,0,0,16,Parked,DeepCage,Parked,0,0,0,0,0,0,1,1,0,20,70,90,110,0
2025wass_qm1,qm,1,1,frc9998,frc6465,frc2811,frc9998,frc1425,frc4488,frc9450,red,0,0,0,0,1,0,0,0,0,0,0,0,0,0,2,3,6.299999999999994,0,0,3,parked,"Orbit copy bot failed their auto as the suction cup thing failed and then their intake failed. After this failure, they played defense by simply stopping in front of the human player station. They then parked and lost the match.",AH,110,110,148,blue,0,4,0,2,14,No,Yes,Yes,6,20,1,0,0,16,Parked,DeepCage,Parked,0,0,0,0,0,0,1,1,0,20,70,90,110,0
2025wass_qm1,qm,1,1,frc1425,frc6465,frc2811,frc9998,frc1425,frc4488,frc9450,blue,0,0,0,0,1,0,1,0,0,0,0,4,3,4,0,3,0,0,0,1,deep,Double stacked L4 and messed up three coral auto. Solid scoring and algae removal.,AM,110,148,148,blue,0,24,1,3,21,Yes,Yes,Yes,9,30,1,0,1,16,DeepCage,Parked,Parked,0,0,0,0,0,0,6,6,0,27,78,118,148,0
2025wass_qm1,qm,1,1,frc4488,frc6465,frc2811,frc9998,frc1425,frc4488,frc9450,blue,0,0,0,0,0,1,0,0,0,1,0,2,0,2,0,1,0,0,0,0,parked,"auto is pretty not doing much, just moved forward. Is not consistent with coral, misses. L4 is not good.",DS,110,148,148,blue,0,24,1,3,21,Yes,Yes,Yes,9,30,1,0,1,16,DeepCage,Parked,Parked,0,0,0,0,0,0,6,6,0,27,78,118,148,0
2025wass_qm1,qm,1,1,frc9450,frc6465,frc2811,frc9998,frc1425,frc4488,frc9450,blue,0,0,1,0,0,0,2,0,0,0,0,0,2,4,6,0,0,0,5,3,parked,"in auto they missed one of the lollypop, in teliop they focused on removing algae 1st but missed a couple in the net. End game tried to climb but no time ",CW,110,148,148,blue,0,24,1,3,21,Yes,Yes,Yes,9,30,1,0,1,16,DeepCage,Parked,Parked,0,0,0,0,0,0,6,6,0,27,78,118,148,0
2025wass_qm2,qm,1,2,frc2521,frc2521,frc4692,frc9995,frc3636,frc3674,frc9997,red,0,0,1,0,0,0,2,0,0,0,0,0,0,0,0,4,0,0,0,0,parked,"The driver seems very clueless, they keep randomly deciding to play defense but this time decided to go back, they failed placing coral frequently",EM,75,75,138,blue,0,0,0,3,21,Yes,Yes,No,6,27,0,0,0,6,Parked,Parked,Parked,0,0,0,0,0,0,0,0,0,12,42,48,75,0
2025wass_qm2,qm,1,2,frc4692,frc2521,frc4692,frc9995,frc3636,frc3674,frc9997,red,0,0,0,0,0,1,1,0,0,0,0,0,0,0,0,6,0,0,0,0,parked,4692 were succesful in their one coral auto. In teleop they were scoring a good amount of L4s and didn't drop any.,RP,75,75,138,blue,0,0,0,3,21,Yes,Yes,No,6,27,0,0,0,6,Parked,Parked,Parked,0,0,0,0,0,0,0,0,0,12,42,48,75,0
2025wass_qm2,qm,1,2,frc9995,frc2521,frc4692,frc9995,frc3636,frc3674,frc9997,red,0,0,1,0,0,0,0,0,0,0,0,0,0,0,0,0,4.000000000000002,0,0,0,parked,"9995 didn't do anything during the match. They were pushing around algae without scoring a single point during the whole match. Their robot never contributed, thus they scored 0 ranking points along with a loss.",AH,75,75,138,blue,0,0,0,3,21,Yes,Yes,No,6,27,0,0,0,6,Parked,Parked,Parked,0,0,0,0,0,0,0,0,0,12,42,48,75,0
2025wass_qm2,qm,1,2,frc3636,frc2521,frc4692,frc9995,frc3636,frc3674,frc9997,blue,0,0,0,0,1,0,1,0,0,0,0,2,4,3,2,3,0,0,0,5,parked,auto cycle was not consistent missing most of their L4. They are a very good algae removal bot but not consistent with barge. parked so I don't think they can climb.,AM,75,138,138,blue,0,8,0,4,24,Yes,Yes,No,6,30,1,0,1,16,Parked,DeepCage,Parked,0,0,0,0,0,0,2,5,0,27,84,108,138,0
2025wass_qm2,qm,1,2,frc3674,frc2521,frc4692,frc9995,frc3636,frc3674,frc9997,blue,0,0,0,0,0,0,0,0,0,0,0,0,0,0,0,0,0,0,0,0,none,,,75,138,138,blue,0,8,0,4,24,Yes,Yes,No,6,30,1,0,1,16,Parked,DeepCage,Parked,0,0,0,0,0,0,2,5,0,27,84,108,138,0
2025wass_qm2,qm,1,2,frc9997,frc2521,frc4692,frc9995,frc3636,frc3674,frc9997,blue,0,0,0,0,0,1,0,0,0,0,0,0,0,4,0,0,0,0,0,0,parked,"no auto, in telop they was very slow collecting coral for L1, also missed a couple L1, no climb ",CW,75,138,138,blue,0,8,0,4,24,Yes,Yes,No,6,30,1,0,1,16,Parked,DeepCage,Parked,0,0,0,0,0,0,2,5,0,27,84,108,138,0
2025wass_qm3,qm,1,3,frc1540,frc1540,frc6696,frc4043,frc9992,frc2557,frc9994,red,0,0,0,0,0,0,0,0,0,0,0,2,0,0,0,3,0,0,0,0,parked,"in auto did nothing for a few but at the very end decided to start moving before crashing into a another robot for a moment, teleop did okay overall but was a little clueless at points",em,115,115,8,red,0,4,1,1,7,Yes,Yes,Yes,9,16,0,0,0,6,Parked,Parked,Parked,0,12,0,0,0,0,1,4,0,19,77,87,115,0
2025wass_qm3,qm,1,3,frc6696,frc1540,frc6696,frc4043,frc9992,frc2557,frc9994,red,0,0,0,0,0,1,1,1,0,0,0,3,3,0,1,3,0,0,0,2,parked,6696 failed to get an algae in their barge in auto. But in teleop they were able to get one in the barge. They were also able to score a lot of coral with out dropping many.,RP,115,115,8,red,0,4,1,1,7,Yes,Yes,Yes,9,16,0,0,0,6,Parked,Parked,Parked,0,12,0,0,0,0,1,4,0,19,77,87,115,0
2025wass_qm3,qm,1,3,frc4043,frc1540,frc6696,frc4043,frc9992,frc2557,frc9994,red,0,0,1,0,0,0,3,0,0,0,0,0,0,0,0,0,0,0,0,0,parked,"A-Stopped in auto, then dealt with defense from the only blue robot operating. They were able to get the easy win while having only having scored 3 L4 coral.",AH,115,115,8,red,0,4,1,1,7,Yes,Yes,Yes,9,16,0,0,0,6,Parked,Parked,Parked,0,12,0,0,0,0,1,4,0,19,77,87,115,0
2025wass_qm3,qm,1,3,frc9992,frc1540,frc6696,frc4043,frc9992,frc2557,frc9994,blue,0,0,1,0,0,0,0,0,0,0,0,0,0,0,0,0,0,0,0,0,parked,"I feel bad for blue this match, 9992 played defense and that's all they did. messed up their climb so all they parked.",,115,8,8,red,0,0,0,0,0,Yes,Yes,No,6,6,0,0,0,2,Parked,None,None,0,0,0,0,0,0,0,0,2,0,0,2,8,0
2025wass_qm3,qm,1,3,frc2557,frc1540,frc6696,frc4043,frc9992,frc2557,frc9994,blue,0,0,0,0,1,0,0,0,0,0,0,0,0,0,0,0,0.6,0,0,0,none,"Didn't move at all, something went wrong.",DS,115,8,8,red,0,0,0,0,0,Yes,Yes,No,6,6,0,0,0,2,Parked,None,None,0,0,0,0,0,0,0,0,2,0,0,2,8,0
2025wass_qm3,qm,1,3,frc9994,frc1540,frc6696,frc4043,frc9992,frc2557,frc9994,blue,0,0,0,0,0,1,0,0,0,0,0,0,0,0,0,0,0,0,0,0,none,they had to get the robot off field broke?,CW,115,8,8,red,0,0,0,0,0,Yes,Yes,No,6,6,0,0,0,2,Parked,None,None,0,0,0,0,0,0,0,0,2,0,0,2,8,0
2025wass_qm4,qm,1,4,frc6443,frc6443,frc5468,frc9993,frc6343,frc2990,frc9567,red,0,0,1,0,0,0,0,0,0,0,0,1,0,0,0,4,0,0,0,0,deep,"in auto the robot went too fast forward and lost its coral, confusing it a lot, in teleop they were very consistant with hitting l4's and only missed a few whenever they had to start doing l3's",EM,194,194,66,red,0,40,1,3,21,Yes,Yes,Yes,9,30,1,1,0,26,DeepCage,DeepCage,Parked,0,6,0,0,0,0,1,5,0,25,92,158,194,6
2025wass_qm4,qm,1,4,frc5468,frc6443,frc5468,frc9993,frc6343,frc2990,frc9567,red,0,0,0,0,0,1,3,0,0,0,0,7,5,0,0,5,0,0,0,3,deep,5468 had a very fast 3 coral. In teleop they were very fast with placing coral and were able to remove coral very fast. They also didn't drop a single coral while doing this.,RP,194,194,66,red,0,40,1,3,21,Yes,Yes,Yes,9,30,1,1,0,26,DeepCage,DeepCage,Parked,0,6,0,0,0,0,1,5,0,25,92,158,194,6
2025wass_qm4,qm,1,4,frc9993,frc6443,frc5468,frc9993,frc6343,frc2990,frc9567,red,0,0,1,0,0,0,0,0,0,0,0,0,0,0,0,0,0,6,7,0,parked,No auto. Mainly a processor bot. Cycled ground algae for the duration of the match.,AH,194,194,66,red,0,40,1,3,21,Yes,Yes,Yes,9,30,1,1,0,26,DeepCage,DeepCage,Parked,0,6,0,0,0,0,1,5,0,25,92,158,194,6
2025wass_qm4,qm,1,4,frc6343,frc6443,frc5468,frc9993,frc6343,frc2990,frc9567,blue,0,0,0,0,1,0,0,0,0,0,0,0,0,0,0,5,0,0,0,0,parked,"Inconsistent L4, A-stopped, and very slow scoring.",AM,194,66,66,red,0,26,0,1,3,No,Yes,Yes,6,9,0,0,0,6,Parked,Parked,Parked,0,0,0,0,1,0,5,0,1,5,25,57,66,1
2025wass_qm4,qm,1,4,frc2990,frc6443,frc5468,frc9993,frc6343,frc2990,frc9567,blue,0,0,0,0,0,1,0,0,0,0,0,0,0,0,0,0,0,0,0,0,parked,Did literally nothing.,DS,194,66,66,red,0,26,0,1,3,No,Yes,Yes,6,9,0,0,0,6,Parked,Parked,Parked,0,0,0,0,1,0,5,0,1,5,25,57,66,1
2025wass_qm4,qm,1,4,frc9567,frc6443,frc5468,frc9993,frc6343,frc2990,frc9567,blue,0,0,1,0,0,0,0,0,0,0,0,0,0,0,0,0,16.399999999999963,1,1,0,parked,"just left in auto, tried to remove algae on reef but did not get any, was not fast with algae in process ",CW,194,66,66,red,0,26,0,1,3,No,Yes,Yes,6,9,0,0,0,6,Parked,Parked,Parked,0,0,0,0,1,0,5,0,1,5,25,57,66,1
2025wass_qm5,qm,1,5,frc2412,frc2412,frc9995,frc9997,frc3674,frc4488,frc6465,red,0,0,1,0,0,0,1,0,0,0,0,3,0,0,0,5,19.200000000000003,0,0,2,deep,"did good overall, got stuck on a piece of algae (timed by incap timer) for a while",EM,74,74,112,blue,0,0,0,1,7,No,Yes,Yes,6,13,1,0,0,16,DeepCage,Parked,Parked,0,0,0,0,0,0,0,1,0,12,45,61,74,0
2025wass_qm5,qm,1,5,frc9995,frc2412,frc9995,frc9997,frc3674,frc4488,frc6465,red,0,0,0,0,1,0,0,0,0,0,0,0,0,0,0,0,0,0,0,0,parked,No auto. missed an L1 and got it stuck in the robot for the rest of the match. Didn't really do much.,RP,74,74,112,blue,0,0,0,1,7,No,Yes,Yes,6,13,1,0,0,16,DeepCage,Parked,Parked,0,0,0,0,0,0,0,1,0,12,45,61,74,0
2025wass_qm5,qm,1,5,frc9997,frc2412,frc9995,frc9997,frc3674,frc4488,frc6465,red,0,0,0,0,1,0,0,0,0,0,0,0,0,2,0,0,0,0,0,0,parked,"Weird auto placement: do nothing. Then scored 2 L1 and parked. Because of the incapability of the robot, they were not able to score as much as other robots, resulting in their loss.",AH,74,74,112,blue,0,0,0,1,7,No,Yes,Yes,6,13,1,0,0,16,DeepCage,Parked,Parked,0,0,0,0,0,0,0,1,0,12,45,61,74,0
2025wass_qm5,qm,1,5,frc3674,frc2412,frc9995,frc9997,frc3674,frc4488,frc6465,blue,0,0,0,0,1,0,2,0,0,0,0,1,4,1,0,2,0,0,0,2,deep,"Inconsistent L4, slow algae removal, 2 coral auto.",AM,74,112,112,blue,0,0,0,3,21,Yes,Yes,No,6,27,1,0,0,14,DeepCage,None,Parked,0,0,0,0,0,0,0,4,0,20,71,85,112,0
2025wass_qm5,qm,1,5,frc4488,frc2412,frc9995,frc9997,frc3674,frc4488,frc6465,blue,0,0,1,0,0,0,1,0,0,0,0,0,0,0,0,0,79.09999999999978,0,0,0,none,Played good defense and focused on coral stgation defsene.,DS,74,112,112,blue,0,0,0,3,21,Yes,Yes,No,6,27,1,0,0,14,DeepCage,None,Parked,0,0,0,0,0,0,0,4,0,20,71,85,112,0
2025wass_qm5,qm,1,5,frc6465,frc2412,frc9995,frc9997,frc3674,frc4488,frc6465,blue,0,0,0,0,0,1,0,0,0,0,0,5,2,0,0,0,0,0,0,3,parked,"no auto, in telop they was good at removing algae, decent cycling, park",CW,74,112,112,blue,0,0,0,3,21,Yes,Yes,No,6,27,1,0,0,14,DeepCage,None,Parked,0,0,0,0,0,0,0,4,0,20,71,85,112,0
2025wass_qm6,qm,1,6,frc9994,frc9994,frc3636,frc2811,frc1425,frc1540,frc9992,red,0,0,0,0,0,0,0,0,0,0,0,1,1,8,0,0,0,0,0,0,none,"very good at picking coral off of the ground and placing it the lowest layer, struggles to raise their claw higher due to wobbling",EM,146,146,58,red,0,20,1,2,14,Yes,Yes,Yes,9,23,0,0,0,2,None,None,Parked,0,6,0,0,0,0,5,4,0,29,95,117,146,0
2025wass_qm6,qm,1,6,frc3636,frc9994,frc3636,frc2811,frc1425,frc1540,frc9992,red,0,0,0,0,1,0,0,0,0,0,0,2,3,1,2,5,0,0,0,2,none,"They had to a-stop. In teleop they showed a lot of well-roundedness, scoring algae and coral. They were not able to park or climb in endgame.",RP,146,146,58,red,0,20,1,2,14,Yes,Yes,Yes,9,23,0,0,0,2,None,None,Parked,0,6,0,0,0,0,5,4,0,29,95,117,146,0
2025wass_qm6,qm,1,6,frc2811,frc9994,frc3636,frc2811,frc1425,frc1540,frc9992,red,0,0,1,0,0,0,1,0,0,0,0,1,0,0,0,6,0,0,0,0,failed,Storm Bots mainly cycled L4 along with some L3 and then failed their climb.,AH,146,146,58,red,0,20,1,2,14,Yes,Yes,Yes,9,23,0,0,0,2,None,None,Parked,0,6,0,0,0,0,5,4,0,29,95,117,146,0
2025wass_qm6,qm,1,6,frc1425,frc9994,frc3636,frc2811,frc1425,frc1540,frc9992,blue,0,0,1,0,0,0,0,0,0,0,0,0,0,0,1,0,0,1,0,2,none,,,146,58,58,red,0,26,1,1,7,Yes,Yes,Yes,9,16,1,1,0,16,DeepCage,Parked,Parked,0,0,0,0,0,0,2,2,1,1,0,42,58,3
2025wass_qm6,qm,1,6,frc1540,frc9994,frc3636,frc2811,frc1425,frc1540,frc9992,blue,0,0,0,0,1,0,0,0,0,0,0,0,0,0,1,0,0,1,0,2,parked,Triewd to do algae but haD some problems.,DS,146,58,58,red,0,26,1,1,7,Yes,Yes,Yes,9,16,1,1,0,16,DeepCage,Parked,Parked,0,0,0,0,0,0,2,2,1,1,0,42,58,3
2025wass_qm6,qm,1,6,frc9992,frc9994,frc3636,frc2811,frc1425,frc1540,frc9992,blue,0,0,0,0,0,1,0,0,0,0,0,0,0,0,0,0,0,0,0,0,parked,"very good defense, leave in auto, no offense,",CW,146,58,58,red,0,26,1,1,7,Yes,Yes,Yes,9,16,1,1,0,16,DeepCage,Parked,Parked,0,0,0,0,0,0,2,2,1,1,0,42,58,3
2025wass_qm7,qm,1,7,frc4692,frc4692,frc9998,frc9993,frc4043,frc2521,frc2990,red,0,0,0,0,0,0,0,0,0,0,0,,,,,,,,,,none,,,111,111,73,red,0,4,1,4,28,Yes,Yes,Yes,9,37,0,0,0,2,Parked,None,None,1,12,0,0,0,0,1,4,1,18,56,62,111,0
2025wass_qm7,qm,1,7,frc9998,frc4692,frc9998,frc9993,frc4043,frc2521,frc2990,red,0,0,0,0,1,0,3,0,0,0,0,5,4,0,1,2,0,0,0,1,none,"got a fast 3 coral auto. In teleop they were about to ground collect a lot of coral and score a lot of L4s and L3s. They did however sacrifice their endgame, opting for more coral.",RP,111,111,73,red,0,4,1,4,28,Yes,Yes,Yes,9,37,0,0,0,2,Parked,None,None,1,12,0,0,0,0,1,4,1,18,56,62,111,0
2025wass_qm7,qm,1,7,frc9993,frc4692,frc9998,frc9993,frc4043,frc2521,frc2990,red,0,0,0,0,0,0,1,0,0,0,0,0,0,0,0,0,20.700000000000024,0,0,0,none,"No auto, bottomed out on an algae. Still able to win with their alliance partners.",AH,111,111,73,red,0,4,1,4,28,Yes,Yes,Yes,9,37,0,0,0,2,Parked,None,None,1,12,0,0,0,0,1,4,1,18,56,62,111,0
2025wass_qm7,qm,1,7,frc4043,frc4692,frc9998,frc9993,frc4043,frc2521,frc2990,blue,0,0,1,0,0,0,1,0,0,0,0,0,0,0,0,3,0,0,0,0,failed,"Did not get enough time to climb, was not moving most of the match. consistent L4.",AM,111,73,73,red,0,0,1,4,28,Yes,Yes,Yes,9,37,0,0,0,6,Parked,Parked,Parked,0,8,0,0,0,0,0,1,2,9,22,28,73,0
2025wass_qm7,qm,1,7,frc2521,frc4692,frc9998,frc9993,frc4043,frc2521,frc2990,blue,0,0,0,0,1,0,3,0,0,0,0,0,0,0,0,2,0,0,0,0,parked,"MOstly played defense, had a good auto but then a coral got stuck in their intake",DS,111,73,73,red,0,0,1,4,28,Yes,Yes,Yes,9,37,0,0,0,6,Parked,Parked,Parked,0,8,0,0,0,0,0,1,2,9,22,28,73,0
2025wass_qm7,qm,1,7,frc2990,frc4692,frc9998,frc9993,frc4043,frc2521,frc2990,blue,0,0,0,0,0,1,0,0,0,0,0,,,,,,,,,,,,,111,73,73,red,0,0,1,4,28,Yes,Yes,Yes,9,37,0,0,0,6,Parked,Parked,Parked,0,8,0,0,0,0,0,1,2,9,22,28,73,0
2025wass_qm8,qm,1,8,frc9567,frc9567,frc9450,frc6696,frc6343,frc2412,frc6443,red,0,0,0,1,0,0,0,0,0,1,0,1,0,1,0,1,0,0,0,0,shallow,,,95,95,150,blue,0,8,1,2,10,Yes,No,Yes,6,16,0,0,1,8,ShallowCage,None,Parked,0,0,0,0,0,0,2,2,0,19,63,79,95,0
2025wass_qm8,qm,1,8,frc9450,frc9567,frc9450,frc6696,frc6343,frc2412,frc6443,red,0,0,0,0,0,0,0,0,0,0,0,0,0,0,0,0,0,0,0,0,none,They were not able to compete,RP,95,95,150,blue,0,8,1,2,10,Yes,No,Yes,6,16,0,0,1,8,ShallowCage,None,Parked,0,0,0,0,0,0,2,2,0,19,63,79,95,0
2025wass_qm8,qm,1,8,frc6696,frc9567,frc9450,frc6696,frc6343,frc2412,frc6443,red,0,0,1,0,0,0,0,1,0,0,0,5,5,0,0,4,0,0,0,3,none,6696 cycled face 6 and face 1 really nicely. The red alliance was already at a disadvantage with an alliance member not showing up. They sadly lost because they did not have their 3rd alliance member.,AH,95,95,150,blue,0,8,1,2,10,Yes,No,Yes,6,16,0,0,1,8,ShallowCage,None,Parked,0,0,0,0,0,0,2,2,0,19,63,79,95,0
2025wass_qm8,qm,1,8,frc6343,frc9567,frc9450,frc6696,frc6343,frc2412,frc6443,blue,0,0,0,0,1,0,0,0,0,0,0,1,0,0,0,4,0,0,0,1,none,"Tried to park but didnt make it. No automode, and slow placement. It is consistent on L4 and L3 but its slow. Did remove one algae.a",AM,95,150,150,blue,0,16,1,2,14,Yes,Yes,Yes,9,23,1,1,1,14,None,DeepCage,Parked,0,0,0,0,0,0,1,6,0,28,97,127,150,2
2025wass_qm8,qm,1,8,frc2412,frc9567,frc9450,frc6696,frc6343,frc2412,frc6443,blue,0,0,1,0,0,0,2,0,0,0,0,2,4,5,1,2,0,2,2,4,deep,"Did really well, almost got 3 coral on l4, and got a lot of l2 l3 and l1 coral cycles. Can ground collect and do algae in proc and net.",DS,95,150,150,blue,0,16,1,2,14,Yes,Yes,Yes,9,23,1,1,1,14,None,DeepCage,Parked,0,0,0,0,0,0,1,6,0,28,97,127,150,2
2025wass_qm8,qm,1,8,frc6443,frc9567,frc9450,frc6696,frc6343,frc2412,frc6443,blue,0,0,0,0,0,1,0,0,0,0,0,4,0,0,0,2,0,0,0,0,parked,"missed L4 in auto, kinda slow at station collecting, was accurate at L2-3, missed 1 L4 in telop ",CW,95,150,150,blue,0,16,1,2,14,Yes,Yes,Yes,9,23,1,1,1,14,None,DeepCage,Parked,0,0,0,0,0,0,1,6,0,28,97,127,150,2
2025wass_qm9,qm,1,9,frc2557,frc2557,frc2811,frc1425,frc9995,frc6465,frc5468,red,0,0,0,0,0,0,0,0,0,0,0,0,0,8,0,1,0,0,0,0,deep,"Fast and efficient, good at placing things at the lowest layer quickly. overall good! (has the cutest little googly eye, omg)",EM,132,132,100,red,0,0,1,2,14,Yes,Yes,Yes,9,23,1,0,0,16,Parked,DeepCage,Parked,0,0,0,0,0,0,0,5,0,29,93,109,132,0
2025wass_qm9,qm,1,9,frc2811,frc2557,frc2811,frc1425,frc9995,frc6465,frc5468,red,0,0,0,0,1,0,0,0,0,0,0,2,3,0,0,3,0,0,0,1,deep,"2811 missed their coral on their auto. But in teleop they were able to secure quite a few corals, however their arm was pretty shaky. in endgame they were able to deep climb and win the game.",RP,132,132,100,red,0,0,1,2,14,Yes,Yes,Yes,9,23,1,0,0,16,Parked,DeepCage,Parked,0,0,0,0,0,0,0,5,0,29,93,109,132,0
2025wass_qm9,qm,1,9,frc1425,frc2557,frc2811,frc1425,frc9995,frc6465,frc5468,red,0,0,1,0,0,0,2,0,0,0,0,5,2,0,0,4,0,0,0,3,deep,"We so good, we did L4, 3, 2, algae removal, and won.",AH,132,132,100,red,0,0,1,2,14,Yes,Yes,Yes,9,23,1,0,0,16,Parked,DeepCage,Parked,0,0,0,0,0,0,0,5,0,29,93,109,132,0
2025wass_qm9,qm,1,9,frc9995,frc2557,frc2811,frc1425,frc9995,frc6465,frc5468,blue,0,0,0,0,1,0,0,0,0,0,0,0,0,0,0,0,0,0,0,0,none,"parked. Other than that, they did absolutely nothing. no auto, no coral scored. ",AM,132,100,100,red,0,0,0,0,0,No,No,No,0,0,1,0,0,16,Parked,Parked,DeepCage,0,0,0,0,0,0,0,1,0,21,84,100,100,0
2025wass_qm9,qm,1,9,frc6465,frc2557,frc2811,frc1425,frc9995,frc6465,frc5468,blue,0,0,0,0,0,1,0,0,0,0,0,4,2,0,0,0,0,0,0,2,parked,"DIdn'y rea;lly do much, had really slow cycles, but still got some l3 and l2.",DS,132,100,100,red,0,0,0,0,0,No,No,No,0,0,1,0,0,16,Parked,Parked,DeepCage,0,0,0,0,0,0,0,1,0,21,84,100,100,0
2025wass_qm9,qm,1,9,frc5468,frc2557,frc2811,frc1425,frc9995,frc6465,frc5468,blue,0,0,0,0,0,0,0,0,0,0,0,4,4,1,0,6,0,0,0,3,deep,"no auto selected?, very fast and accurate placement, missed a L1, good fast climb",CW,132,100,100,red,0,0,0,0,0,No,No,No,0,0,1,0,0,16,Parked,Parked,DeepCage,0,0,0,0,0,0,0,1,0,21,84,100,100,0
2025wass_qm10,qm,1,10,frc4488,frc4488,frc9993,frc3674,frc4692,frc1540,frc9994,red,0,0,0,1,0,0,1,0,0,0,0,0,0,0,0,0,0,0,0,0,parked,Played decent defense after auto,EM,122,122,105,red,0,26,1,4,28,Yes,Yes,Yes,9,37,1,1,0,16,Parked,Parked,DeepCage,1,0,0,0,0,0,2,5,1,13,43,85,122,3
2025wass_qm10,qm,1,10,frc9993,frc4488,frc9993,frc3674,frc4692,frc1540,frc9994,red,0,0,0,0,0,1,0,0,0,0,0,0,0,0,0,0,0,3,4,0,parked,They didn't have an auto. In teleop they were able to get all their algae that was on the ground processed. In endgame they cant climb so they quickly parked.,RP,122,122,105,red,0,26,1,4,28,Yes,Yes,Yes,9,37,1,1,0,16,Parked,Parked,DeepCage,1,0,0,0,0,0,2,5,1,13,43,85,122,3
2025wass_qm10,qm,1,10,frc3674,frc4488,frc9993,frc3674,frc4692,frc1540,frc9994,red,0,0,0,0,1,0,3,0,0,0,0,0,0,0,0,7,0,0,0,0,deep,CloverBotsðŸ€ scored as many L4 coral as possible. Near the end they successfully climbed and won the match.,AH,122,122,105,red,0,26,1,4,28,Yes,Yes,Yes,9,37,1,1,0,16,Parked,Parked,DeepCage,1,0,0,0,0,0,2,5,1,13,43,85,122,3
2025wass_qm10,qm,1,10,frc4692,frc4488,frc9993,frc3674,frc4692,frc1540,frc9994,blue,0,0,1,0,0,0,0,0,0,0,0,0,0,2,0,3,0,0,0,0,none,,,122,105,105,red,0,44,0,0,0,Yes,Yes,Yes,9,9,1,1,0,14,None,DeepCage,Parked,0,8,0,0,0,0,8,1,0,9,30,88,105,2
2025wass_qm10,qm,1,10,frc1540,frc4488,frc9993,frc3674,frc4692,frc1540,frc9994,blue,0,0,0,0,0,0,0,0,0,0,0,0,0,0,1,1,0,0,2,1,deep,"Missed all l4 during auto. Coudln't place on l4 reliably, and ended up not doing much. Isn't reliable and has slow cycle times.",DS,122,105,105,red,0,44,0,0,0,Yes,Yes,Yes,9,9,1,1,0,14,None,DeepCage,Parked,0,8,0,0,0,0,8,1,0,9,30,88,105,2
2025wass_qm10,qm,1,10,frc9994,frc4488,frc9993,frc3674,frc4692,frc1540,frc9994,blue,,,,,,,,,,,,,,,,,,,,,,,,122,105,105,red,0,44,0,0,0,Yes,Yes,Yes,9,9,1,1,0,14,None,DeepCage,Parked,0,8,0,0,0,0,8,1,0,9,30,88,105,2
2025wass_qm11,qm,1,11,frc9992,frc9992,frc6343,frc4043,frc2412,frc9450,frc2521,red,0,0,0,0,0,0,0,0,0,0,0,0,0,0,0,0,0,0,0,0,none,,,75,75,174,blue,0,8,1,2,14,Yes,Yes,Yes,9,23,0,0,0,12,None,None,DeepCage,1,0,0,0,0,0,2,1,1,9,32,52,75,0
2025wass_qm11,qm,1,11,frc6343,frc9992,frc6343,frc4043,frc2412,frc9450,frc2521,red,0,0,0,0,1,0,0,0,0,0,0,0,0,0,0,1,46.800000000000395,0,0,0,none,"Just left start zone, didn't do anything else in auto. Had some trouble collecting, inaccurate intake as it has probability of missing. Placed one on L4, missed another then got stuck in front of reef. Never moved again. Add around 15-20 seconds to the Incap timer",PK,75,75,174,blue,0,8,1,2,14,Yes,Yes,Yes,9,23,0,0,0,12,None,None,DeepCage,1,0,0,0,0,0,2,1,1,9,32,52,75,0
2025wass_qm11,qm,1,11,frc4043,frc9992,frc6343,frc4043,frc2412,frc9450,frc2521,red,0,0,1,0,0,0,2,0,0,0,0,0,0,1,0,5,0,0,0,1,deep,NerdHerd mainly scored L4 in this match as their alliance partners were not able to score. NerdHerd sadly lost the match. They still did an impressive deep climb.,AH,75,75,174,blue,0,8,1,2,14,Yes,Yes,Yes,9,23,0,0,0,12,None,None,DeepCage,1,0,0,0,0,0,2,1,1,9,32,52,75,0
2025wass_qm11,qm,1,11,frc2412,frc9992,frc6343,frc4043,frc2412,frc9450,frc2521,blue,0,0,1,0,0,0,2,0,0,0,0,3,4,2,2,3,0,0,1,1,deep,"They did coral and algae. 
Put more coral on lower levels 
Misfired on reef once
Picked up coral and algae from ground

",EG,75,174,174,blue,0,28,1,2,14,Yes,Yes,Yes,9,23,1,1,1,26,DeepCage,DeepCage,Parked,0,8,0,0,0,0,4,6,0,26,89,143,174,2
2025wass_qm11,qm,1,11,frc9450,frc9992,frc6343,frc4043,frc2412,frc9450,frc2521,blue,1,0,1,0,0,0,0,2,0,0,0,0,1,2,3,0,0,1,1,2,deep,"> efficient algae collect, processor, and barge
> slow and unreliable coral placement on levels >1
> picks up coral from the ground
> got in the way of alliance robots sometimes",IK,75,174,174,blue,0,28,1,2,14,Yes,Yes,Yes,9,23,1,1,1,26,DeepCage,DeepCage,Parked,0,8,0,0,0,0,4,6,0,26,89,143,174,2
2025wass_qm11,qm,1,11,frc2521,frc9992,frc6343,frc4043,frc2412,frc9450,frc2521,blue,0,0,0,1,0,0,0,0,0,0,0,0,0,0,0,5,0,0,0,0,parked,"mostly placed coral on level 4 (during teleop) but missed a few times
In auto, dropped coral and did not score
",AW,75,174,174,blue,0,28,1,2,14,Yes,Yes,Yes,9,23,1,1,1,26,DeepCage,DeepCage,Parked,0,8,0,0,0,0,4,6,0,26,89,143,174,2
2025wass_qm12,qm,1,12,frc9997,frc9997,frc2990,frc6696,frc5468,frc3636,frc9998,red,0,0,1,0,0,0,0,0,0,0,0,1,2,1,0,0,0,0,0,2,parked,in the auto they were incapacted in the teleop they removed 2 algae and they also scored on L2 and L3 in the endgame however they parked ,,95,95,207,blue,0,4,1,2,14,Yes,Yes,Yes,9,23,0,0,0,4,Parked,None,Parked,0,0,0,0,0,0,1,1,0,21,64,72,95,0
2025wass_qm12,qm,1,12,frc2990,frc9997,frc2990,frc6696,frc5468,frc3636,frc9998,red,0,0,0,0,0,1,0,0,0,0,0,0,4,1,0,0,0,0,6,1,none,"Left start, went to reef but didn't do anything from there in auto. Quite fast at moving around and placing is good but collection is very unwieldy. Needs to ground intake at a specific angle vertically to collect and had trouble with that. Tried multiple cycles",PK,95,95,207,blue,0,4,1,2,14,Yes,Yes,Yes,9,23,0,0,0,4,Parked,None,Parked,0,0,0,0,0,0,1,1,0,21,64,72,95,0
2025wass_qm12,qm,1,12,frc6696,frc9997,frc2990,frc6696,frc5468,frc3636,frc9998,red,0,0,1,0,0,0,0,0,1,0,0,4,3,2,0,2,55.60000000000052,0,0,1,parked,"worked a bit on L3 and L 4. Most of the time missed on L1. Tried to keep one more coral during endgame, and in the end, tried to climb, but ended up parking ",GK,95,95,207,blue,0,4,1,2,14,Yes,Yes,Yes,9,23,0,0,0,4,Parked,None,Parked,0,0,0,0,0,0,1,1,0,21,64,72,95,0
2025wass_qm12,qm,1,12,frc5468,frc9997,frc2990,frc6696,frc5468,frc3636,frc9998,blue,0,0,1,0,0,0,3,0,0,0,0,6,4,0,0,4,0,0,0,0,deep,"only did coral
Scored a lot
Misfired on reef once
Scored on all sides 
Did L2 and up
Got in the way of alliance members a few times
Three coral auto
Very consistent ",EG,95,207,207,blue,0,16,0,7,49,Yes,No,Yes,6,55,1,0,1,16,DeepCage,Parked,Parked,0,0,0,0,0,0,4,5,0,42,120,152,207,0
2025wass_qm12,qm,1,12,frc3636,frc9997,frc2990,frc6696,frc5468,frc3636,frc9998,blue,0,1,0,0,1,0,0,1,0,0,0,0,5,5,1,0,0,0,0,2,parked,> ,,95,207,207,blue,0,16,0,7,49,Yes,No,Yes,6,55,1,0,1,16,DeepCage,Parked,Parked,0,0,0,0,0,0,4,5,0,42,120,152,207,0
2025wass_qm12,qm,1,12,frc9998,frc9997,frc2990,frc6696,frc5468,frc3636,frc9998,blue,0,0,0,1,1,0,0,2,0,0,0,6,1,4,1,1,0,0,0,1,parked,"During auto, removed two algae efficiently
Mostly coral bot, scoring on all levels (mostly level 1 and 2, but could also throw algae
Missed placing coral on level 4 twice, dropped coral rarely
Picked up algae and coral very well",AW,95,207,207,blue,0,16,0,7,49,Yes,No,Yes,6,55,1,0,1,16,DeepCage,Parked,Parked,0,0,0,0,0,0,4,5,0,42,120,152,207,0
2025wass_qm13,qm,1,13,frc6443,frc6443,frc9994,frc4488,frc4692,frc9567,frc2557,red,0,0,0,0,0,0,0,0,0,0,0,0,0,0,0,0,0,0,0,0,none,,,76,76,60,red,0,16,0,2,10,Yes,Yes,No,6,16,0,0,0,6,Parked,Parked,Parked,0,0,0,0,0,0,4,3,0,11,38,60,76,0
2025wass_qm13,qm,1,13,frc9994,frc6443,frc9994,frc4488,frc4692,frc9567,frc2557,red,0,0,0,0,0,1,0,1,0,0,0,0,0,0,2,0,38.80000000000028,0,2,4,parked,"Left start zone, missed coral place on reef and grabbed algae in auto. Went to barge but froze midway and stopped. In teleop, they ran only algae cycles. Really goodat removing algae from reef with algae ground intake working well. Placed a couple in barge and quite accurate with it. Manual place though. Froze halfway and Aembot pushed them into park",PK,76,76,60,red,0,16,0,2,10,Yes,Yes,No,6,16,0,0,0,6,Parked,Parked,Parked,0,0,0,0,0,0,4,3,0,11,38,60,76,0
2025wass_qm13,qm,1,13,frc4488,frc6443,frc9994,frc4488,frc4692,frc9567,frc2557,red,0,0,1,0,0,0,0,0,0,0,0,1,0,0,0,1,0,0,0,0,parked,"Team 4488 attempts to insert the coral, often ended up in a result of the coral Falling onto the floor. When it did succeed into keeping the coral, it ended up in L4 or L3. During endgame, it attempted to keep another coral, but ended up failing, and ended up parking.",GK,76,76,60,red,0,16,0,2,10,Yes,Yes,No,6,16,0,0,0,6,Parked,Parked,Parked,0,0,0,0,0,0,4,3,0,11,38,60,76,0
2025wass_qm13,qm,1,13,frc4692,frc6443,frc9994,frc4488,frc4692,frc9567,frc2557,blue,0,0,0,0,0,0,0,0,0,0,0,,,,,,,,,,,,,76,60,60,red,0,0,1,1,3,Yes,Yes,Yes,9,12,0,0,0,4,None,Parked,Parked,0,0,0,0,0,0,0,1,0,16,44,48,60,0
2025wass_qm13,qm,1,13,frc9567,frc6443,frc9994,frc4488,frc4692,frc9567,frc2557,blue,0,0,0,0,0,1,0,0,0,0,0,0,0,0,0,0,7.39999999999999,0,0,4,parked,"> during auto bumped into a different robot, both couldn't do anything
> can only remove algae and has no means of carrying/processing it
",IK,76,60,60,red,0,0,1,1,3,Yes,Yes,Yes,9,12,0,0,0,4,None,Parked,Parked,0,0,0,0,0,0,0,1,0,16,44,48,60,0
2025wass_qm13,qm,1,13,frc2557,frc6443,frc9994,frc4488,frc4692,frc9567,frc2557,blue,0,0,0,0,0,0,0,0,0,0,0,0,0,12,0,0,0,0,0,0,none,"Only scored coral on level 1 (teleop), was very good at it though
Did not move during auto
Could pick up coral from the ground
",AW,76,60,60,red,0,0,1,1,3,Yes,Yes,Yes,9,12,0,0,0,4,None,Parked,Parked,0,0,0,0,0,0,0,1,0,16,44,48,60,0
2025wass_qm14,qm,1,14,frc2521,frc2521,frc9993,frc1540,frc6343,frc9995,frc9450,red,0,0,0,0,1,0,0,0,1,0,0,0,1,1,0,1,0,0,0,1,none,in the auto and start they removed coral but in the ,pk,137,137,102,red,0,44,1,2,10,Yes,Yes,Yes,9,19,1,1,0,14,Parked,None,DeepCage,0,30,0,0,0,0,2,5,0,10,30,88,137,6
2025wass_qm14,qm,1,14,frc9993,frc2521,frc9993,frc1540,frc6343,frc9995,frc9450,red,0,0,0,0,0,1,0,0,0,0,0,0,0,0,0,0,0,6,7,0,none,Really fast algae bot. Can only do algae ground collect and processor. Always did it and only missed once but good cycle time as well. Accurate,PK,137,137,102,red,0,44,1,2,10,Yes,Yes,Yes,9,19,1,1,0,14,Parked,None,DeepCage,0,30,0,0,0,0,2,5,0,10,30,88,137,6
2025wass_qm14,qm,1,14,frc1540,frc2521,frc9993,frc1540,frc6343,frc9995,frc9450,red,0,0,0,0,1,0,1,0,0,0,0,3,1,1,0,0,0,0,0,1,shallow,,GK,137,137,102,red,0,44,1,2,10,Yes,Yes,Yes,9,19,1,1,0,14,Parked,None,DeepCage,0,30,0,0,0,0,2,5,0,10,30,88,137,6
2025wass_qm14,qm,1,14,frc6343,frc2521,frc9993,frc1540,frc6343,frc9995,frc9450,blue,0,0,0,0,1,0,0,0,0,0,0,0,0,0,0,1,95.09999999999887,0,0,0,none,"did nothing in auto
Was frozen nearly the whole time
Only put one coral on ( the one preloaded for auto)
They did basically nothing and was in the way of alliance
",EG,137,102,102,red,0,36,1,2,14,Yes,Yes,Yes,9,23,0,1,0,4,None,Parked,Parked,0,0,0,0,0,0,6,1,5,13,39,79,102,2
2025wass_qm14,qm,1,14,frc9995,frc2521,frc9993,frc1540,frc6343,frc9995,frc9450,blue,0,0,0,0,0,1,0,0,0,0,0,0,0,0,0,0,0,0,0,0,parked,"> no auto
> did nothing in teleop
     - extremely slow
     - got in the way of alliance members",IK,137,102,102,red,0,36,1,2,14,Yes,Yes,Yes,9,23,0,1,0,4,None,Parked,Parked,0,0,0,0,0,0,6,1,5,13,39,79,102,2
2025wass_qm14,qm,1,14,frc9450,frc2521,frc9993,frc1540,frc6343,frc9995,frc9450,blue,0,0,0,0,0,1,0,0,0,1,0,0,0,4,0,0,0,0,0,0,shallow,mainly coral bot th,,137,102,102,red,0,36,1,2,14,Yes,Yes,Yes,9,23,0,1,0,4,None,Parked,Parked,0,0,0,0,0,0,6,1,5,13,39,79,102,2
2025wass_qm15,qm,1,15,frc2811,frc2811,frc2990,frc5468,frc6696,frc2412,frc3674,red,0,0,0,0,1,0,2,1,0,0,0,3,1,0,0,1,0,0,0,0,shallow,in the auto they placed on L4 and during the telop they placed 3 coral on L3 only and removed alage on level 1 for the climb they had a shallow climb but not a deep climb ,pk,197,197,222,blue,0,20,1,5,35,Yes,Yes,Yes,9,44,1,1,1,26,DeepCage,Parked,DeepCage,0,0,0,0,0,0,2,3,0,33,107,153,197,2
2025wass_qm15,qm,1,15,frc2990,frc2811,frc2990,frc5468,frc6696,frc2412,frc3674,red,0,0,0,0,0,1,0,1,1,0,0,3,2,1,0,0,0,0,0,1,parked,"Placed preloaded coral on reef and removed algae but removed placed coral. Ran fast cycles and were able to ground collect and place well. Missed sometimes, primarily on L2 but good on L3. Inaccurate collect since needs to collect coral vertically only. Ran cycles to the end and parked last second",PK,197,197,222,blue,0,20,1,5,35,Yes,Yes,Yes,9,44,1,1,1,26,DeepCage,Parked,DeepCage,0,0,0,0,0,0,2,3,0,33,107,153,197,2
2025wass_qm15,qm,1,15,frc5468,frc2811,frc2990,frc5468,frc6696,frc2412,frc3674,red,0,0,0,0,1,0,2,0,0,0,0,3,4,3,0,5,0,0,0,0,deep,"Did good, succeed. All attempts to keep the coral, mainly on L3",GK,197,197,222,blue,0,20,1,5,35,Yes,Yes,Yes,9,44,1,1,1,26,DeepCage,Parked,DeepCage,0,0,0,0,0,0,2,3,0,33,107,153,197,2
2025wass_qm15,qm,1,15,frc6696,frc2811,frc2990,frc5468,frc6696,frc2412,frc3674,blue,0,1,0,0,0,1,1,1,0,0,0,4,2,0,3,0,0,0,0,3,parked,"Miss reef 4x
Did algae off reef into barge 
Cleared algae them did coral
Kept scoring in endgame then park
Could do both algae and coral well
Did coral and algae in auto
",EG,197,222,222,blue,0,36,1,5,35,Yes,Yes,Yes,9,44,1,1,1,26,Parked,DeepCage,DeepCage,0,0,0,0,0,0,6,6,0,36,116,178,222,2
2025wass_qm15,qm,1,15,frc2412,frc2811,frc2990,frc5468,frc6696,frc2412,frc3674,blue,0,0,1,0,0,0,2,0,0,0,0,3,7,0,0,3,0,2,1,1,deep,"> accurate and fast coral placements
> can pick up coral from the ground
> placed L3 corals before all the L4s were down",IK,197,222,222,blue,0,36,1,5,35,Yes,Yes,Yes,9,44,1,1,1,26,Parked,DeepCage,DeepCage,0,0,0,0,0,0,6,6,0,36,116,178,222,2
2025wass_qm15,qm,1,15,frc3674,frc2811,frc2990,frc5468,frc6696,frc2412,frc3674,blue,0,0,0,0,1,0,2,0,0,0,0,4,2,0,0,4,0,0,0,0,deep,"Mainly coral bot, scored on levels 4, 3, and 2 during teleop
Could not pick up coral from the ground
During auto, was able to place 2 coral on level 4, almost scored 3 but then auto ended

Was able to deep climb easily at the end",AW,197,222,222,blue,0,36,1,5,35,Yes,Yes,Yes,9,44,1,1,1,26,Parked,DeepCage,DeepCage,0,0,0,0,0,0,6,6,0,36,116,178,222,2
2025wass_qm16,qm,1,16,frc6465,frc6465,frc9997,frc4043,frc9998,frc9992,frc9567,red,0,0,0,0,0,1,0,0,0,0,0,1,0,0,0,0,0,0,0,1,parked,they only were able to remove alage in teleop and they were able to score one coral on L3 they did not climb ,pk,22,22,108,blue,0,0,0,0,0,No,Yes,Yes,6,6,0,0,0,2,Parked,None,None,0,0,0,0,0,0,0,0,0,4,14,16,22,0
2025wass_qm16,qm,1,16,frc9997,frc6465,frc9997,frc4043,frc9998,frc9992,frc9567,red,0,0,0,0,1,0,0,0,0,0,0,0,0,1,0,0,0,0,0,0,none,Just left in auto. Tried to grab coral from the ground the entire match but didn't work well. Super slow and collect is not very accurate. Has trouble sucking coral in. ,PK,22,22,108,blue,0,0,0,0,0,No,Yes,Yes,6,6,0,0,0,2,Parked,None,None,0,0,0,0,0,0,0,0,0,4,14,16,22,0
2025wass_qm16,qm,1,16,frc4043,frc6465,frc9997,frc4043,frc9998,frc9992,frc9567,red,0,0,1,0,0,0,0,0,0,0,0,0,0,0,0,1,0,0,0,0,none,"Failed to do much for auto, in teleop, ended stuck on alage, for the remaining time of the round :(",GK,22,22,108,blue,0,0,0,0,0,No,Yes,Yes,6,6,0,0,0,2,Parked,None,None,0,0,0,0,0,0,0,0,0,4,14,16,22,0
2025wass_qm16,qm,1,16,frc9998,frc6465,frc9997,frc4043,frc9998,frc9992,frc9567,blue,0,0,0,0,1,0,2,0,0,0,0,5,5,0,3,3,1.2,0,0,3,parked,"The Orbit copy cycled lots of everything. L4s, L3, L2s. They were really good at algae. This allowed the victory of their alliance.",AH,22,108,108,blue,0,12,1,3,17,Yes,Yes,Yes,9,26,0,0,1,10,Parked,Parked,ShallowCage,0,0,0,0,0,0,3,5,0,20,60,82,108,0
2025wass_qm16,qm,1,16,frc9992,frc6465,frc9997,frc4043,frc9998,frc9992,frc9567,blue,0,0,1,0,0,0,0,0,0,0,0,0,0,0,0,0,0,0,0,0,parked,"> moves forward during auto but doesn't do anything else
> only did defense but was good at it
> great defense, prevented a lot of coral collection ",IK,22,108,108,blue,0,12,1,3,17,Yes,Yes,Yes,9,26,0,0,1,10,Parked,Parked,ShallowCage,0,0,0,0,0,0,3,5,0,20,60,82,108,0
2025wass_qm16,qm,1,16,frc9567,frc6465,frc9997,frc4043,frc9998,frc9992,frc9567,blue,0,0,0,0,0,1,0,0,0,1,0,0,0,4,0,0,0,0,0,0,shallow,"Did not do anything during auto

mainly coral bot that only scored on level 1
Very slow, could not move fast and had to stop often to prevent falling on its face

Took some time to shallow climb, started climbing very early",AW,22,108,108,blue,0,12,1,3,17,Yes,Yes,Yes,9,26,0,0,1,10,Parked,Parked,ShallowCage,0,0,0,0,0,0,3,5,0,20,60,82,108,0
2025wass_qm17,qm,1,17,frc3636,frc3636,frc2557,frc6343,frc1425,frc6443,frc4692,red,0,0,0,1,0,0,1,0,0,0,0,2,2,0,1,1,0,0,0,1,none,they removed one alage in the teleop they had coral on L3 and L4and they scored one time in the net ,,91,91,138,blue,0,8,0,0,0,Yes,Yes,Yes,9,9,0,0,0,2,None,Parked,None,0,0,0,0,1,0,2,0,1,21,72,82,91,0
2025wass_qm17,qm,1,17,frc2557,frc3636,frc2557,frc6343,frc1425,frc6443,frc4692,red,0,0,0,0,0,1,0,0,0,0,0,0,0,6,0,0,0,0,0,0,parked,"Good robot at defense, no auto except leaving, able to run cycles well but coral falls out of collection frequently. Seems to only be able to do L1",PK,91,91,138,blue,0,8,0,0,0,Yes,Yes,Yes,9,9,0,0,0,2,None,Parked,None,0,0,0,0,1,0,2,0,1,21,72,82,91,0
2025wass_qm17,qm,1,17,frc6343,frc3636,frc2557,frc6343,frc1425,frc6443,frc4692,red,0,0,1,0,0,0,0,0,0,0,0,0,0,0,0,0,0,0,0,0,none,"did not move at all, during the entire game. Do not record ",Gk,91,91,138,blue,0,8,0,0,0,Yes,Yes,Yes,9,9,0,0,0,2,None,Parked,None,0,0,0,0,1,0,2,0,1,21,72,82,91,0
2025wass_qm17,qm,1,17,frc1425,frc3636,frc2557,frc6343,frc1425,frc6443,frc4692,blue,0,0,0,0,1,0,2,0,0,0,0,4,1,0,0,1,0,0,0,3,deep,"We removed multiple algae off of the reef and also cycled coral on faces 2, 3, and 4. We got five RPs and Michael and Anshu cooked ðŸ³.",AH,91,138,138,blue,0,0,1,4,28,Yes,Yes,Yes,9,37,1,0,0,26,DeepCage,DeepCage,Parked,0,6,0,0,0,0,0,5,0,21,69,95,138,0
2025wass_qm17,qm,1,17,frc6443,frc3636,frc2557,frc6343,frc1425,frc6443,frc4692,blue,0,0,1,0,0,0,1,0,0,0,0,2,0,1,0,2,0,0,0,0,deep,"> slow placements
> mainly coral bot",IK,91,138,138,blue,0,0,1,4,28,Yes,Yes,Yes,9,37,1,0,0,26,DeepCage,DeepCage,Parked,0,6,0,0,0,0,0,5,0,21,69,95,138,0
2025wass_qm17,qm,1,17,frc4692,frc3636,frc2557,frc6343,frc1425,frc6443,frc4692,blue,0,0,0,0,0,0,1,0,0,0,0,0,0,1,0,4,0,0,0,0,parked,"very slow during auto, took the entire time to place one coral on level 4
Very slow placing of coral during teleop, mainly scored coral on level 4, dropped one and it landed on level 1
",AW,91,138,138,blue,0,0,1,4,28,Yes,Yes,Yes,9,37,1,0,0,26,DeepCage,DeepCage,Parked,0,6,0,0,0,0,0,5,0,21,69,95,138,0
2025wass_qm18,qm,1,18,frc2811,frc2811,frc1540,frc4488,frc6696,frc5468,frc2521,red,0,0,1,0,0,0,0,0,0,0,0,4,0,0,1,2,0,0,0,2,shallow,did not attempt to put any algae on the lower two levels but very efficient at getting the algae on the top level.,CH,68,68,136,blue,0,4,1,3,13,Yes,Yes,Yes,9,22,0,0,0,4,Parked,Parked,None,0,0,0,0,0,0,1,1,0,10,38,46,68,0
2025wass_qm18,qm,1,18,frc1540,frc2811,frc1540,frc4488,frc6696,frc5468,frc2521,red,0,0,0,0,1,0,1,0,0,0,0,0,0,0,0,1,0,0,0,1,none,"did barely do anything, did not park, kinda unsual for this team, only secured around 1 coral. ",GK,68,68,136,blue,0,4,1,3,13,Yes,Yes,Yes,9,22,0,0,0,4,Parked,Parked,None,0,0,0,0,0,0,1,1,0,10,38,46,68,0
2025wass_qm18,qm,1,18,frc4488,frc2811,frc1540,frc4488,frc6696,frc5468,frc2521,red,0,0,0,1,0,0,0,0,0,0,0,0,0,1,0,1,0,0,0,0,none,"was not able to do much. 
Did not contribute to the team much and missed a lot of shots for the coral ",SH,68,68,136,blue,0,4,1,3,13,Yes,Yes,Yes,9,22,0,0,0,4,Parked,Parked,None,0,0,0,0,0,0,1,1,0,10,38,46,68,0
2025wass_qm18,qm,1,18,frc6696,frc2811,frc1540,frc4488,frc6696,frc5468,frc2521,blue,0,0,0,0,0,1,1,1,0,0,0,2,0,0,3,1,0,0,0,2,parked,"Cardinal Dynamics were especially good at algae reef collection, and barge placement. They were able to score 3 algae from the reef to the barge. They also scored as many coral as possible, giving them the victory.",AH,68,136,136,blue,0,12,1,3,21,Yes,Yes,Yes,9,30,1,0,0,16,Parked,DeepCage,Parked,0,0,0,0,0,0,3,5,0,21,78,106,136,0
2025wass_qm18,qm,1,18,frc5468,frc2811,frc1540,frc4488,frc6696,frc5468,frc2521,blue,0,0,1,0,0,0,2,0,0,0,0,6,2,0,0,6,0,0,0,0,deep,"> 1 coral fell out during auto
> fast and efficient coral placements
",IK,68,136,136,blue,0,12,1,3,21,Yes,Yes,Yes,9,30,1,0,0,16,Parked,DeepCage,Parked,0,0,0,0,0,0,3,5,0,21,78,106,136,0
2025wass_qm18,qm,1,18,frc2521,frc2811,frc1540,frc4488,frc6696,frc5468,frc2521,blue,0,0,0,0,0,0,0,0,0,0,0,0,0,0,0,0,0,0,0,0,parked,"Did not score at all, when trying to take coral from human player, it just fell out
During auto, they tried to place a coral, but it also fell out",AW,68,136,136,blue,0,12,1,3,21,Yes,Yes,Yes,9,30,1,0,0,16,Parked,DeepCage,Parked,0,0,0,0,0,0,3,5,0,21,78,106,136,0
2025wass_qm19,qm,1,19,frc9450,frc9450,frc9992,frc6465,frc9994,frc9995,frc2990,red,0,0,1,0,0,0,1,0,0,0,0,4,3,3,1,0,0,0,0,2,deep,"great at moving quickly at putting coral on the every row except the top, which was not attempted, ",CH,93,93,45,red,0,8,0,1,7,Yes,Yes,No,6,13,1,0,0,16,DeepCage,Parked,Parked,0,0,0,0,0,0,2,4,2,19,56,80,93,0
2025wass_qm19,qm,1,19,frc9992,frc9450,frc9992,frc6465,frc9994,frc9995,frc2990,red,0,0,0,0,1,0,0,0,0,0,0,0,0,0,0,0,0,0,0,0,parked,spent most of it's time smashing into other things or just staying still. did not do much of anything. ,SH,93,93,45,red,0,8,0,1,7,Yes,Yes,No,6,13,1,0,0,16,DeepCage,Parked,Parked,0,0,0,0,0,0,2,4,2,19,56,80,93,0
2025wass_qm19,qm,1,19,frc6465,frc9450,frc9992,frc6465,frc9994,frc9995,frc2990,red,0,0,1,0,0,0,0,0,0,0,0,2,2,1,0,0,0,0,0,0,parked,"6465 did alright, mainly kept coral in L 2, did not star during auto, and did not clink for endgame.",GK,93,93,45,red,0,8,0,1,7,Yes,Yes,No,6,13,1,0,0,16,DeepCage,Parked,Parked,0,0,0,0,0,0,2,4,2,19,56,80,93,0
2025wass_qm19,qm,1,19,frc9994,frc9450,frc9992,frc6465,frc9994,frc9995,frc2990,blue,0,0,0,0,0,1,0,0,0,0,0,0,0,0,0,0,0,0,0,0,deep,"A Stop. Robot was not working so they started to play defense. They were attempting to block the human player station. They are able to get themselves off the ground but because they were not able to score any points, they lose the match: 93 v 45.",AH,93,45,45,red,0,0,0,0,0,No,No,Yes,3,3,1,0,0,16,DeepCage,Parked,Parked,0,12,0,0,0,0,0,1,0,4,14,30,45,0
2025wass_qm19,qm,1,19,frc9995,frc9450,frc9992,frc6465,frc9994,frc9995,frc2990,blue,0,0,1,0,0,0,0,0,0,0,0,0,0,0,0,0,0,0,0,0,parked,"> very slow
> unreliable coral placement
> no auto",IK,93,45,45,red,0,0,0,0,0,No,No,Yes,3,3,1,0,0,16,DeepCage,Parked,Parked,0,12,0,0,0,0,0,1,0,4,14,30,45,0
2025wass_qm19,qm,1,19,frc2990,frc9450,frc9992,frc6465,frc9994,frc9995,frc2990,blue,0,0,0,0,0,0,0,0,0,0,0,2,2,0,0,0,0,0,0,0,none,"Unreliable coral bot, mostly scores coral on levels 1 and 2, but missed many times

Attempted removing algae and failed

Did not do anything during auto

",AW,93,45,45,red,0,0,0,0,0,No,No,Yes,3,3,1,0,0,16,DeepCage,Parked,Parked,0,12,0,0,0,0,0,1,0,4,14,30,45,0
2025wass_qm20,qm,1,20,frc9993,frc9993,frc9567,frc3636,frc9998,frc3674,frc2557,red,0,0,1,0,0,0,0,0,0,0,0,0,0,0,0,0,63.000000000000625,1,0,0,none,Spent most of the time driving around in a corner before getting stuck on an algae it attempted to pick up.,CH,62,62,154,blue,0,6,0,0,0,Yes,Yes,Yes,9,9,0,0,0,6,None,ShallowCage,None,0,0,0,0,0,0,0,0,0,11,41,53,62,1
2025wass_qm20,qm,1,20,frc9567,frc9993,frc9567,frc3636,frc9998,frc3674,frc2557,red,0,0,0,1,0,0,0,0,0,1,0,0,0,2,0,0,0,0,0,0,shallow,"Was able to accomplish getting some coral but not much
achieved shallow climb as well",SH,62,62,154,blue,0,6,0,0,0,Yes,Yes,Yes,9,9,0,0,0,6,None,ShallowCage,None,0,0,0,0,0,0,0,0,0,11,41,53,62,1
2025wass_qm20,qm,1,20,frc3636,frc9993,frc9567,frc3636,frc9998,frc3674,frc2557,red,0,0,0,0,1,0,0,0,0,0,0,1,0,0,0,4,0,0,0,0,none,"Tried to keep more coral onto the reef during endgame, but failed all attempts, and didn't end up getting any park or climb",GK,62,62,154,blue,0,6,0,0,0,Yes,Yes,Yes,9,9,0,0,0,6,None,ShallowCage,None,0,0,0,0,0,0,0,0,0,11,41,53,62,1
2025wass_qm20,qm,1,20,frc9998,frc9993,frc9567,frc3636,frc9998,frc3674,frc2557,blue,0,0,0,0,1,0,2,0,0,0,0,3,4,2,2,5,0,0,0,2,parked,The Orbit copy had a 3 coral auto prepared but their first one missed making it only a two coral auto. They cycled on all levels and even got two algae into the barge. The robot is an overall all-rounder and helped their alliance get 5 RPs and the win.,AH,62,154,154,blue,0,8,1,5,35,Yes,Yes,Yes,9,44,0,0,1,6,Parked,Parked,Parked,0,0,0,0,0,0,2,5,0,34,96,110,154,0
2025wass_qm20,qm,1,20,frc3674,frc9993,frc9567,frc3636,frc9998,frc3674,frc2557,blue,0,0,0,0,0,0,3,0,0,0,0,4,2,0,0,1,0,0,0,1,parked,"> (mostly) accurate coral placement (only one missed in teleop
> started stacking L3s before all the L4s were stacked, left 2 L4s empty at the end",IK,62,154,154,blue,0,8,1,5,35,Yes,Yes,Yes,9,44,0,0,1,6,Parked,Parked,Parked,0,0,0,0,0,0,2,5,0,34,96,110,154,0
2025wass_qm20,qm,1,20,frc2557,frc9993,frc9567,frc3636,frc9998,frc3674,frc2557,blue,0,0,0,0,0,0,0,0,0,0,0,0,0,8,0,0,0,0,0,0,parked,"Mainly coral bot, scoring on level 1 

Was fast, but ran into other robots often and would accidentally knock coral off

During auto, it just drives close with a preloaded coral and stops",AW,62,154,154,blue,0,8,1,5,35,Yes,Yes,Yes,9,44,0,0,1,6,Parked,Parked,Parked,0,0,0,0,0,0,2,5,0,34,96,110,154,0
2025wass_qm21,qm,1,21,frc4043,frc4043,frc1425,frc2412,frc1540,frc9997,frc6443,red,0,0,0,1,0,0,0,0,0,0,0,0,0,1,0,3,0,0,0,2,none,"
Good at putting corals on the top level but consistently lost corals on the lower levels.
Very quick moving and has a habit of smashing against the walls and other robots, Did not attempt a climb. ",CH,122,122,70,red,0,12,0,4,28,No,Yes,Yes,6,34,0,1,1,4,None,Parked,Parked,0,0,0,0,0,0,0,4,0,25,72,88,122,2
2025wass_qm21,qm,1,21,frc1425,frc4043,frc1425,frc2412,frc1540,frc9997,frc6443,red,0,0,0,0,1,0,2,0,0,0,0,3,0,1,0,1,0,0,0,1,deep,"lost a few corals but overall good
nice attack method?",SH,122,122,70,red,0,12,0,4,28,No,Yes,Yes,6,34,0,1,1,4,None,Parked,Parked,0,0,0,0,0,0,0,4,0,25,72,88,122,2
2025wass_qm21,qm,1,21,frc2412,frc4043,frc1425,frc2412,frc1540,frc9997,frc6443,red,0,0,1,0,0,0,2,0,0,0,0,2,5,5,0,1,0,2,1,1,parked,they seemed like a good team to take. They were able to quickly intake algae and score in the processor. Had ground and station collect. Were decently fast and did not have major inconsistency. Coral ground collect was a pretty precise,HD,122,122,70,red,0,12,0,4,28,No,Yes,Yes,6,34,0,1,1,4,None,Parked,Parked,0,0,0,0,0,0,0,4,0,25,72,88,122,2
2025wass_qm21,qm,1,21,frc1540,frc4043,frc1425,frc2412,frc1540,frc9997,frc6443,blue,0,0,0,0,1,0,0,0,0,0,0,0,0,0,0,0,0,0,0,0,none,Flaming Chickens most likely chose the wrong auto mode as their robot was immediately A-Stopped. It would appear that their robot's intake has stopped working so they had to play defense for the remainder of the match. Their alliance was not able to win the match.,AH,122,70,70,red,0,8,0,0,0,Yes,Yes,Yes,9,9,1,0,0,16,Parked,Parked,DeepCage,0,0,0,0,0,0,2,1,0,8,37,61,70,0
2025wass_qm21,qm,1,21,frc9997,frc4043,frc1425,frc2412,frc1540,frc9997,frc6443,blue,0,0,0,0,0,1,0,0,0,0,0,0,0,1,0,0,0,0,0,0,parked,only got 1 coral in the whole match because they were not able to pick any up but were able to park.,AB,122,70,70,red,0,8,0,0,0,Yes,Yes,Yes,9,9,1,0,0,16,Parked,Parked,DeepCage,0,0,0,0,0,0,2,1,0,8,37,61,70,0
2025wass_qm21,qm,1,21,frc6443,frc4043,frc1425,frc2412,frc1540,frc9997,frc6443,blue,0,0,1,0,0,0,0,1,0,0,0,0,0,0,0,7,0,0,0,0,none,,,122,70,70,red,0,8,0,0,0,Yes,Yes,Yes,9,9,1,0,0,16,Parked,Parked,DeepCage,0,0,0,0,0,0,2,1,0,8,37,61,70,0
2025wass_qm22,qm,1,22,frc4488,frc4488,frc4692,frc6343,frc6696,frc2811,frc9992,red,0,0,1,0,0,0,0,0,0,0,0,,,,,,,,,,none,consistently missed corals and could not pull itself off of the floor. Also had trouble orienting itself to receive coral.,CH,87,87,141,blue,0,12,0,0,0,Yes,Yes,Yes,9,9,0,1,0,4,Parked,Parked,None,0,12,0,0,0,0,0,0,0,11,50,66,87,2
2025wass_qm22,qm,1,22,frc4692,frc4488,frc4692,frc6343,frc6696,frc2811,frc9992,red,0,0,0,0,0,0,0,0,0,0,0,0,0,0,0,2,0,0,0,0,parked,"was able to stack some coral
was really slow while stacking the coral though",SH,87,87,141,blue,0,12,0,0,0,Yes,Yes,Yes,9,9,0,1,0,4,Parked,Parked,None,0,12,0,0,0,0,0,0,0,11,50,66,87,2
2025wass_qm22,qm,1,22,frc6343,frc4488,frc4692,frc6343,frc6696,frc2811,frc9992,red,0,0,0,0,0,1,0,0,0,0,0,2,0,0,0,5,0,0,0,1,none,"slow but versatile robot. Was able to score uninterrupted and had good driving with traffic. Just the robot was not fast in collection, driving or placing.",HD,87,87,141,blue,0,12,0,0,0,Yes,Yes,Yes,9,9,0,1,0,4,Parked,Parked,None,0,12,0,0,0,0,0,0,0,11,50,66,87,2
2025wass_qm22,qm,1,22,frc6696,frc4488,frc4692,frc6343,frc6696,frc2811,frc9992,blue,0,0,0,0,0,0,0,0,0,0,0,,,,,,,,,,,,,87,141,141,blue,0,24,1,3,21,Yes,Yes,Yes,9,30,0,0,0,6,Parked,Parked,Parked,0,0,0,0,0,0,6,4,2,21,81,111,141,0
2025wass_qm22,qm,1,22,frc2811,frc4488,frc4692,frc6343,frc6696,frc2811,frc9992,blue,0,0,1,0,0,0,1,0,0,0,0,4,0,0,0,5,0,0,0,1,parked,was very good at placing coral on the reef and removing algea and was able to park in time.,AB,87,141,141,blue,0,24,1,3,21,Yes,Yes,Yes,9,30,0,0,0,6,Parked,Parked,Parked,0,0,0,0,0,0,6,4,2,21,81,111,141,0
2025wass_qm22,qm,1,22,frc9992,frc4488,frc4692,frc6343,frc6696,frc2811,frc9992,blue,0,0,0,0,0,1,0,0,0,0,0,0,0,0,0,0,0,0,0,0,parked,Only moved forward in auto. All they did was defense.,RP,87,141,141,blue,0,24,1,3,21,Yes,Yes,Yes,9,30,0,0,0,6,Parked,Parked,Parked,0,0,0,0,0,0,6,4,2,21,81,111,141,0
2025wass_qm23,qm,1,23,frc3636,frc3636,frc6465,frc2521,frc5468,frc9450,frc9994,red,0,0,1,0,0,0,2,0,0,0,0,1,0,0,1,1,65.70000000000054,0,0,1,none,Very good at getting corals on the highest level quickly and consistently. Was incapacitated and therefore could not attempt a climb.,CH,94,94,233,blue,0,24,1,2,14,Yes,Yes,Yes,9,23,0,1,0,4,None,Parked,Parked,0,0,0,0,0,0,3,1,0,15,43,71,94,2
2025wass_qm23,qm,1,23,frc6465,frc3636,frc6465,frc2521,frc5468,frc9450,frc9994,red,0,0,0,1,0,0,0,0,0,0,0,4,4,0,0,0,0,0,0,1,parked,"was able to collect a fair amount of coral in good time
did have some coral knocked off
didn't reach any coral on the very top",SH,94,94,233,blue,0,24,1,2,14,Yes,Yes,Yes,9,23,0,1,0,4,None,Parked,Parked,0,0,0,0,0,0,3,1,0,15,43,71,94,2
2025wass_qm23,qm,1,23,frc2521,frc3636,frc6465,frc2521,frc5468,frc9450,frc9994,red,0,0,0,0,1,0,0,0,0,0,0,0,0,2,0,0,2.500000000000001,0,0,0,parked,"missed 1 l4 in auto. Arm broke so they could not place, showed resilience by placing in l1 by ramming coral out of their funnel. Still would have been okay if did not break down.",HD,94,94,233,blue,0,24,1,2,14,Yes,Yes,Yes,9,23,0,1,0,4,None,Parked,Parked,0,0,0,0,0,0,3,1,0,15,43,71,94,2
2025wass_qm23,qm,1,23,frc5468,frc3636,frc6465,frc2521,frc5468,frc9450,frc9994,blue,0,0,0,0,1,0,3,0,0,0,0,7,5,0,0,3,0,0,0,0,deep,"Chaos Theory was cycling on every level along with their alliance partners, the identical twinning Velocity Raptors. Their 3 coral auto was spot on, as they continued to cycle in Teleop. Then in the end, all three robots were able to deep climb giving them the high score of the event and SIX RPs, which is CRAZY.",AH,94,233,233,blue,0,40,1,6,38,Yes,Yes,Yes,9,47,1,1,1,36,DeepCage,DeepCage,DeepCage,0,0,0,0,0,0,7,6,0,37,110,186,233,2
2025wass_qm23,qm,1,23,frc9450,frc3636,frc6465,frc2521,frc5468,frc9450,frc9994,blue,0,0,0,0,0,0,0,1,0,0,0,3,3,1,2,2,0,0,0,1,none,,,94,233,233,blue,0,40,1,6,38,Yes,Yes,Yes,9,47,1,1,1,36,DeepCage,DeepCage,DeepCage,0,0,0,0,0,0,7,6,0,37,110,186,233,2
2025wass_qm23,qm,1,23,frc9994,frc3636,frc6465,frc2521,frc5468,frc9450,frc9994,blue,0,0,0,0,0,1,0,1,0,0,0,0,0,2,4,0,0,4,6,2,deep,missed a coral and barge in auto. In teleop they processed and barged very quickly. In endgame they are able to deep climb and win.,RP,94,233,233,blue,0,40,1,6,38,Yes,Yes,Yes,9,47,1,1,1,36,DeepCage,DeepCage,DeepCage,0,0,0,0,0,0,7,6,0,37,110,186,233,2
2025wass_qm24,qm,1,24,frc2557,frc2557,frc4043,frc9995,frc2990,frc9998,frc2412,red,0,0,0,0,1,0,0,0,0,0,0,0,0,12,0,0,0,0,0,0,parked,Very consistently placed corals on the lower levels and very quickly as well. Is unable to place corals on a higher level however. ,CH,56,56,161,blue,0,0,0,0,0,Yes,No,No,3,3,0,0,0,4,Parked,Parked,None,0,0,0,0,0,0,0,0,0,17,49,53,56,0
2025wass_qm24,qm,1,24,frc4043,frc2557,frc4043,frc9995,frc2990,frc9998,frc2412,red,0,0,1,0,0,0,0,0,0,0,0,0,0,2,0,6,0,0,0,2,parked,"was able to get a lot of coral (especially on the top row)
knocked off some algae as well
was pretty speedy",SH,56,56,161,blue,0,0,0,0,0,Yes,No,No,3,3,0,0,0,4,Parked,Parked,None,0,0,0,0,0,0,0,0,0,17,49,53,56,0
2025wass_qm24,qm,1,24,frc9995,frc2557,frc4043,frc9995,frc2990,frc9998,frc2412,red,0,0,0,0,0,0,0,0,0,0,0,0,0,0,0,0,4.799999999999999,0,0,0,none,were absent for this match,HD,56,56,161,blue,0,0,0,0,0,Yes,No,No,3,3,0,0,0,4,Parked,Parked,None,0,0,0,0,0,0,0,0,0,17,49,53,56,0
2025wass_qm24,qm,1,24,frc2990,frc2557,frc4043,frc9995,frc2990,frc9998,frc2412,blue,0,0,0,0,0,1,0,1,1,0,0,0,3,0,0,0,15.499999999999961,0,0,0,none,"Auto consists of L3 + Algae removal. They cycle L3 and L2 throughout the match and near the end of the match get bottomed out on an algae. However, with the help of their alliance partners, they win the match with 6 RPs.",AH,56,161,161,blue,0,4,1,4,27,Yes,Yes,Yes,9,36,1,0,1,14,None,Parked,DeepCage,0,0,0,0,0,0,1,6,0,35,107,125,161,0
2025wass_qm24,qm,1,24,frc9998,frc2557,frc4043,frc9995,frc2990,frc9998,frc2412,blue,0,0,0,0,1,0,0,0,0,0,0,1,2,3,0,3,0,0,0,0,parked,pretty good a coral placing on the reef and at picking it up of the floor also a very agile robot.,AB,56,161,161,blue,0,4,1,4,27,Yes,Yes,Yes,9,36,1,0,1,14,None,Parked,DeepCage,0,0,0,0,0,0,1,6,0,35,107,125,161,0
2025wass_qm24,qm,1,24,frc2412,frc2557,frc4043,frc9995,frc2990,frc9998,frc2412,blue,0,0,1,0,0,0,2,0,0,0,0,1,3,3,0,4,0,0,0,2,deep,"almost got a 3 coral auto. In teleop they were pretty fast with getting coral. In endgame they secured a deep climb. Overall, they didn't do bad but nothing crazy",RP,56,161,161,blue,0,4,1,4,27,Yes,Yes,Yes,9,36,1,0,1,14,None,Parked,DeepCage,0,0,0,0,0,0,1,6,0,35,107,125,161,0
2025wass_qm25,qm,1,25,frc3674,frc3674,frc9567,frc6443,frc9993,frc1425,frc9997,red,0,0,0,0,1,0,3,0,0,0,0,2,2,0,0,3,0,0,0,1,shallow,Very good at consistently putting coral on any level. Very quick moving ,CH,159,159,105,red,0,36,1,4,24,Yes,Yes,Yes,9,33,1,1,0,26,DeepCage,Parked,DeepCage,0,2,0,0,0,0,6,5,0,18,62,124,159,2
2025wass_qm25,qm,1,25,frc9567,frc3674,frc9567,frc6443,frc9993,frc1425,frc9997,red,0,0,0,1,0,0,0,1,0,0,0,0,0,1,0,0,0,0,0,0,parked,"slammed into walls a lot and was very aggresive with it's driving
not the best with it's control and did not place many coral or knock algae",SH,159,159,105,red,0,36,1,4,24,Yes,Yes,Yes,9,33,1,1,0,26,DeepCage,Parked,DeepCage,0,2,0,0,0,0,6,5,0,18,62,124,159,2
2025wass_qm25,qm,1,25,frc6443,frc3674,frc9567,frc6443,frc9993,frc1425,frc9997,red,0,0,1,0,0,0,0,0,0,0,0,2,0,0,0,5,0,0,0,0,deep,coral fell out during auto. Were consistent during the match were slow and steady. Had decent collection and moving. Some delays while placing.,HD,159,159,105,red,0,36,1,4,24,Yes,Yes,Yes,9,33,1,1,0,26,DeepCage,Parked,DeepCage,0,2,0,0,0,0,6,5,0,18,62,124,159,2
2025wass_qm25,qm,1,25,frc9993,frc3674,frc9567,frc6443,frc9993,frc1425,frc9997,blue,0,0,1,0,0,0,0,0,0,0,0,0,0,0,0,0,0,6,6,0,parked,"Do nothing auto, followed by cycling processor. They were able to get a total of 6 algae into the processor. After that, they parked under the barge. Despite their efforts, they lose the match.",AH,159,105,105,red,0,40,1,1,7,Yes,Yes,Yes,9,16,1,1,0,16,Parked,DeepCage,Parked,1,0,0,0,0,0,1,2,0,10,33,89,105,6
2025wass_qm25,qm,1,25,frc1425,frc3674,frc9567,frc6443,frc9993,frc1425,frc9997,blue,0,0,0,0,1,0,1,0,0,0,0,4,1,0,0,2,0,0,0,2,deep,got 2 coral in auto and 10 in teleop as well as got 2 algae out of the reef.,AB,159,105,105,red,0,40,1,1,7,Yes,Yes,Yes,9,16,1,1,0,16,Parked,DeepCage,Parked,1,0,0,0,0,0,1,2,0,10,33,89,105,6
2025wass_qm25,qm,1,25,frc9997,frc3674,frc9567,frc6443,frc9993,frc1425,frc9997,blue,0,0,0,0,0,1,0,0,0,0,0,0,0,2,0,0,0,0,0,0,none,"had to a stop in auto. In teleop only got 2 l2s and ground collected. Overall, not a great preformance",RP,159,105,105,red,0,40,1,1,7,Yes,Yes,Yes,9,16,1,1,0,16,Parked,DeepCage,Parked,1,0,0,0,0,0,1,2,0,10,33,89,105,6
2025wass_qm26,qm,1,26,frc5468,frc5468,frc6343,frc1540,frc6465,frc6696,frc4692,red,0,0,0,0,1,0,0,1,0,0,0,2,0,0,0,5,0,0,0,0,shallow,in the auto they removed one alage in the teleop they placed a lot of coral on L4 they would make a great alliance partner but however in the endgame they only shallowed climbed ,pk,129,129,116,red,0,0,1,3,21,Yes,Yes,Yes,9,30,1,0,0,26,DeepCage,Parked,DeepCage,1,0,0,0,0,0,0,5,0,19,73,99,129,0
2025wass_qm26,qm,1,26,frc6343,frc5468,frc6343,frc1540,frc6465,frc6696,frc4692,red,0,0,0,0,0,1,0,0,0,0,0,2,0,0,0,1,0,0,0,0,parked,"Missed L4 in auto, missed alot of coral on L2-4, got coral stuck in robot 2 times, park",CW,129,129,116,red,0,0,1,3,21,Yes,Yes,Yes,9,30,1,0,0,26,DeepCage,Parked,DeepCage,1,0,0,0,0,0,0,5,0,19,73,99,129,0
2025wass_qm26,qm,1,26,frc1540,frc5468,frc6343,frc1540,frc6465,frc6696,frc4692,red,0,0,0,0,1,0,0,0,0,0,0,0,0,0,0,0,0,0,0,0,deep,Defense because robot was not cooperating. Not to many fouls and did a decent job at slowing down the other allisnce,HD,129,129,116,red,0,0,1,3,21,Yes,Yes,Yes,9,30,1,0,0,26,DeepCage,Parked,DeepCage,1,0,0,0,0,0,0,5,0,19,73,99,129,0
2025wass_qm26,qm,1,26,frc6465,frc5468,frc6343,frc1540,frc6465,frc6696,frc4692,blue,0,0,1,0,0,0,0,0,0,0,0,3,3,0,0,0,0,0,0,1,parked,"No auto, no L4, inconsistent L3. Other than that, still slow.",AM,129,116,116,red,0,8,1,2,14,Yes,Yes,Yes,9,23,0,0,0,4,Parked,Parked,None,0,2,0,0,0,0,2,1,0,20,79,91,116,0
2025wass_qm26,qm,1,26,frc6696,frc5468,frc6343,frc1540,frc6465,frc6696,frc4692,blue,0,0,0,0,1,0,1,0,0,0,0,2,0,0,1,6,0,0,0,1,parked,"Auto was not too great, only scored one coral on l4. Got 8 cycles, placing isn't that consistent and cycle times were slow. Can do last minute barge algae though",DS,129,116,116,red,0,8,1,2,14,Yes,Yes,Yes,9,23,0,0,0,4,Parked,Parked,None,0,2,0,0,0,0,2,1,0,20,79,91,116,0
2025wass_qm26,qm,1,26,frc4692,frc5468,frc6343,frc1540,frc6465,frc6696,frc4692,blue,0,0,0,0,0,1,1,0,0,0,0,0,0,0,0,3,0,0,0,1,none,"very slow at the beginning of the match, and takes a long time to place a coral. Then they slammed into the collect station and was motionless for the rest of the match. Also, kept getting in the way of other robots mid match. ",OA,129,116,116,red,0,8,1,2,14,Yes,Yes,Yes,9,23,0,0,0,4,Parked,Parked,None,0,2,0,0,0,0,2,1,0,20,79,91,116,0
2025wass_qm27,qm,1,27,frc2412,frc2412,frc2557,frc4488,frc9450,frc4043,frc3636,red,0,0,0,0,1,0,2,0,0,0,0,1,0,1,0,5,0,0,1,1,shallow,"they placed on L4 on the coral in the teleop they removed one algae and they placed on L3 and L4 they ended up climbing early though


",pk,165,165,182,blue,0,0,1,3,21,Yes,Yes,Yes,9,30,1,0,1,14,DeepCage,Parked,None,0,0,0,0,0,0,0,3,0,39,121,135,165,0
2025wass_qm27,qm,1,27,frc2557,frc2412,frc2557,frc4488,frc9450,frc4043,frc3636,red,0,0,0,0,0,1,0,0,0,0,0,0,0,8,0,0,0,0,0,0,parked,"Just left in auto, missed a few L1, fast collecting, parked",CW,165,165,182,blue,0,0,1,3,21,Yes,Yes,Yes,9,30,1,0,1,14,DeepCage,Parked,None,0,0,0,0,0,0,0,3,0,39,121,135,165,0
2025wass_qm27,qm,1,27,frc4488,frc2412,frc2557,frc4488,frc9450,frc4043,frc3636,red,0,0,0,0,1,0,1,0,0,0,0,2,2,1,0,2,0.4,0,0,0,none,"where a decent bot, did one coral in auto. Could drive fast and had smooth collection, but placement was really slow, on first 3 cycles took 10 sec to align. No alage attempted.",HD,165,165,182,blue,0,0,1,3,21,Yes,Yes,Yes,9,30,1,0,1,14,DeepCage,Parked,None,0,0,0,0,0,0,0,3,0,39,121,135,165,0
2025wass_qm27,qm,1,27,frc9450,frc2412,frc2557,frc4488,frc9450,frc4043,frc3636,blue,0,0,1,0,0,0,1,0,0,0,0,0,0,5,5,2,0,0,0,5,deep,Great algae removal and barge scoring. They also are really good at L1. No L2-4 at all.,AM,165,182,182,blue,0,24,0,4,24,Yes,Yes,No,6,30,1,0,1,16,DeepCage,Parked,Parked,0,0,0,0,0,0,6,5,0,35,112,152,182,0
2025wass_qm27,qm,1,27,frc4043,frc2412,frc2557,frc4488,frc9450,frc4043,frc3636,blue,0,0,0,0,1,0,1,0,0,0,0,5,1,0,0,2,0,0,0,0,parked,"Didn't do much in auto, only got one l4 coral, and got some cycles, but was slow and took time to lineup and place.",DS,165,182,182,blue,0,24,0,4,24,Yes,Yes,No,6,30,1,0,1,16,DeepCage,Parked,Parked,0,0,0,0,0,0,6,5,0,35,112,152,182,0
2025wass_qm27,qm,1,27,frc3636,frc2412,frc2557,frc4488,frc9450,frc4043,frc3636,blue,0,0,0,0,0,1,1,0,0,0,0,4,3,1,1,5,0,0,0,1,parked,"pretty fast robot, especially at placing coral. During auto, it attempted to take off two algae and didn't and then tried to put it in the barge without holding anything. Otherwise, pretty quick and good with traffic.",OA,165,182,182,blue,0,24,0,4,24,Yes,Yes,No,6,30,1,0,1,16,DeepCage,Parked,Parked,0,0,0,0,0,0,6,5,0,35,112,152,182,0
2025wass_qm28,qm,1,28,frc9567,frc9567,frc2521,frc1425,frc2990,frc9993,frc9992,red,0,0,0,1,0,0,0,0,0,0,0,2,0,1,0,2,0,0,0,0,shallow,"in the auto they were incapicted but in the teleop they consinstly scored on levels 3 and 4 and they scored on L1 for climb they shallow climbed 
 ",pk,98,98,65,red,0,16,1,2,10,Yes,Yes,Yes,9,19,1,0,0,20,ShallowCage,Parked,DeepCage,0,12,0,0,0,0,4,5,0,9,31,67,98,0
2025wass_qm28,qm,1,28,frc2521,frc9567,frc2521,frc1425,frc2990,frc9993,frc9992,red,0,0,0,0,1,0,0,0,0,0,0,0,0,0,0,0,0,0,0,0,parked,"dissabled in auto, was trying to do L1 a weird way but did not score",CW,98,98,65,red,0,16,1,2,10,Yes,Yes,Yes,9,19,1,0,0,20,ShallowCage,Parked,DeepCage,0,12,0,0,0,0,4,5,0,9,31,67,98,0
2025wass_qm28,qm,1,28,frc1425,frc9567,frc2521,frc1425,frc2990,frc9993,frc9992,red,0,0,1,0,0,0,1,0,0,0,0,2,0,0,0,3,0,0,0,2,deep,the best,HD,98,98,65,red,0,16,1,2,10,Yes,Yes,Yes,9,19,1,0,0,20,ShallowCage,Parked,DeepCage,0,12,0,0,0,0,4,5,0,9,31,67,98,0
2025wass_qm28,qm,1,28,frc2990,frc9567,frc2521,frc1425,frc2990,frc9993,frc9992,blue,0,0,0,0,0,0,0,0,0,0,0,2,0,0,0,0,0,0,0,2,parked,"inconsistent algae removal, bad auto, only scored on L3",AM,98,65,65,red,0,30,0,0,0,Yes,Yes,Yes,9,9,0,1,0,6,Parked,Parked,Parked,0,0,0,0,0,0,0,0,2,5,20,56,65,5
2025wass_qm28,qm,1,28,frc9993,frc9567,frc2521,frc1425,frc2990,frc9993,frc9992,blue,0,0,0,0,1,0,0,0,0,0,0,0,0,0,0,0,0,3,0,0,parked,Didn;t do anything in auto. Can't do coral. Only can do processor algae.,DS,98,65,65,red,0,30,0,0,0,Yes,Yes,Yes,9,9,0,1,0,6,Parked,Parked,Parked,0,0,0,0,0,0,0,0,2,5,20,56,65,5
2025wass_qm28,qm,1,28,frc9992,frc9567,frc2521,frc1425,frc2990,frc9993,frc9992,blue,0,0,0,0,0,0,0,0,0,0,0,0,0,0,0,0,0,0,0,0,parked,"immediately dropped two coral at beginning of teleop, so it went to go play defense was pretty effective at defense.",OA,98,65,65,red,0,30,0,0,0,Yes,Yes,Yes,9,9,0,1,0,6,Parked,Parked,Parked,0,0,0,0,0,0,0,0,2,5,20,56,65,5
2025wass_qm29,qm,1,29,frc9997,frc9997,frc9994,frc9998,frc9995,frc6443,frc2811,red,0,0,0,0,1,0,0,0,0,0,0,0,0,0,0,0,0,0,0,0,,,,64,64,95,blue,0,32,0,0,0,Yes,Yes,No,6,6,1,0,0,14,None,DeepCage,Parked,0,0,0,0,0,0,8,1,1,6,12,58,64,0
2025wass_qm29,qm,1,29,frc9994,frc9997,frc9994,frc9998,frc9995,frc6443,frc2811,red,0,0,0,0,0,1,0,1,0,0,0,0,0,1,9,0,0,0,5,4,deep,missed ,,64,64,95,blue,0,32,0,0,0,Yes,Yes,No,6,6,1,0,0,14,None,DeepCage,Parked,0,0,0,0,0,0,8,1,1,6,12,58,64,0
2025wass_qm29,qm,1,29,frc9998,frc9997,frc9994,frc9998,frc9995,frc6443,frc2811,red,0,0,0,0,1,0,0,0,0,0,0,,,,,,,,,,,,,64,64,95,blue,0,32,0,0,0,Yes,Yes,No,6,6,1,0,0,14,None,DeepCage,Parked,0,0,0,0,0,0,8,1,1,6,12,58,64,0
2025wass_qm29,qm,1,29,frc9995,frc9997,frc9994,frc9998,frc9995,frc6443,frc2811,blue,0,0,0,0,0,1,0,0,0,0,0,0,0,1,0,0,0,0,0,0,parked,scored 1 L1 then did absolutely nothing afterwards. parked.,AM,64,95,95,blue,0,4,1,2,14,Yes,Yes,Yes,9,23,1,0,0,16,Parked,Parked,DeepCage,0,6,0,0,0,0,1,5,0,12,46,66,95,0
2025wass_qm29,qm,1,29,frc6443,frc9997,frc9994,frc9998,frc9995,frc6443,frc2811,blue,0,0,0,0,1,0,1,0,0,0,0,0,0,0,0,7,0,0,0,0,parked,"Was relatively good with l4 scoring, but was terrible when trying to remove algae.",DS,64,95,95,blue,0,4,1,2,14,Yes,Yes,Yes,9,23,1,0,0,16,Parked,Parked,DeepCage,0,6,0,0,0,0,1,5,0,12,46,66,95,0
2025wass_qm29,qm,1,29,frc2811,frc9997,frc9994,frc9998,frc9995,frc6443,frc2811,blue,0,0,1,0,0,0,1,0,0,0,0,0,0,0,1,1,0,0,1,2,deep,dropped three coral at the beginning. Pretty good algae bot but took more than 30 seconds to climb.,OA,64,95,95,blue,0,4,1,2,14,Yes,Yes,Yes,9,23,1,0,0,16,Parked,Parked,DeepCage,0,6,0,0,0,0,1,5,0,12,46,66,95,0
2025wass_qm30,qm,1,30,frc3674,frc3674,frc4692,frc9450,frc4488,frc4043,frc5468,red,,,,,,,,,,,,,,,,,,,,,,,,135,135,137,blue,0,16,1,4,28,Yes,Yes,Yes,9,37,1,0,0,16,Parked,Parked,DeepCage,0,2,0,0,0,0,4,2,0,20,64,96,135,0
2025wass_qm30,qm,1,30,frc4692,frc3674,frc4692,frc9450,frc4488,frc4043,frc5468,red,,,,,,,,,,,,,,,,,,,,,,,,135,135,137,blue,0,16,1,4,28,Yes,Yes,Yes,9,37,1,0,0,16,Parked,Parked,DeepCage,0,2,0,0,0,0,4,2,0,20,64,96,135,0
2025wass_qm30,qm,1,30,frc9450,frc3674,frc4692,frc9450,frc4488,frc4043,frc5468,red,,,,,,,,,,,,,,,,,,,,,,,,135,135,137,blue,0,16,1,4,28,Yes,Yes,Yes,9,37,1,0,0,16,Parked,Parked,DeepCage,0,2,0,0,0,0,4,2,0,20,64,96,135,0
2025wass_qm30,qm,1,30,frc4488,frc3674,frc4692,frc9450,frc4488,frc4043,frc5468,blue,0,0,0,0,0,0,0,0,0,0,0,,,,,,,,,,,,,135,137,137,blue,0,0,1,4,28,Yes,Yes,Yes,9,37,1,0,0,16,Parked,Parked,DeepCage,1,0,0,0,0,0,0,5,0,25,84,100,137,0
2025wass_qm30,qm,1,30,frc4043,frc3674,frc4692,frc9450,frc4488,frc4043,frc5468,blue,0,0,0,0,0,0,0,0,0,0,0,,,,,,,,,,,,,135,137,137,blue,0,0,1,4,28,Yes,Yes,Yes,9,37,1,0,0,16,Parked,Parked,DeepCage,1,0,0,0,0,0,0,5,0,25,84,100,137,0
2025wass_qm30,qm,1,30,frc5468,frc3674,frc4692,frc9450,frc4488,frc4043,frc5468,blue,,,,,,,,,,,,,,,,,,,,,,,,135,137,137,blue,0,0,1,4,28,Yes,Yes,Yes,9,37,1,0,0,16,Parked,Parked,DeepCage,1,0,0,0,0,0,0,5,0,25,84,100,137,0
2025wass_f1m1,f,1,1,frc9998,frc9998,frc9994,frc2412,frc2811,frc3636,frc1425,red,,,,,,,,,,,,,,,,,,,,,,,,227,227,169,red,0,48,0,5,27,Yes,Yes,Yes,9,36,0,0,0,16,Parked,DeepCage,Parked,0,6,0,0,0,0,12,0,0,35,121,185,227,0
2025wass_f1m1,f,1,1,frc9994,frc9998,frc9994,frc2412,frc2811,frc3636,frc1425,red,,,,,,,,,,,,,,,,,,,,,,,,227,227,169,red,0,48,0,5,27,Yes,Yes,Yes,9,36,0,0,0,16,Parked,DeepCage,Parked,0,6,0,0,0,0,12,0,0,35,121,185,227,0
2025wass_f1m1,f,1,1,frc2412,frc9998,frc9994,frc2412,frc2811,frc3636,frc1425,red,,,,,,,,,,,,,,,,,,,,,,,,227,227,169,red,0,48,0,5,27,Yes,Yes,Yes,9,36,0,0,0,16,Parked,DeepCage,Parked,0,6,0,0,0,0,12,0,0,35,121,185,227,0
2025wass_f1m1,f,1,1,frc2811,frc9998,frc9994,frc2412,frc2811,frc3636,frc1425,blue,,,,,,,,,,,,,,,,,,,,,,,,227,169,169,red,0,20,0,2,14,Yes,Yes,Yes,9,23,0,0,0,26,DeepCage,Parked,DeepCage,0,0,0,0,0,0,2,0,1,27,100,146,169,2
2025wass_f1m1,f,1,1,frc3636,frc9998,frc9994,frc2412,frc2811,frc3636,frc1425,blue,,,,,,,,,,,,,,,,,,,,,,,,227,169,169,red,0,20,0,2,14,Yes,Yes,Yes,9,23,0,0,0,26,DeepCage,Parked,DeepCage,0,0,0,0,0,0,2,0,1,27,100,146,169,2
2025wass_f1m1,f,1,1,frc1425,frc9998,frc9994,frc2412,frc2811,frc3636,frc1425,blue,,,,,,,,,,,,,,,,,,,,,,,,227,169,169,red,0,20,0,2,14,Yes,Yes,Yes,9,23,0,0,0,26,DeepCage,Parked,DeepCage,0,0,0,0,0,0,2,0,1,27,100,146,169,2
2025wass_f1m2,f,1,2,frc9998,frc9998,frc9994,frc2412,frc9993,frc3636,frc1425,red,,,,,,,,,,,,,,,,,,,,,,,,250,250,193,red,0,68,0,1,7,Yes,Yes,Yes,9,16,0,0,0,26,Parked,DeepCage,DeepCage,0,0,0,0,0,0,14,0,0,38,140,234,250,2
2025wass_f1m2,f,1,2,frc9994,frc9998,frc9994,frc2412,frc9993,frc3636,frc1425,red,,,,,,,,,,,,,,,,,,,,,,,,250,250,193,red,0,68,0,1,7,Yes,Yes,Yes,9,16,0,0,0,26,Parked,DeepCage,DeepCage,0,0,0,0,0,0,14,0,0,38,140,234,250,2
2025wass_f1m2,f,1,2,frc2412,frc9998,frc9994,frc2412,frc9993,frc3636,frc1425,red,,,,,,,,,,,,,,,,,,,,,,,,250,250,193,red,0,68,0,1,7,Yes,Yes,Yes,9,16,0,0,0,26,Parked,DeepCage,DeepCage,0,0,0,0,0,0,14,0,0,38,140,234,250,2
2025wass_f1m2,f,1,2,frc9993,frc9998,frc9994,frc2412,frc9993,frc3636,frc1425,blue,,,,,,,,,,,,,,,,,,,,,,,,250,193,193,red,0,52,0,4,28,Yes,Yes,Yes,9,37,0,0,0,14,None,Parked,DeepCage,0,0,0,0,0,0,1,0,0,26,90,156,193,8
2025wass_f1m2,f,1,2,frc3636,frc9998,frc9994,frc2412,frc9993,frc3636,frc1425,blue,,,,,,,,,,,,,,,,,,,,,,,,250,193,193,red,0,52,0,4,28,Yes,Yes,Yes,9,37,0,0,0,14,None,Parked,DeepCage,0,0,0,0,0,0,1,0,0,26,90,156,193,8
2025wass_f1m2,f,1,2,frc1425,frc9998,frc9994,frc2412,frc9993,frc3636,frc1425,blue,,,,,,,,,,,,,,,,,,,,,,,,250,193,193,red,0,52,0,4,28,Yes,Yes,Yes,9,37,0,0,0,14,None,Parked,DeepCage,0,0,0,0,0,0,1,0,0,26,90,156,193,8
2025wass_sf1m1,sf,1,1,frc4488,frc4488,frc5468,frc3674,frc2811,frc3636,frc1425,red,,,,,,,,,,,,,,,,,,,,,,,,169,169,171,blue,0,0,0,5,35,Yes,Yes,Yes,9,44,0,0,0,26,Parked,DeepCage,DeepCage,0,0,0,0,0,0,0,0,1,30,99,125,169,0
2025wass_sf1m1,sf,1,1,frc5468,frc4488,frc5468,frc3674,frc2811,frc3636,frc1425,red,,,,,,,,,,,,,,,,,,,,,,,,169,169,171,blue,0,0,0,5,35,Yes,Yes,Yes,9,44,0,0,0,26,Parked,DeepCage,DeepCage,0,0,0,0,0,0,0,0,1,30,99,125,169,0
2025wass_sf1m1,sf,1,1,frc3674,frc4488,frc5468,frc3674,frc2811,frc3636,frc1425,red,,,,,,,,,,,,,,,,,,,,,,,,169,169,171,blue,0,0,0,5,35,Yes,Yes,Yes,9,44,0,0,0,26,Parked,DeepCage,DeepCage,0,0,0,0,0,0,0,0,1,30,99,125,169,0
2025wass_sf1m1,sf,1,1,frc2811,frc4488,frc5468,frc3674,frc2811,frc3636,frc1425,blue,,,,,,,,,,,,,,,,,,,,,,,,169,171,171,blue,0,20,0,3,17,Yes,Yes,Yes,9,26,0,0,0,16,Parked,Parked,DeepCage,0,6,0,0,0,0,5,0,0,27,103,139,171,0
2025wass_sf1m1,sf,1,1,frc3636,frc4488,frc5468,frc3674,frc2811,frc3636,frc1425,blue,,,,,,,,,,,,,,,,,,,,,,,,169,171,171,blue,0,20,0,3,17,Yes,Yes,Yes,9,26,0,0,0,16,Parked,Parked,DeepCage,0,6,0,0,0,0,5,0,0,27,103,139,171,0
2025wass_sf1m1,sf,1,1,frc1425,frc4488,frc5468,frc3674,frc2811,frc3636,frc1425,blue,,,,,,,,,,,,,,,,,,,,,,,,169,171,171,blue,0,20,0,3,17,Yes,Yes,Yes,9,26,0,0,0,16,Parked,Parked,DeepCage,0,6,0,0,0,0,5,0,0,27,103,139,171,0
2025wass_sf2m1,sf,2,1,frc9998,frc9998,frc9994,frc2412,frc1540,frc9450,frc6696,red,,,,,,,,,,,,,,,,,,,,,,,,187,187,158,red,0,28,0,6,42,Yes,Yes,Yes,9,51,0,0,0,6,Parked,Parked,Parked,0,0,0,0,0,0,7,0,0,34,102,136,187,0
2025wass_sf2m1,sf,2,1,frc9994,frc9998,frc9994,frc2412,frc1540,frc9450,frc6696,red,,,,,,,,,,,,,,,,,,,,,,,,187,187,158,red,0,28,0,6,42,Yes,Yes,Yes,9,51,0,0,0,6,Parked,Parked,Parked,0,0,0,0,0,0,7,0,0,34,102,136,187,0
2025wass_sf2m1,sf,2,1,frc2412,frc9998,frc9994,frc2412,frc1540,frc9450,frc6696,red,,,,,,,,,,,,,,,,,,,,,,,,187,187,158,red,0,28,0,6,42,Yes,Yes,Yes,9,51,0,0,0,6,Parked,Parked,Parked,0,0,0,0,0,0,7,0,0,34,102,136,187,0
2025wass_sf2m1,sf,2,1,frc1540,frc9998,frc9994,frc2412,frc1540,frc9450,frc6696,blue,,,,,,,,,,,,,,,,,,,,,,,,187,158,158,red,0,24,0,2,14,Yes,Yes,Yes,9,23,0,0,0,6,Parked,Parked,Parked,0,0,0,0,0,0,6,0,0,27,105,135,158,0
2025wass_sf2m1,sf,2,1,frc9450,frc9998,frc9994,frc2412,frc1540,frc9450,frc6696,blue,,,,,,,,,,,,,,,,,,,,,,,,187,158,158,red,0,24,0,2,14,Yes,Yes,Yes,9,23,0,0,0,6,Parked,Parked,Parked,0,0,0,0,0,0,6,0,0,27,105,135,158,0
2025wass_sf2m1,sf,2,1,frc6696,frc9998,frc9994,frc2412,frc1540,frc9450,frc6696,blue,,,,,,,,,,,,,,,,,,,,,,,,187,158,158,red,0,24,0,2,14,Yes,Yes,Yes,9,23,0,0,0,6,Parked,Parked,Parked,0,0,0,0,0,0,6,0,0,27,105,135,158,0
2025wass_sf3m1,sf,3,1,frc2811,frc2811,frc3636,frc1425,frc9998,frc9994,frc2412,red,,,,,,,,,,,,,,,,,,,,,,,,155,155,229,blue,0,12,0,6,34,Yes,Yes,Yes,9,43,0,0,0,4,Parked,None,Parked,0,6,0,0,0,0,0,0,0,26,90,106,155,2
2025wass_sf3m1,sf,3,1,frc3636,frc2811,frc3636,frc1425,frc9998,frc9994,frc2412,red,,,,,,,,,,,,,,,,,,,,,,,,155,155,229,blue,0,12,0,6,34,Yes,Yes,Yes,9,43,0,0,0,4,Parked,None,Parked,0,6,0,0,0,0,0,0,0,26,90,106,155,2
2025wass_sf3m1,sf,3,1,frc1425,frc2811,frc3636,frc1425,frc9998,frc9994,frc2412,red,,,,,,,,,,,,,,,,,,,,,,,,155,155,229,blue,0,12,0,6,34,Yes,Yes,Yes,9,43,0,0,0,4,Parked,None,Parked,0,6,0,0,0,0,0,0,0,26,90,106,155,2
2025wass_sf3m1,sf,3,1,frc9998,frc2811,frc3636,frc1425,frc9998,frc9994,frc2412,blue,,,,,,,,,,,,,,,,,,,,,,,,155,229,229,blue,0,40,0,3,21,Yes,Yes,Yes,9,30,0,0,0,26,Parked,DeepCage,DeepCage,0,0,0,0,0,0,10,0,1,40,133,199,229,0
2025wass_sf3m1,sf,3,1,frc9994,frc2811,frc3636,frc1425,frc9998,frc9994,frc2412,blue,,,,,,,,,,,,,,,,,,,,,,,,155,229,229,blue,0,40,0,3,21,Yes,Yes,Yes,9,30,0,0,0,26,Parked,DeepCage,DeepCage,0,0,0,0,0,0,10,0,1,40,133,199,229,0
2025wass_sf3m1,sf,3,1,frc2412,frc2811,frc3636,frc1425,frc9998,frc9994,frc2412,blue,,,,,,,,,,,,,,,,,,,,,,,,155,229,229,blue,0,40,0,3,21,Yes,Yes,Yes,9,30,0,0,0,26,Parked,DeepCage,DeepCage,0,0,0,0,0,0,10,0,1,40,133,199,229,0
2025wass_sf4m1,sf,4,1,frc4488,frc4488,frc5468,frc3674,frc6443,frc9450,frc6696,red,,,,,,,,,,,,,,,,,,,,,,,,100,100,177,blue,0,0,0,5,35,Yes,Yes,Yes,9,44,0,0,0,16,Parked,DeepCage,Parked,0,0,0,0,0,0,0,0,0,16,40,56,100,0
2025wass_sf4m1,sf,4,1,frc5468,frc4488,frc5468,frc3674,frc6443,frc9450,frc6696,red,,,,,,,,,,,,,,,,,,,,,,,,100,100,177,blue,0,0,0,5,35,Yes,Yes,Yes,9,44,0,0,0,16,Parked,DeepCage,Parked,0,0,0,0,0,0,0,0,0,16,40,56,100,0
2025wass_sf4m1,sf,4,1,frc3674,frc4488,frc5468,frc3674,frc6443,frc9450,frc6696,red,,,,,,,,,,,,,,,,,,,,,,,,100,100,177,blue,0,0,0,5,35,Yes,Yes,Yes,9,44,0,0,0,16,Parked,DeepCage,Parked,0,0,0,0,0,0,0,0,0,16,40,56,100,0
2025wass_sf4m1,sf,4,1,frc6443,frc4488,frc5468,frc3674,frc6443,frc9450,frc6696,blue,,,,,,,,,,,,,,,,,,,,,,,,100,177,177,blue,0,28,0,3,21,Yes,Yes,Yes,9,30,0,0,0,24,DeepCage,DeepCage,None,0,0,0,0,0,0,7,0,0,25,95,147,177,0
2025wass_sf4m1,sf,4,1,frc9450,frc4488,frc5468,frc3674,frc6443,frc9450,frc6696,blue,,,,,,,,,,,,,,,,,,,,,,,,100,177,177,blue,0,28,0,3,21,Yes,Yes,Yes,9,30,0,0,0,24,DeepCage,DeepCage,None,0,0,0,0,0,0,7,0,0,25,95,147,177,0
2025wass_sf4m1,sf,4,1,frc6696,frc4488,frc5468,frc3674,frc6443,frc9450,frc6696,blue,,,,,,,,,,,,,,,,,,,,,,,,100,177,177,blue,0,28,0,3,21,Yes,Yes,Yes,9,30,0,0,0,24,DeepCage,DeepCage,None,0,0,0,0,0,0,7,0,0,25,95,147,177,0
2025wass_sf5m1,sf,5,1,frc9993,frc9993,frc3636,frc1425,frc6443,frc9450,frc6696,red,,,,,,,,,,,,,,,,,,,,,,,,199,199,197,red,0,48,0,5,35,Yes,Yes,Yes,9,44,0,0,0,14,None,Parked,DeepCage,2,0,0,0,0,0,0,0,0,28,93,155,199,8
2025wass_sf5m1,sf,5,1,frc3636,frc9993,frc3636,frc1425,frc6443,frc9450,frc6696,red,,,,,,,,,,,,,,,,,,,,,,,,199,199,197,red,0,48,0,5,35,Yes,Yes,Yes,9,44,0,0,0,14,None,Parked,DeepCage,2,0,0,0,0,0,0,0,0,28,93,155,199,8
2025wass_sf5m1,sf,5,1,frc1425,frc9993,frc3636,frc1425,frc6443,frc9450,frc6696,red,,,,,,,,,,,,,,,,,,,,,,,,199,199,197,red,0,48,0,5,35,Yes,Yes,Yes,9,44,0,0,0,14,None,Parked,DeepCage,2,0,0,0,0,0,0,0,0,28,93,155,199,8
2025wass_sf5m1,sf,5,1,frc6443,frc9993,frc3636,frc1425,frc6443,frc9450,frc6696,blue,,,,,,,,,,,,,,,,,,,,,,,,199,197,197,red,0,32,0,3,21,Yes,Yes,Yes,9,30,0,0,0,26,DeepCage,DeepCage,Parked,0,4,0,0,0,0,8,0,0,30,105,163,197,0
2025wass_sf5m1,sf,5,1,frc9450,frc9993,frc3636,frc1425,frc6443,frc9450,frc6696,blue,,,,,,,,,,,,,,,,,,,,,,,,199,197,197,red,0,32,0,3,21,Yes,Yes,Yes,9,30,0,0,0,26,DeepCage,DeepCage,Parked,0,4,0,0,0,0,8,0,0,30,105,163,197,0
2025wass_sf5m1,sf,5,1,frc6696,frc9993,frc3636,frc1425,frc6443,frc9450,frc6696,blue,,,,,,,,,,,,,,,,,,,,,,,,199,197,197,red,0,32,0,3,21,Yes,Yes,Yes,9,30,0,0,0,26,DeepCage,DeepCage,Parked,0,4,0,0,0,0,8,0,0,30,105,163,197,0